source_record_id,role,repository,accession,url,is_direct,file_type,size_bytes,size_basis,count_in_storage,retrieved_date,notes
humanbrain,raw,NEMO Archive,dat-d6r90fb,https://assets.nemoarchive.org/dat-d6r90fb,false,collection,0,not exposed,false,2026-08-01,Collection landing page; download is packaged by NEMO.
humanbrain,raw,repository,,https://www.ncbi.nlm.nih.gov/geo/query/acc.cgi?acc=GSE244618,false,repository landing page,0,not exposed,false,2026-08-01,
humanbrain,raw,ENA,SRR26212824,https://ftp.sra.ebi.ac.uk/vol1/fastq/SRR262/024/SRR26212824/SRR26212824_1.fastq.gz,true,FASTQ,21159410043,exact ENA fastq_bytes,true,2026-08-01,ATAC-seq
humanbrain,raw,ENA,SRR26212824,https://ftp.sra.ebi.ac.uk/vol1/fastq/SRR262/024/SRR26212824/SRR26212824_2.fastq.gz,true,FASTQ,20980622448,exact ENA fastq_bytes,true,2026-08-01,ATAC-seq
humanbrain,raw,ENA,SRR26212829,https://ftp.sra.ebi.ac.uk/vol1/fastq/SRR262/029/SRR26212829/SRR26212829_1.fastq.gz,true,FASTQ,13190049840,exact ENA fastq_bytes,true,2026-08-01,ATAC-seq
humanbrain,raw,ENA,SRR26212829,https://ftp.sra.ebi.ac.uk/vol1/fastq/SRR262/029/SRR26212829/SRR26212829_2.fastq.gz,true,FASTQ,13122317747,exact ENA fastq_bytes,true,2026-08-01,ATAC-seq
humanbrain,raw,ENA,SRR26212830,https://ftp.sra.ebi.ac.uk/vol1/fastq/SRR262/030/SRR26212830/SRR26212830_1.fastq.gz,true,FASTQ,9884682461,exact ENA fastq_bytes,true,2026-08-01,ATAC-seq
humanbrain,raw,ENA,SRR26212830,https://ftp.sra.ebi.ac.uk/vol1/fastq/SRR262/030/SRR26212830/SRR26212830_2.fastq.gz,true,FASTQ,9839113367,exact ENA fastq_bytes,true,2026-08-01,ATAC-seq
humanbrain,raw,ENA,SRR26212833,https://ftp.sra.ebi.ac.uk/vol1/fastq/SRR262/033/SRR26212833/SRR26212833_1.fastq.gz,true,FASTQ,9274906611,exact ENA fastq_bytes,true,2026-08-01,ATAC-seq
humanbrain,raw,ENA,SRR26212833,https://ftp.sra.ebi.ac.uk/vol1/fastq/SRR262/033/SRR26212833/SRR26212833_2.fastq.gz,true,FASTQ,9224651956,exact ENA fastq_bytes,true,2026-08-01,ATAC-seq
humanbrain,raw,ENA,SRR26212836,https://ftp.sra.ebi.ac.uk/vol1/fastq/SRR262/036/SRR26212836/SRR26212836_1.fastq.gz,true,FASTQ,19017635053,exact ENA fastq_bytes,true,2026-08-01,ATAC-seq
humanbrain,raw,ENA,SRR26212836,https://ftp.sra.ebi.ac.uk/vol1/fastq/SRR262/036/SRR26212836/SRR26212836_2.fastq.gz,true,FASTQ,18938660796,exact ENA fastq_bytes,true,2026-08-01,ATAC-seq
humanbrain,raw,ENA,SRR26212837,https://ftp.sra.ebi.ac.uk/vol1/fastq/SRR262/037/SRR26212837/SRR26212837_1.fastq.gz,true,FASTQ,19377485510,exact ENA fastq_bytes,true,2026-08-01,ATAC-seq
humanbrain,raw,ENA,SRR26212837,https://ftp.sra.ebi.ac.uk/vol1/fastq/SRR262/037/SRR26212837/SRR26212837_2.fastq.gz,true,FASTQ,19216630774,exact ENA fastq_bytes,true,2026-08-01,ATAC-seq
humanbrain,raw,ENA,SRR26212841,https://ftp.sra.ebi.ac.uk/vol1/fastq/SRR262/041/SRR26212841/SRR26212841_1.fastq.gz,true,FASTQ,19446811431,exact ENA fastq_bytes,true,2026-08-01,ATAC-seq
humanbrain,raw,ENA,SRR26212841,https://ftp.sra.ebi.ac.uk/vol1/fastq/SRR262/041/SRR26212841/SRR26212841_2.fastq.gz,true,FASTQ,19344466667,exact ENA fastq_bytes,true,2026-08-01,ATAC-seq
humanbrain,raw,ENA,SRR26212846,https://ftp.sra.ebi.ac.uk/vol1/fastq/SRR262/046/SRR26212846/SRR26212846_1.fastq.gz,true,FASTQ,18104930890,exact ENA fastq_bytes,true,2026-08-01,ATAC-seq
humanbrain,raw,ENA,SRR26212846,https://ftp.sra.ebi.ac.uk/vol1/fastq/SRR262/046/SRR26212846/SRR26212846_2.fastq.gz,true,FASTQ,17981690648,exact ENA fastq_bytes,true,2026-08-01,ATAC-seq
humanbrain,raw,ENA,SRR26212848,https://ftp.sra.ebi.ac.uk/vol1/fastq/SRR262/048/SRR26212848/SRR26212848_1.fastq.gz,true,FASTQ,9471929773,exact ENA fastq_bytes,true,2026-08-01,ATAC-seq
humanbrain,raw,ENA,SRR26212848,https://ftp.sra.ebi.ac.uk/vol1/fastq/SRR262/048/SRR26212848/SRR26212848_2.fastq.gz,true,FASTQ,9369367439,exact ENA fastq_bytes,true,2026-08-01,ATAC-seq
humanbrain,raw,ENA,SRR26212849,https://ftp.sra.ebi.ac.uk/vol1/fastq/SRR262/049/SRR26212849/SRR26212849_1.fastq.gz,true,FASTQ,13772499385,exact ENA fastq_bytes,true,2026-08-01,ATAC-seq
humanbrain,raw,ENA,SRR26212849,https://ftp.sra.ebi.ac.uk/vol1/fastq/SRR262/049/SRR26212849/SRR26212849_2.fastq.gz,true,FASTQ,13645661256,exact ENA fastq_bytes,true,2026-08-01,ATAC-seq
humanbrain,raw,ENA,SRR26212856,https://ftp.sra.ebi.ac.uk/vol1/fastq/SRR262/056/SRR26212856/SRR26212856_1.fastq.gz,true,FASTQ,8880145993,exact ENA fastq_bytes,true,2026-08-01,ATAC-seq
humanbrain,raw,ENA,SRR26212856,https://ftp.sra.ebi.ac.uk/vol1/fastq/SRR262/056/SRR26212856/SRR26212856_2.fastq.gz,true,FASTQ,8821137246,exact ENA fastq_bytes,true,2026-08-01,ATAC-seq
humanbrain,raw,ENA,SRR26212860,https://ftp.sra.ebi.ac.uk/vol1/fastq/SRR262/060/SRR26212860/SRR26212860_1.fastq.gz,true,FASTQ,6427783412,exact ENA fastq_bytes,true,2026-08-01,ATAC-seq
humanbrain,raw,ENA,SRR26212860,https://ftp.sra.ebi.ac.uk/vol1/fastq/SRR262/060/SRR26212860/SRR26212860_2.fastq.gz,true,FASTQ,6377610383,exact ENA fastq_bytes,true,2026-08-01,ATAC-seq
humanbrain,raw,ENA,SRR26212868,https://ftp.sra.ebi.ac.uk/vol1/fastq/SRR262/068/SRR26212868/SRR26212868_1.fastq.gz,true,FASTQ,9934759614,exact ENA fastq_bytes,true,2026-08-01,ATAC-seq
humanbrain,raw,ENA,SRR26212868,https://ftp.sra.ebi.ac.uk/vol1/fastq/SRR262/068/SRR26212868/SRR26212868_2.fastq.gz,true,FASTQ,9894225471,exact ENA fastq_bytes,true,2026-08-01,ATAC-seq
humanbrain,raw,ENA,SRR26212870,https://ftp.sra.ebi.ac.uk/vol1/fastq/SRR262/070/SRR26212870/SRR26212870_1.fastq.gz,true,FASTQ,15013718131,exact ENA fastq_bytes,true,2026-08-01,ATAC-seq
humanbrain,raw,ENA,SRR26212870,https://ftp.sra.ebi.ac.uk/vol1/fastq/SRR262/070/SRR26212870/SRR26212870_2.fastq.gz,true,FASTQ,14893061748,exact ENA fastq_bytes,true,2026-08-01,ATAC-seq
humanbrain,raw,ENA,SRR26212871,https://ftp.sra.ebi.ac.uk/vol1/fastq/SRR262/071/SRR26212871/SRR26212871_1.fastq.gz,true,FASTQ,15290198646,exact ENA fastq_bytes,true,2026-08-01,ATAC-seq
humanbrain,raw,ENA,SRR26212871,https://ftp.sra.ebi.ac.uk/vol1/fastq/SRR262/071/SRR26212871/SRR26212871_2.fastq.gz,true,FASTQ,15153537006,exact ENA fastq_bytes,true,2026-08-01,ATAC-seq
humanbrain,raw,ENA,SRR26212872,https://ftp.sra.ebi.ac.uk/vol1/fastq/SRR262/072/SRR26212872/SRR26212872_1.fastq.gz,true,FASTQ,20983792910,exact ENA fastq_bytes,true,2026-08-01,ATAC-seq
humanbrain,raw,ENA,SRR26212872,https://ftp.sra.ebi.ac.uk/vol1/fastq/SRR262/072/SRR26212872/SRR26212872_2.fastq.gz,true,FASTQ,20903813668,exact ENA fastq_bytes,true,2026-08-01,ATAC-seq
humanbrain,raw,ENA,SRR26212876,https://ftp.sra.ebi.ac.uk/vol1/fastq/SRR262/076/SRR26212876/SRR26212876_1.fastq.gz,true,FASTQ,10809501060,exact ENA fastq_bytes,true,2026-08-01,ATAC-seq
humanbrain,raw,ENA,SRR26212876,https://ftp.sra.ebi.ac.uk/vol1/fastq/SRR262/076/SRR26212876/SRR26212876_2.fastq.gz,true,FASTQ,10737594831,exact ENA fastq_bytes,true,2026-08-01,ATAC-seq
humanbrain,raw,ENA,SRR26212878,https://ftp.sra.ebi.ac.uk/vol1/fastq/SRR262/078/SRR26212878/SRR26212878_1.fastq.gz,true,FASTQ,25570804445,exact ENA fastq_bytes,true,2026-08-01,ATAC-seq
humanbrain,raw,ENA,SRR26212878,https://ftp.sra.ebi.ac.uk/vol1/fastq/SRR262/078/SRR26212878/SRR26212878_2.fastq.gz,true,FASTQ,25365740549,exact ENA fastq_bytes,true,2026-08-01,ATAC-seq
humanbrain,raw,ENA,SRR26212881,https://ftp.sra.ebi.ac.uk/vol1/fastq/SRR262/081/SRR26212881/SRR26212881_1.fastq.gz,true,FASTQ,14072126801,exact ENA fastq_bytes,true,2026-08-01,ATAC-seq
humanbrain,raw,ENA,SRR26212881,https://ftp.sra.ebi.ac.uk/vol1/fastq/SRR262/081/SRR26212881/SRR26212881_2.fastq.gz,true,FASTQ,13976303898,exact ENA fastq_bytes,true,2026-08-01,ATAC-seq
humanbrain,raw,ENA,SRR26212883,https://ftp.sra.ebi.ac.uk/vol1/fastq/SRR262/083/SRR26212883/SRR26212883_1.fastq.gz,true,FASTQ,5402633971,exact ENA fastq_bytes,true,2026-08-01,ATAC-seq
humanbrain,raw,ENA,SRR26212883,https://ftp.sra.ebi.ac.uk/vol1/fastq/SRR262/083/SRR26212883/SRR26212883_2.fastq.gz,true,FASTQ,5358718583,exact ENA fastq_bytes,true,2026-08-01,ATAC-seq
humanbrain,raw,ENA,SRR26212885,https://ftp.sra.ebi.ac.uk/vol1/fastq/SRR262/085/SRR26212885/SRR26212885_1.fastq.gz,true,FASTQ,19711988861,exact ENA fastq_bytes,true,2026-08-01,ATAC-seq
humanbrain,raw,ENA,SRR26212885,https://ftp.sra.ebi.ac.uk/vol1/fastq/SRR262/085/SRR26212885/SRR26212885_2.fastq.gz,true,FASTQ,19470847973,exact ENA fastq_bytes,true,2026-08-01,ATAC-seq
humanbrain,raw,ENA,SRR26212886,https://ftp.sra.ebi.ac.uk/vol1/fastq/SRR262/086/SRR26212886/SRR26212886_1.fastq.gz,true,FASTQ,6571189585,exact ENA fastq_bytes,true,2026-08-01,ATAC-seq
humanbrain,raw,ENA,SRR26212886,https://ftp.sra.ebi.ac.uk/vol1/fastq/SRR262/086/SRR26212886/SRR26212886_2.fastq.gz,true,FASTQ,6518486239,exact ENA fastq_bytes,true,2026-08-01,ATAC-seq
humanbrain,raw,ENA,SRR26212890,https://ftp.sra.ebi.ac.uk/vol1/fastq/SRR262/090/SRR26212890/SRR26212890_1.fastq.gz,true,FASTQ,20026492423,exact ENA fastq_bytes,true,2026-08-01,ATAC-seq
humanbrain,raw,ENA,SRR26212890,https://ftp.sra.ebi.ac.uk/vol1/fastq/SRR262/090/SRR26212890/SRR26212890_2.fastq.gz,true,FASTQ,19949828153,exact ENA fastq_bytes,true,2026-08-01,ATAC-seq
humanbrain,raw,ENA,SRR26212899,https://ftp.sra.ebi.ac.uk/vol1/fastq/SRR262/099/SRR26212899/SRR26212899_1.fastq.gz,true,FASTQ,23498427901,exact ENA fastq_bytes,true,2026-08-01,ATAC-seq
humanbrain,raw,ENA,SRR26212899,https://ftp.sra.ebi.ac.uk/vol1/fastq/SRR262/099/SRR26212899/SRR26212899_2.fastq.gz,true,FASTQ,23360472596,exact ENA fastq_bytes,true,2026-08-01,ATAC-seq
humanbrain,raw,ENA,SRR26212902,https://ftp.sra.ebi.ac.uk/vol1/fastq/SRR262/002/SRR26212902/SRR26212902_1.fastq.gz,true,FASTQ,7471486270,exact ENA fastq_bytes,true,2026-08-01,ATAC-seq
humanbrain,raw,ENA,SRR26212902,https://ftp.sra.ebi.ac.uk/vol1/fastq/SRR262/002/SRR26212902/SRR26212902_2.fastq.gz,true,FASTQ,7395055490,exact ENA fastq_bytes,true,2026-08-01,ATAC-seq
humanbrain,raw,ENA,SRR26212903,https://ftp.sra.ebi.ac.uk/vol1/fastq/SRR262/003/SRR26212903/SRR26212903_1.fastq.gz,true,FASTQ,15826841524,exact ENA fastq_bytes,true,2026-08-01,ATAC-seq
humanbrain,raw,ENA,SRR26212903,https://ftp.sra.ebi.ac.uk/vol1/fastq/SRR262/003/SRR26212903/SRR26212903_2.fastq.gz,true,FASTQ,15720718303,exact ENA fastq_bytes,true,2026-08-01,ATAC-seq
humanbrain,raw,ENA,SRR26212904,https://ftp.sra.ebi.ac.uk/vol1/fastq/SRR262/004/SRR26212904/SRR26212904_1.fastq.gz,true,FASTQ,8158428569,exact ENA fastq_bytes,true,2026-08-01,ATAC-seq
humanbrain,raw,ENA,SRR26212904,https://ftp.sra.ebi.ac.uk/vol1/fastq/SRR262/004/SRR26212904/SRR26212904_2.fastq.gz,true,FASTQ,8112573671,exact ENA fastq_bytes,true,2026-08-01,ATAC-seq
humanbrain,raw,ENA,SRR26212911,https://ftp.sra.ebi.ac.uk/vol1/fastq/SRR262/011/SRR26212911/SRR26212911_1.fastq.gz,true,FASTQ,9056315495,exact ENA fastq_bytes,true,2026-08-01,ATAC-seq
humanbrain,raw,ENA,SRR26212911,https://ftp.sra.ebi.ac.uk/vol1/fastq/SRR262/011/SRR26212911/SRR26212911_2.fastq.gz,true,FASTQ,9011315560,exact ENA fastq_bytes,true,2026-08-01,ATAC-seq
humanbrain,raw,ENA,SRR26212913,https://ftp.sra.ebi.ac.uk/vol1/fastq/SRR262/013/SRR26212913/SRR26212913_1.fastq.gz,true,FASTQ,3493896586,exact ENA fastq_bytes,true,2026-08-01,ATAC-seq
humanbrain,raw,ENA,SRR26212913,https://ftp.sra.ebi.ac.uk/vol1/fastq/SRR262/013/SRR26212913/SRR26212913_2.fastq.gz,true,FASTQ,3483250149,exact ENA fastq_bytes,true,2026-08-01,ATAC-seq
humanbrain,raw,ENA,SRR26212916,https://ftp.sra.ebi.ac.uk/vol1/fastq/SRR262/016/SRR26212916/SRR26212916_1.fastq.gz,true,FASTQ,6754014871,exact ENA fastq_bytes,true,2026-08-01,ATAC-seq
humanbrain,raw,ENA,SRR26212916,https://ftp.sra.ebi.ac.uk/vol1/fastq/SRR262/016/SRR26212916/SRR26212916_2.fastq.gz,true,FASTQ,6676913792,exact ENA fastq_bytes,true,2026-08-01,ATAC-seq
humanbrain,raw,ENA,SRR26212920,https://ftp.sra.ebi.ac.uk/vol1/fastq/SRR262/020/SRR26212920/SRR26212920_1.fastq.gz,true,FASTQ,13747519270,exact ENA fastq_bytes,true,2026-08-01,ATAC-seq
humanbrain,raw,ENA,SRR26212920,https://ftp.sra.ebi.ac.uk/vol1/fastq/SRR262/020/SRR26212920/SRR26212920_2.fastq.gz,true,FASTQ,13632356485,exact ENA fastq_bytes,true,2026-08-01,ATAC-seq
humanbrain,raw,ENA,SRR26212925,https://ftp.sra.ebi.ac.uk/vol1/fastq/SRR262/025/SRR26212925/SRR26212925_1.fastq.gz,true,FASTQ,9788439692,exact ENA fastq_bytes,true,2026-08-01,ATAC-seq
humanbrain,raw,ENA,SRR26212925,https://ftp.sra.ebi.ac.uk/vol1/fastq/SRR262/025/SRR26212925/SRR26212925_2.fastq.gz,true,FASTQ,9749429641,exact ENA fastq_bytes,true,2026-08-01,ATAC-seq
humanbrain,raw,ENA,SRR26212931,https://ftp.sra.ebi.ac.uk/vol1/fastq/SRR262/031/SRR26212931/SRR26212931_1.fastq.gz,true,FASTQ,14899779697,exact ENA fastq_bytes,true,2026-08-01,ATAC-seq
humanbrain,raw,ENA,SRR26212931,https://ftp.sra.ebi.ac.uk/vol1/fastq/SRR262/031/SRR26212931/SRR26212931_2.fastq.gz,true,FASTQ,14755025657,exact ENA fastq_bytes,true,2026-08-01,ATAC-seq
humanbrain,raw,ENA,SRR26212936,https://ftp.sra.ebi.ac.uk/vol1/fastq/SRR262/036/SRR26212936/SRR26212936_1.fastq.gz,true,FASTQ,16642818080,exact ENA fastq_bytes,true,2026-08-01,ATAC-seq
humanbrain,raw,ENA,SRR26212936,https://ftp.sra.ebi.ac.uk/vol1/fastq/SRR262/036/SRR26212936/SRR26212936_2.fastq.gz,true,FASTQ,16592558438,exact ENA fastq_bytes,true,2026-08-01,ATAC-seq
humanbrain,raw,ENA,SRR26212938,https://ftp.sra.ebi.ac.uk/vol1/fastq/SRR262/038/SRR26212938/SRR26212938_1.fastq.gz,true,FASTQ,7077432355,exact ENA fastq_bytes,true,2026-08-01,ATAC-seq
humanbrain,raw,ENA,SRR26212938,https://ftp.sra.ebi.ac.uk/vol1/fastq/SRR262/038/SRR26212938/SRR26212938_2.fastq.gz,true,FASTQ,7050115093,exact ENA fastq_bytes,true,2026-08-01,ATAC-seq
humanbrain,raw,ENA,SRR26212939,https://ftp.sra.ebi.ac.uk/vol1/fastq/SRR262/039/SRR26212939/SRR26212939_1.fastq.gz,true,FASTQ,13727567003,exact ENA fastq_bytes,true,2026-08-01,ATAC-seq
humanbrain,raw,ENA,SRR26212939,https://ftp.sra.ebi.ac.uk/vol1/fastq/SRR262/039/SRR26212939/SRR26212939_2.fastq.gz,true,FASTQ,13689345033,exact ENA fastq_bytes,true,2026-08-01,ATAC-seq
humanbrain,raw,ENA,SRR26212815,https://ftp.sra.ebi.ac.uk/vol1/fastq/SRR262/015/SRR26212815/SRR26212815_1.fastq.gz,true,FASTQ,6455715225,exact ENA fastq_bytes,true,2026-08-01,ATAC-seq
humanbrain,raw,ENA,SRR26212815,https://ftp.sra.ebi.ac.uk/vol1/fastq/SRR262/015/SRR26212815/SRR26212815_2.fastq.gz,true,FASTQ,6398091827,exact ENA fastq_bytes,true,2026-08-01,ATAC-seq
humanbrain,raw,ENA,SRR26212816,https://ftp.sra.ebi.ac.uk/vol1/fastq/SRR262/016/SRR26212816/SRR26212816_1.fastq.gz,true,FASTQ,29696756086,exact ENA fastq_bytes,true,2026-08-01,ATAC-seq
humanbrain,raw,ENA,SRR26212816,https://ftp.sra.ebi.ac.uk/vol1/fastq/SRR262/016/SRR26212816/SRR26212816_2.fastq.gz,true,FASTQ,29416259912,exact ENA fastq_bytes,true,2026-08-01,ATAC-seq
humanbrain,raw,ENA,SRR26212818,https://ftp.sra.ebi.ac.uk/vol1/fastq/SRR262/018/SRR26212818/SRR26212818_1.fastq.gz,true,FASTQ,9452540581,exact ENA fastq_bytes,true,2026-08-01,ATAC-seq
humanbrain,raw,ENA,SRR26212818,https://ftp.sra.ebi.ac.uk/vol1/fastq/SRR262/018/SRR26212818/SRR26212818_2.fastq.gz,true,FASTQ,9383471422,exact ENA fastq_bytes,true,2026-08-01,ATAC-seq
humanbrain,raw,ENA,SRR26212820,https://ftp.sra.ebi.ac.uk/vol1/fastq/SRR262/020/SRR26212820/SRR26212820_1.fastq.gz,true,FASTQ,16213296935,exact ENA fastq_bytes,true,2026-08-01,ATAC-seq
humanbrain,raw,ENA,SRR26212820,https://ftp.sra.ebi.ac.uk/vol1/fastq/SRR262/020/SRR26212820/SRR26212820_2.fastq.gz,true,FASTQ,16134600529,exact ENA fastq_bytes,true,2026-08-01,ATAC-seq
humanbrain,raw,ENA,SRR26212826,https://ftp.sra.ebi.ac.uk/vol1/fastq/SRR262/026/SRR26212826/SRR26212826_1.fastq.gz,true,FASTQ,12345076479,exact ENA fastq_bytes,true,2026-08-01,ATAC-seq
humanbrain,raw,ENA,SRR26212826,https://ftp.sra.ebi.ac.uk/vol1/fastq/SRR262/026/SRR26212826/SRR26212826_2.fastq.gz,true,FASTQ,12287582049,exact ENA fastq_bytes,true,2026-08-01,ATAC-seq
humanbrain,raw,ENA,SRR26212828,https://ftp.sra.ebi.ac.uk/vol1/fastq/SRR262/028/SRR26212828/SRR26212828_1.fastq.gz,true,FASTQ,17606816723,exact ENA fastq_bytes,true,2026-08-01,ATAC-seq
humanbrain,raw,ENA,SRR26212828,https://ftp.sra.ebi.ac.uk/vol1/fastq/SRR262/028/SRR26212828/SRR26212828_2.fastq.gz,true,FASTQ,17398389344,exact ENA fastq_bytes,true,2026-08-01,ATAC-seq
humanbrain,raw,ENA,SRR26212832,https://ftp.sra.ebi.ac.uk/vol1/fastq/SRR262/032/SRR26212832/SRR26212832_1.fastq.gz,true,FASTQ,37352153688,exact ENA fastq_bytes,true,2026-08-01,ATAC-seq
humanbrain,raw,ENA,SRR26212832,https://ftp.sra.ebi.ac.uk/vol1/fastq/SRR262/032/SRR26212832/SRR26212832_2.fastq.gz,true,FASTQ,37137479117,exact ENA fastq_bytes,true,2026-08-01,ATAC-seq
humanbrain,raw,ENA,SRR26212834,https://ftp.sra.ebi.ac.uk/vol1/fastq/SRR262/034/SRR26212834/SRR26212834_1.fastq.gz,true,FASTQ,16397474715,exact ENA fastq_bytes,true,2026-08-01,ATAC-seq
humanbrain,raw,ENA,SRR26212834,https://ftp.sra.ebi.ac.uk/vol1/fastq/SRR262/034/SRR26212834/SRR26212834_2.fastq.gz,true,FASTQ,16258165178,exact ENA fastq_bytes,true,2026-08-01,ATAC-seq
humanbrain,raw,ENA,SRR26212839,https://ftp.sra.ebi.ac.uk/vol1/fastq/SRR262/039/SRR26212839/SRR26212839_1.fastq.gz,true,FASTQ,15007604216,exact ENA fastq_bytes,true,2026-08-01,ATAC-seq
humanbrain,raw,ENA,SRR26212839,https://ftp.sra.ebi.ac.uk/vol1/fastq/SRR262/039/SRR26212839/SRR26212839_2.fastq.gz,true,FASTQ,14932687234,exact ENA fastq_bytes,true,2026-08-01,ATAC-seq
humanbrain,raw,ENA,SRR26212840,https://ftp.sra.ebi.ac.uk/vol1/fastq/SRR262/040/SRR26212840/SRR26212840_1.fastq.gz,true,FASTQ,14195000229,exact ENA fastq_bytes,true,2026-08-01,ATAC-seq
humanbrain,raw,ENA,SRR26212840,https://ftp.sra.ebi.ac.uk/vol1/fastq/SRR262/040/SRR26212840/SRR26212840_2.fastq.gz,true,FASTQ,14080980232,exact ENA fastq_bytes,true,2026-08-01,ATAC-seq
humanbrain,raw,ENA,SRR26212843,https://ftp.sra.ebi.ac.uk/vol1/fastq/SRR262/043/SRR26212843/SRR26212843_1.fastq.gz,true,FASTQ,7267022238,exact ENA fastq_bytes,true,2026-08-01,ATAC-seq
humanbrain,raw,ENA,SRR26212843,https://ftp.sra.ebi.ac.uk/vol1/fastq/SRR262/043/SRR26212843/SRR26212843_2.fastq.gz,true,FASTQ,7209767392,exact ENA fastq_bytes,true,2026-08-01,ATAC-seq
humanbrain,raw,ENA,SRR26212847,https://ftp.sra.ebi.ac.uk/vol1/fastq/SRR262/047/SRR26212847/SRR26212847_1.fastq.gz,true,FASTQ,10541121758,exact ENA fastq_bytes,true,2026-08-01,ATAC-seq
humanbrain,raw,ENA,SRR26212847,https://ftp.sra.ebi.ac.uk/vol1/fastq/SRR262/047/SRR26212847/SRR26212847_2.fastq.gz,true,FASTQ,10486102149,exact ENA fastq_bytes,true,2026-08-01,ATAC-seq
humanbrain,raw,ENA,SRR26212851,https://ftp.sra.ebi.ac.uk/vol1/fastq/SRR262/051/SRR26212851/SRR26212851_1.fastq.gz,true,FASTQ,20959905000,exact ENA fastq_bytes,true,2026-08-01,ATAC-seq
humanbrain,raw,ENA,SRR26212851,https://ftp.sra.ebi.ac.uk/vol1/fastq/SRR262/051/SRR26212851/SRR26212851_2.fastq.gz,true,FASTQ,20855118413,exact ENA fastq_bytes,true,2026-08-01,ATAC-seq
humanbrain,raw,ENA,SRR26212852,https://ftp.sra.ebi.ac.uk/vol1/fastq/SRR262/052/SRR26212852/SRR26212852_1.fastq.gz,true,FASTQ,18143843981,exact ENA fastq_bytes,true,2026-08-01,ATAC-seq
humanbrain,raw,ENA,SRR26212852,https://ftp.sra.ebi.ac.uk/vol1/fastq/SRR262/052/SRR26212852/SRR26212852_2.fastq.gz,true,FASTQ,18026719832,exact ENA fastq_bytes,true,2026-08-01,ATAC-seq
humanbrain,raw,ENA,SRR26212854,https://ftp.sra.ebi.ac.uk/vol1/fastq/SRR262/054/SRR26212854/SRR26212854_1.fastq.gz,true,FASTQ,4574889767,exact ENA fastq_bytes,true,2026-08-01,ATAC-seq
humanbrain,raw,ENA,SRR26212854,https://ftp.sra.ebi.ac.uk/vol1/fastq/SRR262/054/SRR26212854/SRR26212854_2.fastq.gz,true,FASTQ,4535669587,exact ENA fastq_bytes,true,2026-08-01,ATAC-seq
humanbrain,raw,ENA,SRR26212859,https://ftp.sra.ebi.ac.uk/vol1/fastq/SRR262/059/SRR26212859/SRR26212859_1.fastq.gz,true,FASTQ,16891455190,exact ENA fastq_bytes,true,2026-08-01,ATAC-seq
humanbrain,raw,ENA,SRR26212859,https://ftp.sra.ebi.ac.uk/vol1/fastq/SRR262/059/SRR26212859/SRR26212859_2.fastq.gz,true,FASTQ,16702890714,exact ENA fastq_bytes,true,2026-08-01,ATAC-seq
humanbrain,raw,ENA,SRR26212861,https://ftp.sra.ebi.ac.uk/vol1/fastq/SRR262/061/SRR26212861/SRR26212861_1.fastq.gz,true,FASTQ,10512793143,exact ENA fastq_bytes,true,2026-08-01,ATAC-seq
humanbrain,raw,ENA,SRR26212861,https://ftp.sra.ebi.ac.uk/vol1/fastq/SRR262/061/SRR26212861/SRR26212861_2.fastq.gz,true,FASTQ,10458556372,exact ENA fastq_bytes,true,2026-08-01,ATAC-seq
humanbrain,raw,ENA,SRR26212862,https://ftp.sra.ebi.ac.uk/vol1/fastq/SRR262/062/SRR26212862/SRR26212862_1.fastq.gz,true,FASTQ,31951699928,exact ENA fastq_bytes,true,2026-08-01,ATAC-seq
humanbrain,raw,ENA,SRR26212862,https://ftp.sra.ebi.ac.uk/vol1/fastq/SRR262/062/SRR26212862/SRR26212862_2.fastq.gz,true,FASTQ,31794646252,exact ENA fastq_bytes,true,2026-08-01,ATAC-seq
humanbrain,raw,ENA,SRR26212864,https://ftp.sra.ebi.ac.uk/vol1/fastq/SRR262/064/SRR26212864/SRR26212864_1.fastq.gz,true,FASTQ,25547143632,exact ENA fastq_bytes,true,2026-08-01,ATAC-seq
humanbrain,raw,ENA,SRR26212864,https://ftp.sra.ebi.ac.uk/vol1/fastq/SRR262/064/SRR26212864/SRR26212864_2.fastq.gz,true,FASTQ,25392855218,exact ENA fastq_bytes,true,2026-08-01,ATAC-seq
humanbrain,raw,ENA,SRR26212865,https://ftp.sra.ebi.ac.uk/vol1/fastq/SRR262/065/SRR26212865/SRR26212865_1.fastq.gz,true,FASTQ,8284680785,exact ENA fastq_bytes,true,2026-08-01,ATAC-seq
humanbrain,raw,ENA,SRR26212865,https://ftp.sra.ebi.ac.uk/vol1/fastq/SRR262/065/SRR26212865/SRR26212865_2.fastq.gz,true,FASTQ,8243269698,exact ENA fastq_bytes,true,2026-08-01,ATAC-seq
humanbrain,raw,ENA,SRR26212866,https://ftp.sra.ebi.ac.uk/vol1/fastq/SRR262/066/SRR26212866/SRR26212866_1.fastq.gz,true,FASTQ,8473050900,exact ENA fastq_bytes,true,2026-08-01,ATAC-seq
humanbrain,raw,ENA,SRR26212866,https://ftp.sra.ebi.ac.uk/vol1/fastq/SRR262/066/SRR26212866/SRR26212866_2.fastq.gz,true,FASTQ,8380429104,exact ENA fastq_bytes,true,2026-08-01,ATAC-seq
humanbrain,raw,ENA,SRR26212869,https://ftp.sra.ebi.ac.uk/vol1/fastq/SRR262/069/SRR26212869/SRR26212869_1.fastq.gz,true,FASTQ,6075455945,exact ENA fastq_bytes,true,2026-08-01,ATAC-seq
humanbrain,raw,ENA,SRR26212869,https://ftp.sra.ebi.ac.uk/vol1/fastq/SRR262/069/SRR26212869/SRR26212869_2.fastq.gz,true,FASTQ,6022396251,exact ENA fastq_bytes,true,2026-08-01,ATAC-seq
humanbrain,raw,ENA,SRR26212873,https://ftp.sra.ebi.ac.uk/vol1/fastq/SRR262/073/SRR26212873/SRR26212873_1.fastq.gz,true,FASTQ,27818858804,exact ENA fastq_bytes,true,2026-08-01,ATAC-seq
humanbrain,raw,ENA,SRR26212873,https://ftp.sra.ebi.ac.uk/vol1/fastq/SRR262/073/SRR26212873/SRR26212873_2.fastq.gz,true,FASTQ,27504828300,exact ENA fastq_bytes,true,2026-08-01,ATAC-seq
humanbrain,raw,ENA,SRR26212879,https://ftp.sra.ebi.ac.uk/vol1/fastq/SRR262/079/SRR26212879/SRR26212879_1.fastq.gz,true,FASTQ,13777363050,exact ENA fastq_bytes,true,2026-08-01,ATAC-seq
humanbrain,raw,ENA,SRR26212879,https://ftp.sra.ebi.ac.uk/vol1/fastq/SRR262/079/SRR26212879/SRR26212879_2.fastq.gz,true,FASTQ,13686732852,exact ENA fastq_bytes,true,2026-08-01,ATAC-seq
humanbrain,raw,ENA,SRR26212880,https://ftp.sra.ebi.ac.uk/vol1/fastq/SRR262/080/SRR26212880/SRR26212880_1.fastq.gz,true,FASTQ,7241148332,exact ENA fastq_bytes,true,2026-08-01,ATAC-seq
humanbrain,raw,ENA,SRR26212880,https://ftp.sra.ebi.ac.uk/vol1/fastq/SRR262/080/SRR26212880/SRR26212880_2.fastq.gz,true,FASTQ,7196897208,exact ENA fastq_bytes,true,2026-08-01,ATAC-seq
humanbrain,raw,ENA,SRR26212882,https://ftp.sra.ebi.ac.uk/vol1/fastq/SRR262/082/SRR26212882/SRR26212882_1.fastq.gz,true,FASTQ,7780916934,exact ENA fastq_bytes,true,2026-08-01,ATAC-seq
humanbrain,raw,ENA,SRR26212882,https://ftp.sra.ebi.ac.uk/vol1/fastq/SRR262/082/SRR26212882/SRR26212882_2.fastq.gz,true,FASTQ,7734687803,exact ENA fastq_bytes,true,2026-08-01,ATAC-seq
humanbrain,raw,ENA,SRR26212884,https://ftp.sra.ebi.ac.uk/vol1/fastq/SRR262/084/SRR26212884/SRR26212884_1.fastq.gz,true,FASTQ,10884399388,exact ENA fastq_bytes,true,2026-08-01,ATAC-seq
humanbrain,raw,ENA,SRR26212884,https://ftp.sra.ebi.ac.uk/vol1/fastq/SRR262/084/SRR26212884/SRR26212884_2.fastq.gz,true,FASTQ,10822677232,exact ENA fastq_bytes,true,2026-08-01,ATAC-seq
humanbrain,raw,ENA,SRR26212887,https://ftp.sra.ebi.ac.uk/vol1/fastq/SRR262/087/SRR26212887/SRR26212887_1.fastq.gz,true,FASTQ,20477619684,exact ENA fastq_bytes,true,2026-08-01,ATAC-seq
humanbrain,raw,ENA,SRR26212887,https://ftp.sra.ebi.ac.uk/vol1/fastq/SRR262/087/SRR26212887/SRR26212887_2.fastq.gz,true,FASTQ,20350893871,exact ENA fastq_bytes,true,2026-08-01,ATAC-seq
humanbrain,raw,ENA,SRR26212888,https://ftp.sra.ebi.ac.uk/vol1/fastq/SRR262/088/SRR26212888/SRR26212888_1.fastq.gz,true,FASTQ,24589799303,exact ENA fastq_bytes,true,2026-08-01,ATAC-seq
humanbrain,raw,ENA,SRR26212888,https://ftp.sra.ebi.ac.uk/vol1/fastq/SRR262/088/SRR26212888/SRR26212888_2.fastq.gz,true,FASTQ,24504821755,exact ENA fastq_bytes,true,2026-08-01,ATAC-seq
humanbrain,raw,ENA,SRR26212892,https://ftp.sra.ebi.ac.uk/vol1/fastq/SRR262/092/SRR26212892/SRR26212892_1.fastq.gz,true,FASTQ,11298738565,exact ENA fastq_bytes,true,2026-08-01,ATAC-seq
humanbrain,raw,ENA,SRR26212892,https://ftp.sra.ebi.ac.uk/vol1/fastq/SRR262/092/SRR26212892/SRR26212892_2.fastq.gz,true,FASTQ,11212724765,exact ENA fastq_bytes,true,2026-08-01,ATAC-seq
humanbrain,raw,ENA,SRR26212893,https://ftp.sra.ebi.ac.uk/vol1/fastq/SRR262/093/SRR26212893/SRR26212893_1.fastq.gz,true,FASTQ,9028300831,exact ENA fastq_bytes,true,2026-08-01,ATAC-seq
humanbrain,raw,ENA,SRR26212893,https://ftp.sra.ebi.ac.uk/vol1/fastq/SRR262/093/SRR26212893/SRR26212893_2.fastq.gz,true,FASTQ,8966851079,exact ENA fastq_bytes,true,2026-08-01,ATAC-seq
humanbrain,raw,ENA,SRR26212894,https://ftp.sra.ebi.ac.uk/vol1/fastq/SRR262/094/SRR26212894/SRR26212894_1.fastq.gz,true,FASTQ,9415119815,exact ENA fastq_bytes,true,2026-08-01,ATAC-seq
humanbrain,raw,ENA,SRR26212894,https://ftp.sra.ebi.ac.uk/vol1/fastq/SRR262/094/SRR26212894/SRR26212894_2.fastq.gz,true,FASTQ,9360349372,exact ENA fastq_bytes,true,2026-08-01,ATAC-seq
humanbrain,raw,ENA,SRR26212895,https://ftp.sra.ebi.ac.uk/vol1/fastq/SRR262/095/SRR26212895/SRR26212895_1.fastq.gz,true,FASTQ,14342033561,exact ENA fastq_bytes,true,2026-08-01,ATAC-seq
humanbrain,raw,ENA,SRR26212895,https://ftp.sra.ebi.ac.uk/vol1/fastq/SRR262/095/SRR26212895/SRR26212895_2.fastq.gz,true,FASTQ,14240624612,exact ENA fastq_bytes,true,2026-08-01,ATAC-seq
humanbrain,raw,ENA,SRR26212901,https://ftp.sra.ebi.ac.uk/vol1/fastq/SRR262/001/SRR26212901/SRR26212901_1.fastq.gz,true,FASTQ,22006572586,exact ENA fastq_bytes,true,2026-08-01,ATAC-seq
humanbrain,raw,ENA,SRR26212901,https://ftp.sra.ebi.ac.uk/vol1/fastq/SRR262/001/SRR26212901/SRR26212901_2.fastq.gz,true,FASTQ,21906659511,exact ENA fastq_bytes,true,2026-08-01,ATAC-seq
humanbrain,raw,ENA,SRR26212907,https://ftp.sra.ebi.ac.uk/vol1/fastq/SRR262/007/SRR26212907/SRR26212907_1.fastq.gz,true,FASTQ,6700503400,exact ENA fastq_bytes,true,2026-08-01,ATAC-seq
humanbrain,raw,ENA,SRR26212907,https://ftp.sra.ebi.ac.uk/vol1/fastq/SRR262/007/SRR26212907/SRR26212907_2.fastq.gz,true,FASTQ,6653445243,exact ENA fastq_bytes,true,2026-08-01,ATAC-seq
humanbrain,raw,ENA,SRR26212909,https://ftp.sra.ebi.ac.uk/vol1/fastq/SRR262/009/SRR26212909/SRR26212909_1.fastq.gz,true,FASTQ,11463346884,exact ENA fastq_bytes,true,2026-08-01,ATAC-seq
humanbrain,raw,ENA,SRR26212909,https://ftp.sra.ebi.ac.uk/vol1/fastq/SRR262/009/SRR26212909/SRR26212909_2.fastq.gz,true,FASTQ,11401293196,exact ENA fastq_bytes,true,2026-08-01,ATAC-seq
humanbrain,raw,ENA,SRR26212910,https://ftp.sra.ebi.ac.uk/vol1/fastq/SRR262/010/SRR26212910/SRR26212910_1.fastq.gz,true,FASTQ,20000555015,exact ENA fastq_bytes,true,2026-08-01,ATAC-seq
humanbrain,raw,ENA,SRR26212910,https://ftp.sra.ebi.ac.uk/vol1/fastq/SRR262/010/SRR26212910/SRR26212910_2.fastq.gz,true,FASTQ,19895567591,exact ENA fastq_bytes,true,2026-08-01,ATAC-seq
humanbrain,raw,ENA,SRR26212912,https://ftp.sra.ebi.ac.uk/vol1/fastq/SRR262/012/SRR26212912/SRR26212912_1.fastq.gz,true,FASTQ,6881594266,exact ENA fastq_bytes,true,2026-08-01,ATAC-seq
humanbrain,raw,ENA,SRR26212912,https://ftp.sra.ebi.ac.uk/vol1/fastq/SRR262/012/SRR26212912/SRR26212912_2.fastq.gz,true,FASTQ,6813669088,exact ENA fastq_bytes,true,2026-08-01,ATAC-seq
humanbrain,raw,ENA,SRR26212917,https://ftp.sra.ebi.ac.uk/vol1/fastq/SRR262/017/SRR26212917/SRR26212917_1.fastq.gz,true,FASTQ,7436747707,exact ENA fastq_bytes,true,2026-08-01,ATAC-seq
humanbrain,raw,ENA,SRR26212917,https://ftp.sra.ebi.ac.uk/vol1/fastq/SRR262/017/SRR26212917/SRR26212917_2.fastq.gz,true,FASTQ,7402593019,exact ENA fastq_bytes,true,2026-08-01,ATAC-seq
humanbrain,raw,ENA,SRR26212919,https://ftp.sra.ebi.ac.uk/vol1/fastq/SRR262/019/SRR26212919/SRR26212919_1.fastq.gz,true,FASTQ,20853194276,exact ENA fastq_bytes,true,2026-08-01,ATAC-seq
humanbrain,raw,ENA,SRR26212919,https://ftp.sra.ebi.ac.uk/vol1/fastq/SRR262/019/SRR26212919/SRR26212919_2.fastq.gz,true,FASTQ,20750089931,exact ENA fastq_bytes,true,2026-08-01,ATAC-seq
humanbrain,raw,ENA,SRR26212924,https://ftp.sra.ebi.ac.uk/vol1/fastq/SRR262/024/SRR26212924/SRR26212924_1.fastq.gz,true,FASTQ,4408489365,exact ENA fastq_bytes,true,2026-08-01,ATAC-seq
humanbrain,raw,ENA,SRR26212924,https://ftp.sra.ebi.ac.uk/vol1/fastq/SRR262/024/SRR26212924/SRR26212924_2.fastq.gz,true,FASTQ,4390811740,exact ENA fastq_bytes,true,2026-08-01,ATAC-seq
humanbrain,raw,ENA,SRR26212926,https://ftp.sra.ebi.ac.uk/vol1/fastq/SRR262/026/SRR26212926/SRR26212926_1.fastq.gz,true,FASTQ,9822535910,exact ENA fastq_bytes,true,2026-08-01,ATAC-seq
humanbrain,raw,ENA,SRR26212926,https://ftp.sra.ebi.ac.uk/vol1/fastq/SRR262/026/SRR26212926/SRR26212926_2.fastq.gz,true,FASTQ,9779755827,exact ENA fastq_bytes,true,2026-08-01,ATAC-seq
humanbrain,raw,ENA,SRR26212927,https://ftp.sra.ebi.ac.uk/vol1/fastq/SRR262/027/SRR26212927/SRR26212927_1.fastq.gz,true,FASTQ,10791260559,exact ENA fastq_bytes,true,2026-08-01,ATAC-seq
humanbrain,raw,ENA,SRR26212927,https://ftp.sra.ebi.ac.uk/vol1/fastq/SRR262/027/SRR26212927/SRR26212927_2.fastq.gz,true,FASTQ,10736012394,exact ENA fastq_bytes,true,2026-08-01,ATAC-seq
humanbrain,raw,ENA,SRR26212928,https://ftp.sra.ebi.ac.uk/vol1/fastq/SRR262/028/SRR26212928/SRR26212928_1.fastq.gz,true,FASTQ,19596275786,exact ENA fastq_bytes,true,2026-08-01,ATAC-seq
humanbrain,raw,ENA,SRR26212928,https://ftp.sra.ebi.ac.uk/vol1/fastq/SRR262/028/SRR26212928/SRR26212928_2.fastq.gz,true,FASTQ,19456654066,exact ENA fastq_bytes,true,2026-08-01,ATAC-seq
humanbrain,raw,ENA,SRR26212937,https://ftp.sra.ebi.ac.uk/vol1/fastq/SRR262/037/SRR26212937/SRR26212937_1.fastq.gz,true,FASTQ,21415357853,exact ENA fastq_bytes,true,2026-08-01,ATAC-seq
humanbrain,raw,ENA,SRR26212937,https://ftp.sra.ebi.ac.uk/vol1/fastq/SRR262/037/SRR26212937/SRR26212937_2.fastq.gz,true,FASTQ,21322079647,exact ENA fastq_bytes,true,2026-08-01,ATAC-seq
humanbrain,raw,ENA,SRR26212813,https://ftp.sra.ebi.ac.uk/vol1/fastq/SRR262/013/SRR26212813/SRR26212813_1.fastq.gz,true,FASTQ,10953038661,exact ENA fastq_bytes,true,2026-08-01,ATAC-seq
humanbrain,raw,ENA,SRR26212813,https://ftp.sra.ebi.ac.uk/vol1/fastq/SRR262/013/SRR26212813/SRR26212813_2.fastq.gz,true,FASTQ,10904392591,exact ENA fastq_bytes,true,2026-08-01,ATAC-seq
humanbrain,raw,ENA,SRR26212814,https://ftp.sra.ebi.ac.uk/vol1/fastq/SRR262/014/SRR26212814/SRR26212814_1.fastq.gz,true,FASTQ,9376818016,exact ENA fastq_bytes,true,2026-08-01,ATAC-seq
humanbrain,raw,ENA,SRR26212814,https://ftp.sra.ebi.ac.uk/vol1/fastq/SRR262/014/SRR26212814/SRR26212814_2.fastq.gz,true,FASTQ,9342872721,exact ENA fastq_bytes,true,2026-08-01,ATAC-seq
humanbrain,raw,ENA,SRR26212817,https://ftp.sra.ebi.ac.uk/vol1/fastq/SRR262/017/SRR26212817/SRR26212817_1.fastq.gz,true,FASTQ,9262138455,exact ENA fastq_bytes,true,2026-08-01,ATAC-seq
humanbrain,raw,ENA,SRR26212817,https://ftp.sra.ebi.ac.uk/vol1/fastq/SRR262/017/SRR26212817/SRR26212817_2.fastq.gz,true,FASTQ,9209937591,exact ENA fastq_bytes,true,2026-08-01,ATAC-seq
humanbrain,raw,ENA,SRR26212819,https://ftp.sra.ebi.ac.uk/vol1/fastq/SRR262/019/SRR26212819/SRR26212819_1.fastq.gz,true,FASTQ,20338931796,exact ENA fastq_bytes,true,2026-08-01,ATAC-seq
humanbrain,raw,ENA,SRR26212819,https://ftp.sra.ebi.ac.uk/vol1/fastq/SRR262/019/SRR26212819/SRR26212819_2.fastq.gz,true,FASTQ,20170539788,exact ENA fastq_bytes,true,2026-08-01,ATAC-seq
humanbrain,raw,ENA,SRR26212821,https://ftp.sra.ebi.ac.uk/vol1/fastq/SRR262/021/SRR26212821/SRR26212821_1.fastq.gz,true,FASTQ,20807950094,exact ENA fastq_bytes,true,2026-08-01,ATAC-seq
humanbrain,raw,ENA,SRR26212821,https://ftp.sra.ebi.ac.uk/vol1/fastq/SRR262/021/SRR26212821/SRR26212821_2.fastq.gz,true,FASTQ,20693948280,exact ENA fastq_bytes,true,2026-08-01,ATAC-seq
humanbrain,raw,ENA,SRR26212822,https://ftp.sra.ebi.ac.uk/vol1/fastq/SRR262/022/SRR26212822/SRR26212822_1.fastq.gz,true,FASTQ,11064305821,exact ENA fastq_bytes,true,2026-08-01,ATAC-seq
humanbrain,raw,ENA,SRR26212822,https://ftp.sra.ebi.ac.uk/vol1/fastq/SRR262/022/SRR26212822/SRR26212822_2.fastq.gz,true,FASTQ,10983482887,exact ENA fastq_bytes,true,2026-08-01,ATAC-seq
humanbrain,raw,ENA,SRR26212823,https://ftp.sra.ebi.ac.uk/vol1/fastq/SRR262/023/SRR26212823/SRR26212823_1.fastq.gz,true,FASTQ,10681996418,exact ENA fastq_bytes,true,2026-08-01,ATAC-seq
humanbrain,raw,ENA,SRR26212823,https://ftp.sra.ebi.ac.uk/vol1/fastq/SRR262/023/SRR26212823/SRR26212823_2.fastq.gz,true,FASTQ,10622308000,exact ENA fastq_bytes,true,2026-08-01,ATAC-seq
humanbrain,raw,ENA,SRR26212825,https://ftp.sra.ebi.ac.uk/vol1/fastq/SRR262/025/SRR26212825/SRR26212825_1.fastq.gz,true,FASTQ,24687563186,exact ENA fastq_bytes,true,2026-08-01,ATAC-seq
humanbrain,raw,ENA,SRR26212825,https://ftp.sra.ebi.ac.uk/vol1/fastq/SRR262/025/SRR26212825/SRR26212825_2.fastq.gz,true,FASTQ,24586800449,exact ENA fastq_bytes,true,2026-08-01,ATAC-seq
humanbrain,raw,ENA,SRR26212827,https://ftp.sra.ebi.ac.uk/vol1/fastq/SRR262/027/SRR26212827/SRR26212827_1.fastq.gz,true,FASTQ,16233565916,exact ENA fastq_bytes,true,2026-08-01,ATAC-seq
humanbrain,raw,ENA,SRR26212827,https://ftp.sra.ebi.ac.uk/vol1/fastq/SRR262/027/SRR26212827/SRR26212827_2.fastq.gz,true,FASTQ,16126136604,exact ENA fastq_bytes,true,2026-08-01,ATAC-seq
humanbrain,raw,ENA,SRR26212831,https://ftp.sra.ebi.ac.uk/vol1/fastq/SRR262/031/SRR26212831/SRR26212831_1.fastq.gz,true,FASTQ,22879347699,exact ENA fastq_bytes,true,2026-08-01,ATAC-seq
humanbrain,raw,ENA,SRR26212831,https://ftp.sra.ebi.ac.uk/vol1/fastq/SRR262/031/SRR26212831/SRR26212831_2.fastq.gz,true,FASTQ,22728847764,exact ENA fastq_bytes,true,2026-08-01,ATAC-seq
humanbrain,raw,ENA,SRR26212835,https://ftp.sra.ebi.ac.uk/vol1/fastq/SRR262/035/SRR26212835/SRR26212835_1.fastq.gz,true,FASTQ,17044179673,exact ENA fastq_bytes,true,2026-08-01,ATAC-seq
humanbrain,raw,ENA,SRR26212835,https://ftp.sra.ebi.ac.uk/vol1/fastq/SRR262/035/SRR26212835/SRR26212835_2.fastq.gz,true,FASTQ,16962100980,exact ENA fastq_bytes,true,2026-08-01,ATAC-seq
humanbrain,raw,ENA,SRR26212838,https://ftp.sra.ebi.ac.uk/vol1/fastq/SRR262/038/SRR26212838/SRR26212838_1.fastq.gz,true,FASTQ,15317604576,exact ENA fastq_bytes,true,2026-08-01,ATAC-seq
humanbrain,raw,ENA,SRR26212838,https://ftp.sra.ebi.ac.uk/vol1/fastq/SRR262/038/SRR26212838/SRR26212838_2.fastq.gz,true,FASTQ,15226722677,exact ENA fastq_bytes,true,2026-08-01,ATAC-seq
humanbrain,raw,ENA,SRR26212842,https://ftp.sra.ebi.ac.uk/vol1/fastq/SRR262/042/SRR26212842/SRR26212842_1.fastq.gz,true,FASTQ,9282481849,exact ENA fastq_bytes,true,2026-08-01,ATAC-seq
humanbrain,raw,ENA,SRR26212842,https://ftp.sra.ebi.ac.uk/vol1/fastq/SRR262/042/SRR26212842/SRR26212842_2.fastq.gz,true,FASTQ,9238291770,exact ENA fastq_bytes,true,2026-08-01,ATAC-seq
humanbrain,raw,ENA,SRR26212844,https://ftp.sra.ebi.ac.uk/vol1/fastq/SRR262/044/SRR26212844/SRR26212844_1.fastq.gz,true,FASTQ,19981415544,exact ENA fastq_bytes,true,2026-08-01,ATAC-seq
humanbrain,raw,ENA,SRR26212844,https://ftp.sra.ebi.ac.uk/vol1/fastq/SRR262/044/SRR26212844/SRR26212844_2.fastq.gz,true,FASTQ,19867659748,exact ENA fastq_bytes,true,2026-08-01,ATAC-seq
humanbrain,raw,ENA,SRR26212845,https://ftp.sra.ebi.ac.uk/vol1/fastq/SRR262/045/SRR26212845/SRR26212845_1.fastq.gz,true,FASTQ,16798764938,exact ENA fastq_bytes,true,2026-08-01,ATAC-seq
humanbrain,raw,ENA,SRR26212845,https://ftp.sra.ebi.ac.uk/vol1/fastq/SRR262/045/SRR26212845/SRR26212845_2.fastq.gz,true,FASTQ,16619681342,exact ENA fastq_bytes,true,2026-08-01,ATAC-seq
humanbrain,raw,ENA,SRR26212850,https://ftp.sra.ebi.ac.uk/vol1/fastq/SRR262/050/SRR26212850/SRR26212850_1.fastq.gz,true,FASTQ,27653334196,exact ENA fastq_bytes,true,2026-08-01,ATAC-seq
humanbrain,raw,ENA,SRR26212850,https://ftp.sra.ebi.ac.uk/vol1/fastq/SRR262/050/SRR26212850/SRR26212850_2.fastq.gz,true,FASTQ,27402039415,exact ENA fastq_bytes,true,2026-08-01,ATAC-seq
humanbrain,raw,ENA,SRR26212853,https://ftp.sra.ebi.ac.uk/vol1/fastq/SRR262/053/SRR26212853/SRR26212853_1.fastq.gz,true,FASTQ,7754335590,exact ENA fastq_bytes,true,2026-08-01,ATAC-seq
humanbrain,raw,ENA,SRR26212853,https://ftp.sra.ebi.ac.uk/vol1/fastq/SRR262/053/SRR26212853/SRR26212853_2.fastq.gz,true,FASTQ,7708316331,exact ENA fastq_bytes,true,2026-08-01,ATAC-seq
humanbrain,raw,ENA,SRR26212855,https://ftp.sra.ebi.ac.uk/vol1/fastq/SRR262/055/SRR26212855/SRR26212855_1.fastq.gz,true,FASTQ,17204172762,exact ENA fastq_bytes,true,2026-08-01,ATAC-seq
humanbrain,raw,ENA,SRR26212855,https://ftp.sra.ebi.ac.uk/vol1/fastq/SRR262/055/SRR26212855/SRR26212855_2.fastq.gz,true,FASTQ,17121062018,exact ENA fastq_bytes,true,2026-08-01,ATAC-seq
humanbrain,raw,ENA,SRR26212857,https://ftp.sra.ebi.ac.uk/vol1/fastq/SRR262/057/SRR26212857/SRR26212857_1.fastq.gz,true,FASTQ,8558589023,exact ENA fastq_bytes,true,2026-08-01,ATAC-seq
humanbrain,raw,ENA,SRR26212857,https://ftp.sra.ebi.ac.uk/vol1/fastq/SRR262/057/SRR26212857/SRR26212857_2.fastq.gz,true,FASTQ,8500652795,exact ENA fastq_bytes,true,2026-08-01,ATAC-seq
humanbrain,raw,ENA,SRR26212858,https://ftp.sra.ebi.ac.uk/vol1/fastq/SRR262/058/SRR26212858/SRR26212858_1.fastq.gz,true,FASTQ,7922249966,exact ENA fastq_bytes,true,2026-08-01,ATAC-seq
humanbrain,raw,ENA,SRR26212858,https://ftp.sra.ebi.ac.uk/vol1/fastq/SRR262/058/SRR26212858/SRR26212858_2.fastq.gz,true,FASTQ,7852423277,exact ENA fastq_bytes,true,2026-08-01,ATAC-seq
humanbrain,raw,ENA,SRR26212863,https://ftp.sra.ebi.ac.uk/vol1/fastq/SRR262/063/SRR26212863/SRR26212863_1.fastq.gz,true,FASTQ,8598639155,exact ENA fastq_bytes,true,2026-08-01,ATAC-seq
humanbrain,raw,ENA,SRR26212863,https://ftp.sra.ebi.ac.uk/vol1/fastq/SRR262/063/SRR26212863/SRR26212863_2.fastq.gz,true,FASTQ,8547256335,exact ENA fastq_bytes,true,2026-08-01,ATAC-seq
humanbrain,raw,ENA,SRR26212867,https://ftp.sra.ebi.ac.uk/vol1/fastq/SRR262/067/SRR26212867/SRR26212867_1.fastq.gz,true,FASTQ,28040830735,exact ENA fastq_bytes,true,2026-08-01,ATAC-seq
humanbrain,raw,ENA,SRR26212867,https://ftp.sra.ebi.ac.uk/vol1/fastq/SRR262/067/SRR26212867/SRR26212867_2.fastq.gz,true,FASTQ,27911462682,exact ENA fastq_bytes,true,2026-08-01,ATAC-seq
humanbrain,raw,ENA,SRR26212874,https://ftp.sra.ebi.ac.uk/vol1/fastq/SRR262/074/SRR26212874/SRR26212874_1.fastq.gz,true,FASTQ,18115542816,exact ENA fastq_bytes,true,2026-08-01,ATAC-seq
humanbrain,raw,ENA,SRR26212874,https://ftp.sra.ebi.ac.uk/vol1/fastq/SRR262/074/SRR26212874/SRR26212874_2.fastq.gz,true,FASTQ,18052884968,exact ENA fastq_bytes,true,2026-08-01,ATAC-seq
humanbrain,raw,ENA,SRR26212875,https://ftp.sra.ebi.ac.uk/vol1/fastq/SRR262/075/SRR26212875/SRR26212875_1.fastq.gz,true,FASTQ,7380529794,exact ENA fastq_bytes,true,2026-08-01,ATAC-seq
humanbrain,raw,ENA,SRR26212875,https://ftp.sra.ebi.ac.uk/vol1/fastq/SRR262/075/SRR26212875/SRR26212875_2.fastq.gz,true,FASTQ,7342606351,exact ENA fastq_bytes,true,2026-08-01,ATAC-seq
humanbrain,raw,ENA,SRR26212877,https://ftp.sra.ebi.ac.uk/vol1/fastq/SRR262/077/SRR26212877/SRR26212877_1.fastq.gz,true,FASTQ,19184583190,exact ENA fastq_bytes,true,2026-08-01,ATAC-seq
humanbrain,raw,ENA,SRR26212877,https://ftp.sra.ebi.ac.uk/vol1/fastq/SRR262/077/SRR26212877/SRR26212877_2.fastq.gz,true,FASTQ,19061333843,exact ENA fastq_bytes,true,2026-08-01,ATAC-seq
humanbrain,raw,ENA,SRR26212889,https://ftp.sra.ebi.ac.uk/vol1/fastq/SRR262/089/SRR26212889/SRR26212889_1.fastq.gz,true,FASTQ,21564242081,exact ENA fastq_bytes,true,2026-08-01,ATAC-seq
humanbrain,raw,ENA,SRR26212889,https://ftp.sra.ebi.ac.uk/vol1/fastq/SRR262/089/SRR26212889/SRR26212889_2.fastq.gz,true,FASTQ,21499828059,exact ENA fastq_bytes,true,2026-08-01,ATAC-seq
humanbrain,raw,ENA,SRR26212891,https://ftp.sra.ebi.ac.uk/vol1/fastq/SRR262/091/SRR26212891/SRR26212891_1.fastq.gz,true,FASTQ,6392020894,exact ENA fastq_bytes,true,2026-08-01,ATAC-seq
humanbrain,raw,ENA,SRR26212891,https://ftp.sra.ebi.ac.uk/vol1/fastq/SRR262/091/SRR26212891/SRR26212891_2.fastq.gz,true,FASTQ,6366417819,exact ENA fastq_bytes,true,2026-08-01,ATAC-seq
humanbrain,raw,ENA,SRR26212896,https://ftp.sra.ebi.ac.uk/vol1/fastq/SRR262/096/SRR26212896/SRR26212896_1.fastq.gz,true,FASTQ,3980144734,exact ENA fastq_bytes,true,2026-08-01,ATAC-seq
humanbrain,raw,ENA,SRR26212896,https://ftp.sra.ebi.ac.uk/vol1/fastq/SRR262/096/SRR26212896/SRR26212896_2.fastq.gz,true,FASTQ,3949095421,exact ENA fastq_bytes,true,2026-08-01,ATAC-seq
humanbrain,raw,ENA,SRR26212897,https://ftp.sra.ebi.ac.uk/vol1/fastq/SRR262/097/SRR26212897/SRR26212897_1.fastq.gz,true,FASTQ,7747365568,exact ENA fastq_bytes,true,2026-08-01,ATAC-seq
humanbrain,raw,ENA,SRR26212897,https://ftp.sra.ebi.ac.uk/vol1/fastq/SRR262/097/SRR26212897/SRR26212897_2.fastq.gz,true,FASTQ,7707252411,exact ENA fastq_bytes,true,2026-08-01,ATAC-seq
humanbrain,raw,ENA,SRR26212898,https://ftp.sra.ebi.ac.uk/vol1/fastq/SRR262/098/SRR26212898/SRR26212898_1.fastq.gz,true,FASTQ,11778176768,exact ENA fastq_bytes,true,2026-08-01,ATAC-seq
humanbrain,raw,ENA,SRR26212898,https://ftp.sra.ebi.ac.uk/vol1/fastq/SRR262/098/SRR26212898/SRR26212898_2.fastq.gz,true,FASTQ,11723606675,exact ENA fastq_bytes,true,2026-08-01,ATAC-seq
humanbrain,raw,ENA,SRR26212900,https://ftp.sra.ebi.ac.uk/vol1/fastq/SRR262/000/SRR26212900/SRR26212900_1.fastq.gz,true,FASTQ,19995756695,exact ENA fastq_bytes,true,2026-08-01,ATAC-seq
humanbrain,raw,ENA,SRR26212900,https://ftp.sra.ebi.ac.uk/vol1/fastq/SRR262/000/SRR26212900/SRR26212900_2.fastq.gz,true,FASTQ,19860705948,exact ENA fastq_bytes,true,2026-08-01,ATAC-seq
humanbrain,raw,ENA,SRR26212905,https://ftp.sra.ebi.ac.uk/vol1/fastq/SRR262/005/SRR26212905/SRR26212905_1.fastq.gz,true,FASTQ,9034226140,exact ENA fastq_bytes,true,2026-08-01,ATAC-seq
humanbrain,raw,ENA,SRR26212905,https://ftp.sra.ebi.ac.uk/vol1/fastq/SRR262/005/SRR26212905/SRR26212905_2.fastq.gz,true,FASTQ,8941468225,exact ENA fastq_bytes,true,2026-08-01,ATAC-seq
humanbrain,raw,ENA,SRR26212906,https://ftp.sra.ebi.ac.uk/vol1/fastq/SRR262/006/SRR26212906/SRR26212906_1.fastq.gz,true,FASTQ,17506530295,exact ENA fastq_bytes,true,2026-08-01,ATAC-seq
humanbrain,raw,ENA,SRR26212906,https://ftp.sra.ebi.ac.uk/vol1/fastq/SRR262/006/SRR26212906/SRR26212906_2.fastq.gz,true,FASTQ,17415104674,exact ENA fastq_bytes,true,2026-08-01,ATAC-seq
humanbrain,raw,ENA,SRR26212908,https://ftp.sra.ebi.ac.uk/vol1/fastq/SRR262/008/SRR26212908/SRR26212908_1.fastq.gz,true,FASTQ,20925454050,exact ENA fastq_bytes,true,2026-08-01,ATAC-seq
humanbrain,raw,ENA,SRR26212908,https://ftp.sra.ebi.ac.uk/vol1/fastq/SRR262/008/SRR26212908/SRR26212908_2.fastq.gz,true,FASTQ,20833273458,exact ENA fastq_bytes,true,2026-08-01,ATAC-seq
humanbrain,raw,ENA,SRR26212914,https://ftp.sra.ebi.ac.uk/vol1/fastq/SRR262/014/SRR26212914/SRR26212914_1.fastq.gz,true,FASTQ,9904229666,exact ENA fastq_bytes,true,2026-08-01,ATAC-seq
humanbrain,raw,ENA,SRR26212914,https://ftp.sra.ebi.ac.uk/vol1/fastq/SRR262/014/SRR26212914/SRR26212914_2.fastq.gz,true,FASTQ,9813028418,exact ENA fastq_bytes,true,2026-08-01,ATAC-seq
humanbrain,raw,ENA,SRR26212915,https://ftp.sra.ebi.ac.uk/vol1/fastq/SRR262/015/SRR26212915/SRR26212915_1.fastq.gz,true,FASTQ,11673278085,exact ENA fastq_bytes,true,2026-08-01,ATAC-seq
humanbrain,raw,ENA,SRR26212915,https://ftp.sra.ebi.ac.uk/vol1/fastq/SRR262/015/SRR26212915/SRR26212915_2.fastq.gz,true,FASTQ,11578780855,exact ENA fastq_bytes,true,2026-08-01,ATAC-seq
humanbrain,raw,ENA,SRR26212918,https://ftp.sra.ebi.ac.uk/vol1/fastq/SRR262/018/SRR26212918/SRR26212918_1.fastq.gz,true,FASTQ,10925973775,exact ENA fastq_bytes,true,2026-08-01,ATAC-seq
humanbrain,raw,ENA,SRR26212918,https://ftp.sra.ebi.ac.uk/vol1/fastq/SRR262/018/SRR26212918/SRR26212918_2.fastq.gz,true,FASTQ,10814267679,exact ENA fastq_bytes,true,2026-08-01,ATAC-seq
humanbrain,raw,ENA,SRR26212921,https://ftp.sra.ebi.ac.uk/vol1/fastq/SRR262/021/SRR26212921/SRR26212921_1.fastq.gz,true,FASTQ,15487296837,exact ENA fastq_bytes,true,2026-08-01,ATAC-seq
humanbrain,raw,ENA,SRR26212921,https://ftp.sra.ebi.ac.uk/vol1/fastq/SRR262/021/SRR26212921/SRR26212921_2.fastq.gz,true,FASTQ,15403601233,exact ENA fastq_bytes,true,2026-08-01,ATAC-seq
humanbrain,raw,ENA,SRR26212922,https://ftp.sra.ebi.ac.uk/vol1/fastq/SRR262/022/SRR26212922/SRR26212922_1.fastq.gz,true,FASTQ,15900691942,exact ENA fastq_bytes,true,2026-08-01,ATAC-seq
humanbrain,raw,ENA,SRR26212922,https://ftp.sra.ebi.ac.uk/vol1/fastq/SRR262/022/SRR26212922/SRR26212922_2.fastq.gz,true,FASTQ,15824215726,exact ENA fastq_bytes,true,2026-08-01,ATAC-seq
humanbrain,raw,ENA,SRR26212923,https://ftp.sra.ebi.ac.uk/vol1/fastq/SRR262/023/SRR26212923/SRR26212923_1.fastq.gz,true,FASTQ,28592819784,exact ENA fastq_bytes,true,2026-08-01,ATAC-seq
humanbrain,raw,ENA,SRR26212923,https://ftp.sra.ebi.ac.uk/vol1/fastq/SRR262/023/SRR26212923/SRR26212923_2.fastq.gz,true,FASTQ,28400169513,exact ENA fastq_bytes,true,2026-08-01,ATAC-seq
humanbrain,raw,ENA,SRR26212929,https://ftp.sra.ebi.ac.uk/vol1/fastq/SRR262/029/SRR26212929/SRR26212929_1.fastq.gz,true,FASTQ,16991228812,exact ENA fastq_bytes,true,2026-08-01,ATAC-seq
humanbrain,raw,ENA,SRR26212929,https://ftp.sra.ebi.ac.uk/vol1/fastq/SRR262/029/SRR26212929/SRR26212929_2.fastq.gz,true,FASTQ,16862685307,exact ENA fastq_bytes,true,2026-08-01,ATAC-seq
humanbrain,raw,ENA,SRR26212930,https://ftp.sra.ebi.ac.uk/vol1/fastq/SRR262/030/SRR26212930/SRR26212930_1.fastq.gz,true,FASTQ,11253240743,exact ENA fastq_bytes,true,2026-08-01,ATAC-seq
humanbrain,raw,ENA,SRR26212930,https://ftp.sra.ebi.ac.uk/vol1/fastq/SRR262/030/SRR26212930/SRR26212930_2.fastq.gz,true,FASTQ,11223953580,exact ENA fastq_bytes,true,2026-08-01,ATAC-seq
humanbrain,raw,ENA,SRR26212932,https://ftp.sra.ebi.ac.uk/vol1/fastq/SRR262/032/SRR26212932/SRR26212932_1.fastq.gz,true,FASTQ,12863710148,exact ENA fastq_bytes,true,2026-08-01,ATAC-seq
humanbrain,raw,ENA,SRR26212932,https://ftp.sra.ebi.ac.uk/vol1/fastq/SRR262/032/SRR26212932/SRR26212932_2.fastq.gz,true,FASTQ,12789317019,exact ENA fastq_bytes,true,2026-08-01,ATAC-seq
humanbrain,raw,ENA,SRR26212933,https://ftp.sra.ebi.ac.uk/vol1/fastq/SRR262/033/SRR26212933/SRR26212933_1.fastq.gz,true,FASTQ,22814906534,exact ENA fastq_bytes,true,2026-08-01,ATAC-seq
humanbrain,raw,ENA,SRR26212933,https://ftp.sra.ebi.ac.uk/vol1/fastq/SRR262/033/SRR26212933/SRR26212933_2.fastq.gz,true,FASTQ,22699988273,exact ENA fastq_bytes,true,2026-08-01,ATAC-seq
humanbrain,raw,ENA,SRR26212934,https://ftp.sra.ebi.ac.uk/vol1/fastq/SRR262/034/SRR26212934/SRR26212934_1.fastq.gz,true,FASTQ,18026314995,exact ENA fastq_bytes,true,2026-08-01,ATAC-seq
humanbrain,raw,ENA,SRR26212934,https://ftp.sra.ebi.ac.uk/vol1/fastq/SRR262/034/SRR26212934/SRR26212934_2.fastq.gz,true,FASTQ,17914858129,exact ENA fastq_bytes,true,2026-08-01,ATAC-seq
humanbrain,raw,ENA,SRR26212935,https://ftp.sra.ebi.ac.uk/vol1/fastq/SRR262/035/SRR26212935/SRR26212935_1.fastq.gz,true,FASTQ,16689983552,exact ENA fastq_bytes,true,2026-08-01,ATAC-seq
humanbrain,raw,ENA,SRR26212935,https://ftp.sra.ebi.ac.uk/vol1/fastq/SRR262/035/SRR26212935/SRR26212935_2.fastq.gz,true,FASTQ,16566227004,exact ENA fastq_bytes,true,2026-08-01,ATAC-seq
humanbrain,raw,ENA,SRR26212940,https://ftp.sra.ebi.ac.uk/vol1/fastq/SRR262/040/SRR26212940/SRR26212940_1.fastq.gz,true,FASTQ,12494094362,exact ENA fastq_bytes,true,2026-08-01,ATAC-seq
humanbrain,raw,ENA,SRR26212940,https://ftp.sra.ebi.ac.uk/vol1/fastq/SRR262/040/SRR26212940/SRR26212940_2.fastq.gz,true,FASTQ,12391748399,exact ENA fastq_bytes,true,2026-08-01,ATAC-seq
humanbrain,processed,GEO,GSE244618,https://ftp.ncbi.nlm.nih.gov/geo/series/GSE244nnn/GSE244618/suppl/GSE244618_RAW.tar,true,TAR,402900213760,exact GEO file listing,true,2026-08-01,
humanbraindev,raw,repository,,https://ega-archive.org/studies/EGAS00001007472,false,repository landing page,0,not exposed,false,2026-08-01,
humanbraindev,raw,EGA,EGAD00001011300,https://ega-archive.org/datasets/EGAD00001011300,false,BAM,7523077297528,exact sum of EGA file metadata,true,2026-08-01,Controlled access; authorization is required to download.
humanbraindev,processed,author/repository,,https://github.com/linnarsson-lab/fetal_brain_multiomics,false,download page,0,not exposed,false,2026-08-01,
humanbraindev,processed,Dropbox,,https://www.dropbox.com/scl/fi/hozow8gaub1rjckgp93lp/Pool_peaks.loom.gz?rlkey=ssp97d68ktyv8ohpsf0mwxlz9&st=ub33iuq1&dl=1,true,LOOM,33447472532,exact HTTP Content-Length,true,2026-08-01,
humanbraindev,processed,Dropbox,,https://www.dropbox.com/scl/fi/zotdkbjwcr7gjoif7ow3l/Pool_peaks.agg.loom.gz?rlkey=gu9ropm9qx5dqy1llsxvds5dl&st=o4077q29&dl=1,true,LOOM,1379663211,exact HTTP Content-Length,true,2026-08-01,
humanbraindev,processed,Dropbox,,https://www.dropbox.com/scl/fi/vu2m6tfxzpahopk85q0bx/Pool_RNA.loom.gz?rlkey=kui3mr83ukojzjg4zsmobsh10&st=5kxv3oua&dl=1,true,LOOM,15941758760,exact HTTP Content-Length,true,2026-08-01,
humanbraindev,processed,Dropbox,,https://www.dropbox.com/scl/fi/p3phh8n4nhtm4ou8x2r90/Pool_RNA.agg.loom?rlkey=uz6nkgok6blar49owvi7y8kxr&st=9i4j2rod&dl=1,true,LOOM,154890831,exact HTTP Content-Length,true,2026-08-01,
humanbraindev,processed,Dropbox,,https://www.dropbox.com/scl/fi/9ollr4avd508tc6dhx2hv/Pool_GA.loom?rlkey=h2gw3lj9ti7wne0uo29ztjwk0&st=owwrlrsp&dl=1,true,LOOM,54714212662,exact HTTP Content-Length,true,2026-08-01,
humanbraindev,processed,Dropbox,,https://www.dropbox.com/scl/fi/ghl28tz0hqjcivzw3pp6j/Pool_GA.agg.loom?rlkey=i7eofvjjfzlhhc61yxuh3av0f&st=8in77okq&dl=1,true,LOOM,119890688,exact HTTP Content-Length,true,2026-08-01,
humanbraindev,processed,Dropbox,,https://www.dropbox.com/scl/fi/44jjsjcfybnum9xn3b63m/Pool_motifs.agg.loom?rlkey=z6jxocrm2iyjul769f8yrspxo&st=ygy2vo1q&dl=1,true,LOOM,7866825,exact HTTP Content-Length,true,2026-08-01,
humanbraindev,processed,Dropbox,,https://www.dropbox.com/scl/fi/9w3o2ddq6yg19zr5tfka2/Purkinje_RNA.loom.gz?rlkey=t22f4lttc2wocalb8b700knf4&st=eg1vaz5a&dl=1,true,LOOM,4874092566,exact HTTP Content-Length,true,2026-08-01,
humanbraindev,processed,Dropbox,,https://www.dropbox.com/scl/fi/xxyu3ow907b77raszzc1u/Purkinje_RNA.agg.loom?rlkey=hmsref739z3dd53zvrt97fw77&st=s803ih66&dl=1,true,LOOM,9662530,exact HTTP Content-Length,true,2026-08-01,
humanbraindev,processed,Dropbox,,https://www.dropbox.com/scl/fi/j6bilrrbdv907gq5s0ygz/Purkinje_chromVAR.loom?rlkey=bpnbrmxipcqjjaqfhebs7zdxb&st=m70va4j9&dl=1,true,LOOM,1021779510,exact HTTP Content-Length,true,2026-08-01,
humanbraindev,processed,Dropbox,,https://www.dropbox.com/scl/fi/bpqxlgzxsdj4h0f8d2k3y/Purkinje_peaks.loom.gz?rlkey=m0trhqzf3fe8iw5tr5ucrl35i&st=c0ohruf8&dl=1,true,LOOM,4557710271,exact HTTP Content-Length,true,2026-08-01,
humanbraindev,processed,Dropbox,,https://www.dropbox.com/scl/fi/c7gm7slkc8rxlrqgn0oje/Purkinje_peaks.agg.loom?rlkey=xsn9tan47a7qwego2060ygtj3&st=sfbogjjl&dl=1,true,LOOM,358620352,exact HTTP Content-Length,true,2026-08-01,
humanbraindev,processed,Dropbox,,https://www.dropbox.com/scl/fi/n0lzymiyt4u42pzj4vzvj/refdata-cellranger-arc-hg38-final3.tgz?rlkey=3qrgtlpnrwge8zbx7wb9pwxia&st=bl7vnv4c&dl=1,true,TGZ,4701618176,exact HTTP Content-Length,false,2026-08-01,Cell Ranger reference; excluded from dataset storage.
humanbrainscope,raw,repository,,https://www.synapse.org/#!Synapse:syn51111084.5/datasets/,false,repository landing page,0,not exposed,false,2026-08-01,
humanbrainscope,raw,repository,,https://www.ncbi.nlm.nih.gov/bioproject/PRJNA1089984,false,repository landing page,0,not exposed,false,2026-08-01,
humanbrainscope,raw,ENA,SRR28397502,https://ftp.sra.ebi.ac.uk/vol1/fastq/SRR283/002/SRR28397502/SRR28397502_1.fastq.gz,true,FASTQ,10731463887,exact ENA fastq_bytes,true,2026-08-01,ATAC-seq
humanbrainscope,raw,ENA,SRR28397502,https://ftp.sra.ebi.ac.uk/vol1/fastq/SRR283/002/SRR28397502/SRR28397502_2.fastq.gz,true,FASTQ,10724353387,exact ENA fastq_bytes,true,2026-08-01,ATAC-seq
humanbrainscope,raw,ENA,SRR28397504,https://ftp.sra.ebi.ac.uk/vol1/fastq/SRR283/004/SRR28397504/SRR28397504_1.fastq.gz,true,FASTQ,11129695688,exact ENA fastq_bytes,true,2026-08-01,ATAC-seq
humanbrainscope,raw,ENA,SRR28397504,https://ftp.sra.ebi.ac.uk/vol1/fastq/SRR283/004/SRR28397504/SRR28397504_2.fastq.gz,true,FASTQ,11166982550,exact ENA fastq_bytes,true,2026-08-01,ATAC-seq
humanbrainscope,raw,ENA,SRR28397510,https://ftp.sra.ebi.ac.uk/vol1/fastq/SRR283/010/SRR28397510/SRR28397510_1.fastq.gz,true,FASTQ,12050371698,exact ENA fastq_bytes,true,2026-08-01,ATAC-seq
humanbrainscope,raw,ENA,SRR28397510,https://ftp.sra.ebi.ac.uk/vol1/fastq/SRR283/010/SRR28397510/SRR28397510_2.fastq.gz,true,FASTQ,12256940947,exact ENA fastq_bytes,true,2026-08-01,ATAC-seq
humanbrainscope,raw,ENA,SRR28397512,https://ftp.sra.ebi.ac.uk/vol1/fastq/SRR283/012/SRR28397512/SRR28397512_1.fastq.gz,true,FASTQ,10915184346,exact ENA fastq_bytes,true,2026-08-01,ATAC-seq
humanbrainscope,raw,ENA,SRR28397512,https://ftp.sra.ebi.ac.uk/vol1/fastq/SRR283/012/SRR28397512/SRR28397512_2.fastq.gz,true,FASTQ,10812672913,exact ENA fastq_bytes,true,2026-08-01,ATAC-seq
humanbrainscope,raw,ENA,SRR28397517,https://ftp.sra.ebi.ac.uk/vol1/fastq/SRR283/017/SRR28397517/SRR28397517_1.fastq.gz,true,FASTQ,10895733444,exact ENA fastq_bytes,true,2026-08-01,ATAC-seq
humanbrainscope,raw,ENA,SRR28397517,https://ftp.sra.ebi.ac.uk/vol1/fastq/SRR283/017/SRR28397517/SRR28397517_2.fastq.gz,true,FASTQ,10729634281,exact ENA fastq_bytes,true,2026-08-01,ATAC-seq
humanbrainscope,raw,ENA,SRR28397522,https://ftp.sra.ebi.ac.uk/vol1/fastq/SRR283/022/SRR28397522/SRR28397522_1.fastq.gz,true,FASTQ,7264982579,exact ENA fastq_bytes,true,2026-08-01,RNA-Seq
humanbrainscope,raw,ENA,SRR28397522,https://ftp.sra.ebi.ac.uk/vol1/fastq/SRR283/022/SRR28397522/SRR28397522_2.fastq.gz,true,FASTQ,9887542730,exact ENA fastq_bytes,true,2026-08-01,RNA-Seq
humanbrainscope,raw,ENA,SRR28397526,https://ftp.sra.ebi.ac.uk/vol1/fastq/SRR283/026/SRR28397526/SRR28397526_1.fastq.gz,true,FASTQ,6977155893,exact ENA fastq_bytes,true,2026-08-01,RNA-Seq
humanbrainscope,raw,ENA,SRR28397526,https://ftp.sra.ebi.ac.uk/vol1/fastq/SRR283/026/SRR28397526/SRR28397526_2.fastq.gz,true,FASTQ,14668203635,exact ENA fastq_bytes,true,2026-08-01,RNA-Seq
humanbrainscope,raw,ENA,SRR28397529,https://ftp.sra.ebi.ac.uk/vol1/fastq/SRR283/029/SRR28397529/SRR28397529_1.fastq.gz,true,FASTQ,12992183270,exact ENA fastq_bytes,true,2026-08-01,ATAC-seq
humanbrainscope,raw,ENA,SRR28397529,https://ftp.sra.ebi.ac.uk/vol1/fastq/SRR283/029/SRR28397529/SRR28397529_2.fastq.gz,true,FASTQ,13008550865,exact ENA fastq_bytes,true,2026-08-01,ATAC-seq
humanbrainscope,raw,ENA,SRR28397541,https://ftp.sra.ebi.ac.uk/vol1/fastq/SRR283/041/SRR28397541/SRR28397541_1.fastq.gz,true,FASTQ,7370308161,exact ENA fastq_bytes,true,2026-08-01,RNA-Seq
humanbrainscope,raw,ENA,SRR28397541,https://ftp.sra.ebi.ac.uk/vol1/fastq/SRR283/041/SRR28397541/SRR28397541_2.fastq.gz,true,FASTQ,15802317179,exact ENA fastq_bytes,true,2026-08-01,RNA-Seq
humanbrainscope,raw,ENA,SRR28397550,https://ftp.sra.ebi.ac.uk/vol1/fastq/SRR283/050/SRR28397550/SRR28397550_1.fastq.gz,true,FASTQ,6731015194,exact ENA fastq_bytes,true,2026-08-01,RNA-Seq
humanbrainscope,raw,ENA,SRR28397550,https://ftp.sra.ebi.ac.uk/vol1/fastq/SRR283/050/SRR28397550/SRR28397550_2.fastq.gz,true,FASTQ,13796912496,exact ENA fastq_bytes,true,2026-08-01,RNA-Seq
humanbrainscope,raw,ENA,SRR28397555,https://ftp.sra.ebi.ac.uk/vol1/fastq/SRR283/055/SRR28397555/SRR28397555_1.fastq.gz,true,FASTQ,7276994467,exact ENA fastq_bytes,true,2026-08-01,RNA-Seq
humanbrainscope,raw,ENA,SRR28397555,https://ftp.sra.ebi.ac.uk/vol1/fastq/SRR283/055/SRR28397555/SRR28397555_2.fastq.gz,true,FASTQ,15594831152,exact ENA fastq_bytes,true,2026-08-01,RNA-Seq
humanbrainscope,raw,ENA,SRR28397558,https://ftp.sra.ebi.ac.uk/vol1/fastq/SRR283/058/SRR28397558/SRR28397558_1.fastq.gz,true,FASTQ,7304286709,exact ENA fastq_bytes,true,2026-08-01,RNA-Seq
humanbrainscope,raw,ENA,SRR28397558,https://ftp.sra.ebi.ac.uk/vol1/fastq/SRR283/058/SRR28397558/SRR28397558_2.fastq.gz,true,FASTQ,11675213611,exact ENA fastq_bytes,true,2026-08-01,RNA-Seq
humanbrainscope,raw,ENA,SRR28397501,https://ftp.sra.ebi.ac.uk/vol1/fastq/SRR283/001/SRR28397501/SRR28397501_1.fastq.gz,true,FASTQ,10727970774,exact ENA fastq_bytes,true,2026-08-01,ATAC-seq
humanbrainscope,raw,ENA,SRR28397501,https://ftp.sra.ebi.ac.uk/vol1/fastq/SRR283/001/SRR28397501/SRR28397501_2.fastq.gz,true,FASTQ,10732547286,exact ENA fastq_bytes,true,2026-08-01,ATAC-seq
humanbrainscope,raw,ENA,SRR28397503,https://ftp.sra.ebi.ac.uk/vol1/fastq/SRR283/003/SRR28397503/SRR28397503_1.fastq.gz,true,FASTQ,9684539253,exact ENA fastq_bytes,true,2026-08-01,ATAC-seq
humanbrainscope,raw,ENA,SRR28397503,https://ftp.sra.ebi.ac.uk/vol1/fastq/SRR283/003/SRR28397503/SRR28397503_2.fastq.gz,true,FASTQ,9707701850,exact ENA fastq_bytes,true,2026-08-01,ATAC-seq
humanbrainscope,raw,ENA,SRR28397505,https://ftp.sra.ebi.ac.uk/vol1/fastq/SRR283/005/SRR28397505/SRR28397505_1.fastq.gz,true,FASTQ,11312863869,exact ENA fastq_bytes,true,2026-08-01,ATAC-seq
humanbrainscope,raw,ENA,SRR28397505,https://ftp.sra.ebi.ac.uk/vol1/fastq/SRR283/005/SRR28397505/SRR28397505_2.fastq.gz,true,FASTQ,11241635147,exact ENA fastq_bytes,true,2026-08-01,ATAC-seq
humanbrainscope,raw,ENA,SRR28397506,https://ftp.sra.ebi.ac.uk/vol1/fastq/SRR283/006/SRR28397506/SRR28397506_1.fastq.gz,true,FASTQ,11996737191,exact ENA fastq_bytes,true,2026-08-01,ATAC-seq
humanbrainscope,raw,ENA,SRR28397506,https://ftp.sra.ebi.ac.uk/vol1/fastq/SRR283/006/SRR28397506/SRR28397506_2.fastq.gz,true,FASTQ,11851187818,exact ENA fastq_bytes,true,2026-08-01,ATAC-seq
humanbrainscope,raw,ENA,SRR28397508,https://ftp.sra.ebi.ac.uk/vol1/fastq/SRR283/008/SRR28397508/SRR28397508_1.fastq.gz,true,FASTQ,10638812959,exact ENA fastq_bytes,true,2026-08-01,ATAC-seq
humanbrainscope,raw,ENA,SRR28397508,https://ftp.sra.ebi.ac.uk/vol1/fastq/SRR283/008/SRR28397508/SRR28397508_2.fastq.gz,true,FASTQ,10417624990,exact ENA fastq_bytes,true,2026-08-01,ATAC-seq
humanbrainscope,raw,ENA,SRR28397509,https://ftp.sra.ebi.ac.uk/vol1/fastq/SRR283/009/SRR28397509/SRR28397509_1.fastq.gz,true,FASTQ,10586842614,exact ENA fastq_bytes,true,2026-08-01,ATAC-seq
humanbrainscope,raw,ENA,SRR28397509,https://ftp.sra.ebi.ac.uk/vol1/fastq/SRR283/009/SRR28397509/SRR28397509_2.fastq.gz,true,FASTQ,10786427468,exact ENA fastq_bytes,true,2026-08-01,ATAC-seq
humanbrainscope,raw,ENA,SRR28397513,https://ftp.sra.ebi.ac.uk/vol1/fastq/SRR283/013/SRR28397513/SRR28397513_1.fastq.gz,true,FASTQ,10827255560,exact ENA fastq_bytes,true,2026-08-01,ATAC-seq
humanbrainscope,raw,ENA,SRR28397513,https://ftp.sra.ebi.ac.uk/vol1/fastq/SRR283/013/SRR28397513/SRR28397513_2.fastq.gz,true,FASTQ,10922446538,exact ENA fastq_bytes,true,2026-08-01,ATAC-seq
humanbrainscope,raw,ENA,SRR28397514,https://ftp.sra.ebi.ac.uk/vol1/fastq/SRR283/014/SRR28397514/SRR28397514_1.fastq.gz,true,FASTQ,11274305552,exact ENA fastq_bytes,true,2026-08-01,ATAC-seq
humanbrainscope,raw,ENA,SRR28397514,https://ftp.sra.ebi.ac.uk/vol1/fastq/SRR283/014/SRR28397514/SRR28397514_2.fastq.gz,true,FASTQ,11454654960,exact ENA fastq_bytes,true,2026-08-01,ATAC-seq
humanbrainscope,raw,ENA,SRR28397515,https://ftp.sra.ebi.ac.uk/vol1/fastq/SRR283/015/SRR28397515/SRR28397515_1.fastq.gz,true,FASTQ,11446965290,exact ENA fastq_bytes,true,2026-08-01,ATAC-seq
humanbrainscope,raw,ENA,SRR28397515,https://ftp.sra.ebi.ac.uk/vol1/fastq/SRR283/015/SRR28397515/SRR28397515_2.fastq.gz,true,FASTQ,11259991151,exact ENA fastq_bytes,true,2026-08-01,ATAC-seq
humanbrainscope,raw,ENA,SRR28397516,https://ftp.sra.ebi.ac.uk/vol1/fastq/SRR283/016/SRR28397516/SRR28397516_1.fastq.gz,true,FASTQ,10738226985,exact ENA fastq_bytes,true,2026-08-01,ATAC-seq
humanbrainscope,raw,ENA,SRR28397516,https://ftp.sra.ebi.ac.uk/vol1/fastq/SRR283/016/SRR28397516/SRR28397516_2.fastq.gz,true,FASTQ,10899225325,exact ENA fastq_bytes,true,2026-08-01,ATAC-seq
humanbrainscope,raw,ENA,SRR28397518,https://ftp.sra.ebi.ac.uk/vol1/fastq/SRR283/018/SRR28397518/SRR28397518_1.fastq.gz,true,FASTQ,10096679711,exact ENA fastq_bytes,true,2026-08-01,ATAC-seq
humanbrainscope,raw,ENA,SRR28397518,https://ftp.sra.ebi.ac.uk/vol1/fastq/SRR283/018/SRR28397518/SRR28397518_2.fastq.gz,true,FASTQ,10266305181,exact ENA fastq_bytes,true,2026-08-01,ATAC-seq
humanbrainscope,raw,ENA,SRR28397519,https://ftp.sra.ebi.ac.uk/vol1/fastq/SRR283/019/SRR28397519/SRR28397519_1.fastq.gz,true,FASTQ,10268244175,exact ENA fastq_bytes,true,2026-08-01,ATAC-seq
humanbrainscope,raw,ENA,SRR28397519,https://ftp.sra.ebi.ac.uk/vol1/fastq/SRR283/019/SRR28397519/SRR28397519_2.fastq.gz,true,FASTQ,10092467739,exact ENA fastq_bytes,true,2026-08-01,ATAC-seq
humanbrainscope,raw,ENA,SRR28397523,https://ftp.sra.ebi.ac.uk/vol1/fastq/SRR283/023/SRR28397523/SRR28397523_1.fastq.gz,true,FASTQ,7522183096,exact ENA fastq_bytes,true,2026-08-01,RNA-Seq
humanbrainscope,raw,ENA,SRR28397523,https://ftp.sra.ebi.ac.uk/vol1/fastq/SRR283/023/SRR28397523/SRR28397523_2.fastq.gz,true,FASTQ,10340395370,exact ENA fastq_bytes,true,2026-08-01,RNA-Seq
humanbrainscope,raw,ENA,SRR28397528,https://ftp.sra.ebi.ac.uk/vol1/fastq/SRR283/028/SRR28397528/SRR28397528_1.fastq.gz,true,FASTQ,12832433634,exact ENA fastq_bytes,true,2026-08-01,ATAC-seq
humanbrainscope,raw,ENA,SRR28397528,https://ftp.sra.ebi.ac.uk/vol1/fastq/SRR283/028/SRR28397528/SRR28397528_2.fastq.gz,true,FASTQ,12776970088,exact ENA fastq_bytes,true,2026-08-01,ATAC-seq
humanbrainscope,raw,ENA,SRR28397530,https://ftp.sra.ebi.ac.uk/vol1/fastq/SRR283/030/SRR28397530/SRR28397530_1.fastq.gz,true,FASTQ,9115290278,exact ENA fastq_bytes,true,2026-08-01,ATAC-seq
humanbrainscope,raw,ENA,SRR28397530,https://ftp.sra.ebi.ac.uk/vol1/fastq/SRR283/030/SRR28397530/SRR28397530_2.fastq.gz,true,FASTQ,9198512334,exact ENA fastq_bytes,true,2026-08-01,ATAC-seq
humanbrainscope,raw,ENA,SRR28397531,https://ftp.sra.ebi.ac.uk/vol1/fastq/SRR283/031/SRR28397531/SRR28397531_1.fastq.gz,true,FASTQ,9284895513,exact ENA fastq_bytes,true,2026-08-01,ATAC-seq
humanbrainscope,raw,ENA,SRR28397531,https://ftp.sra.ebi.ac.uk/vol1/fastq/SRR283/031/SRR28397531/SRR28397531_2.fastq.gz,true,FASTQ,9176189587,exact ENA fastq_bytes,true,2026-08-01,ATAC-seq
humanbrainscope,raw,ENA,SRR28397532,https://ftp.sra.ebi.ac.uk/vol1/fastq/SRR283/032/SRR28397532/SRR28397532_1.fastq.gz,true,FASTQ,11392669149,exact ENA fastq_bytes,true,2026-08-01,ATAC-seq
humanbrainscope,raw,ENA,SRR28397532,https://ftp.sra.ebi.ac.uk/vol1/fastq/SRR283/032/SRR28397532/SRR28397532_2.fastq.gz,true,FASTQ,11600590065,exact ENA fastq_bytes,true,2026-08-01,ATAC-seq
humanbrainscope,raw,ENA,SRR28397533,https://ftp.sra.ebi.ac.uk/vol1/fastq/SRR283/033/SRR28397533/SRR28397533_1.fastq.gz,true,FASTQ,11748298736,exact ENA fastq_bytes,true,2026-08-01,ATAC-seq
humanbrainscope,raw,ENA,SRR28397533,https://ftp.sra.ebi.ac.uk/vol1/fastq/SRR283/033/SRR28397533/SRR28397533_2.fastq.gz,true,FASTQ,11506199415,exact ENA fastq_bytes,true,2026-08-01,ATAC-seq
humanbrainscope,raw,ENA,SRR28397535,https://ftp.sra.ebi.ac.uk/vol1/fastq/SRR283/035/SRR28397535/SRR28397535_1.fastq.gz,true,FASTQ,10317258581,exact ENA fastq_bytes,true,2026-08-01,ATAC-seq
humanbrainscope,raw,ENA,SRR28397535,https://ftp.sra.ebi.ac.uk/vol1/fastq/SRR283/035/SRR28397535/SRR28397535_2.fastq.gz,true,FASTQ,10111673039,exact ENA fastq_bytes,true,2026-08-01,ATAC-seq
humanbrainscope,raw,ENA,SRR28397542,https://ftp.sra.ebi.ac.uk/vol1/fastq/SRR283/042/SRR28397542/SRR28397542_1.fastq.gz,true,FASTQ,6045947575,exact ENA fastq_bytes,true,2026-08-01,RNA-Seq
humanbrainscope,raw,ENA,SRR28397542,https://ftp.sra.ebi.ac.uk/vol1/fastq/SRR283/042/SRR28397542/SRR28397542_2.fastq.gz,true,FASTQ,12748036696,exact ENA fastq_bytes,true,2026-08-01,RNA-Seq
humanbrainscope,raw,ENA,SRR28397549,https://ftp.sra.ebi.ac.uk/vol1/fastq/SRR283/049/SRR28397549/SRR28397549_1.fastq.gz,true,FASTQ,6115405048,exact ENA fastq_bytes,true,2026-08-01,RNA-Seq
humanbrainscope,raw,ENA,SRR28397549,https://ftp.sra.ebi.ac.uk/vol1/fastq/SRR283/049/SRR28397549/SRR28397549_2.fastq.gz,true,FASTQ,11970000042,exact ENA fastq_bytes,true,2026-08-01,RNA-Seq
humanbrainscope,raw,ENA,SRR28397551,https://ftp.sra.ebi.ac.uk/vol1/fastq/SRR283/051/SRR28397551/SRR28397551_1.fastq.gz,true,FASTQ,6859096942,exact ENA fastq_bytes,true,2026-08-01,RNA-Seq
humanbrainscope,raw,ENA,SRR28397551,https://ftp.sra.ebi.ac.uk/vol1/fastq/SRR283/051/SRR28397551/SRR28397551_2.fastq.gz,true,FASTQ,14119709382,exact ENA fastq_bytes,true,2026-08-01,RNA-Seq
humanbrainscope,raw,ENA,SRR28397553,https://ftp.sra.ebi.ac.uk/vol1/fastq/SRR283/053/SRR28397553/SRR28397553_1.fastq.gz,true,FASTQ,6978017161,exact ENA fastq_bytes,true,2026-08-01,RNA-Seq
humanbrainscope,raw,ENA,SRR28397553,https://ftp.sra.ebi.ac.uk/vol1/fastq/SRR283/053/SRR28397553/SRR28397553_2.fastq.gz,true,FASTQ,14756604398,exact ENA fastq_bytes,true,2026-08-01,RNA-Seq
humanbrainscope,raw,ENA,SRR28397556,https://ftp.sra.ebi.ac.uk/vol1/fastq/SRR283/056/SRR28397556/SRR28397556_1.fastq.gz,true,FASTQ,5930728248,exact ENA fastq_bytes,true,2026-08-01,RNA-Seq
humanbrainscope,raw,ENA,SRR28397556,https://ftp.sra.ebi.ac.uk/vol1/fastq/SRR283/056/SRR28397556/SRR28397556_2.fastq.gz,true,FASTQ,11706799243,exact ENA fastq_bytes,true,2026-08-01,RNA-Seq
humanbrainscope,raw,ENA,SRR28397559,https://ftp.sra.ebi.ac.uk/vol1/fastq/SRR283/059/SRR28397559/SRR28397559_1.fastq.gz,true,FASTQ,7570814258,exact ENA fastq_bytes,true,2026-08-01,RNA-Seq
humanbrainscope,raw,ENA,SRR28397559,https://ftp.sra.ebi.ac.uk/vol1/fastq/SRR283/059/SRR28397559/SRR28397559_2.fastq.gz,true,FASTQ,12202993633,exact ENA fastq_bytes,true,2026-08-01,RNA-Seq
humanbrainscope,raw,ENA,SRR28397560,https://ftp.sra.ebi.ac.uk/vol1/fastq/SRR283/060/SRR28397560/SRR28397560_1.fastq.gz,true,FASTQ,6488773653,exact ENA fastq_bytes,true,2026-08-01,RNA-Seq
humanbrainscope,raw,ENA,SRR28397560,https://ftp.sra.ebi.ac.uk/vol1/fastq/SRR283/060/SRR28397560/SRR28397560_2.fastq.gz,true,FASTQ,13274624677,exact ENA fastq_bytes,true,2026-08-01,RNA-Seq
humanbrainscope,raw,ENA,SRR28397499,https://ftp.sra.ebi.ac.uk/vol1/fastq/SRR283/099/SRR28397499/SRR28397499_1.fastq.gz,true,FASTQ,11229711122,exact ENA fastq_bytes,true,2026-08-01,ATAC-seq
humanbrainscope,raw,ENA,SRR28397499,https://ftp.sra.ebi.ac.uk/vol1/fastq/SRR283/099/SRR28397499/SRR28397499_2.fastq.gz,true,FASTQ,11535656674,exact ENA fastq_bytes,true,2026-08-01,ATAC-seq
humanbrainscope,raw,ENA,SRR28397500,https://ftp.sra.ebi.ac.uk/vol1/fastq/SRR283/000/SRR28397500/SRR28397500_1.fastq.gz,true,FASTQ,11561004680,exact ENA fastq_bytes,true,2026-08-01,ATAC-seq
humanbrainscope,raw,ENA,SRR28397500,https://ftp.sra.ebi.ac.uk/vol1/fastq/SRR283/000/SRR28397500/SRR28397500_2.fastq.gz,true,FASTQ,11247015408,exact ENA fastq_bytes,true,2026-08-01,ATAC-seq
humanbrainscope,raw,ENA,SRR28397507,https://ftp.sra.ebi.ac.uk/vol1/fastq/SRR283/007/SRR28397507/SRR28397507_1.fastq.gz,true,FASTQ,12140470784,exact ENA fastq_bytes,true,2026-08-01,ATAC-seq
humanbrainscope,raw,ENA,SRR28397507,https://ftp.sra.ebi.ac.uk/vol1/fastq/SRR283/007/SRR28397507/SRR28397507_2.fastq.gz,true,FASTQ,12363147499,exact ENA fastq_bytes,true,2026-08-01,ATAC-seq
humanbrainscope,raw,ENA,SRR28397511,https://ftp.sra.ebi.ac.uk/vol1/fastq/SRR283/011/SRR28397511/SRR28397511_1.fastq.gz,true,FASTQ,12395218711,exact ENA fastq_bytes,true,2026-08-01,ATAC-seq
humanbrainscope,raw,ENA,SRR28397511,https://ftp.sra.ebi.ac.uk/vol1/fastq/SRR283/011/SRR28397511/SRR28397511_2.fastq.gz,true,FASTQ,12156671643,exact ENA fastq_bytes,true,2026-08-01,ATAC-seq
humanbrainscope,raw,ENA,SRR28397520,https://ftp.sra.ebi.ac.uk/vol1/fastq/SRR283/020/SRR28397520/SRR28397520_1.fastq.gz,true,FASTQ,6506081821,exact ENA fastq_bytes,true,2026-08-01,RNA-Seq
humanbrainscope,raw,ENA,SRR28397520,https://ftp.sra.ebi.ac.uk/vol1/fastq/SRR283/020/SRR28397520/SRR28397520_2.fastq.gz,true,FASTQ,9873684335,exact ENA fastq_bytes,true,2026-08-01,RNA-Seq
humanbrainscope,raw,ENA,SRR28397521,https://ftp.sra.ebi.ac.uk/vol1/fastq/SRR283/021/SRR28397521/SRR28397521_1.fastq.gz,true,FASTQ,6725682918,exact ENA fastq_bytes,true,2026-08-01,RNA-Seq
humanbrainscope,raw,ENA,SRR28397521,https://ftp.sra.ebi.ac.uk/vol1/fastq/SRR283/021/SRR28397521/SRR28397521_2.fastq.gz,true,FASTQ,10292249964,exact ENA fastq_bytes,true,2026-08-01,RNA-Seq
humanbrainscope,raw,ENA,SRR28397524,https://ftp.sra.ebi.ac.uk/vol1/fastq/SRR283/024/SRR28397524/SRR28397524_1.fastq.gz,true,FASTQ,7240446599,exact ENA fastq_bytes,true,2026-08-01,RNA-Seq
humanbrainscope,raw,ENA,SRR28397524,https://ftp.sra.ebi.ac.uk/vol1/fastq/SRR283/024/SRR28397524/SRR28397524_2.fastq.gz,true,FASTQ,15294590831,exact ENA fastq_bytes,true,2026-08-01,RNA-Seq
humanbrainscope,raw,ENA,SRR28397525,https://ftp.sra.ebi.ac.uk/vol1/fastq/SRR283/025/SRR28397525/SRR28397525_1.fastq.gz,true,FASTQ,7377013601,exact ENA fastq_bytes,true,2026-08-01,RNA-Seq
humanbrainscope,raw,ENA,SRR28397525,https://ftp.sra.ebi.ac.uk/vol1/fastq/SRR283/025/SRR28397525/SRR28397525_2.fastq.gz,true,FASTQ,15645854088,exact ENA fastq_bytes,true,2026-08-01,RNA-Seq
humanbrainscope,raw,ENA,SRR28397527,https://ftp.sra.ebi.ac.uk/vol1/fastq/SRR283/027/SRR28397527/SRR28397527_1.fastq.gz,true,FASTQ,7075938164,exact ENA fastq_bytes,true,2026-08-01,RNA-Seq
humanbrainscope,raw,ENA,SRR28397527,https://ftp.sra.ebi.ac.uk/vol1/fastq/SRR283/027/SRR28397527/SRR28397527_2.fastq.gz,true,FASTQ,14918440573,exact ENA fastq_bytes,true,2026-08-01,RNA-Seq
humanbrainscope,raw,ENA,SRR28397534,https://ftp.sra.ebi.ac.uk/vol1/fastq/SRR283/034/SRR28397534/SRR28397534_1.fastq.gz,true,FASTQ,11500330643,exact ENA fastq_bytes,true,2026-08-01,ATAC-seq
humanbrainscope,raw,ENA,SRR28397534,https://ftp.sra.ebi.ac.uk/vol1/fastq/SRR283/034/SRR28397534/SRR28397534_2.fastq.gz,true,FASTQ,11220761158,exact ENA fastq_bytes,true,2026-08-01,ATAC-seq
humanbrainscope,raw,ENA,SRR28397536,https://ftp.sra.ebi.ac.uk/vol1/fastq/SRR283/036/SRR28397536/SRR28397536_1.fastq.gz,true,FASTQ,10260890204,exact ENA fastq_bytes,true,2026-08-01,ATAC-seq
humanbrainscope,raw,ENA,SRR28397536,https://ftp.sra.ebi.ac.uk/vol1/fastq/SRR283/036/SRR28397536/SRR28397536_2.fastq.gz,true,FASTQ,10368680756,exact ENA fastq_bytes,true,2026-08-01,ATAC-seq
humanbrainscope,raw,ENA,SRR28397537,https://ftp.sra.ebi.ac.uk/vol1/fastq/SRR283/037/SRR28397537/SRR28397537_1.fastq.gz,true,FASTQ,7110710775,exact ENA fastq_bytes,true,2026-08-01,ATAC-seq
humanbrainscope,raw,ENA,SRR28397537,https://ftp.sra.ebi.ac.uk/vol1/fastq/SRR283/037/SRR28397537/SRR28397537_2.fastq.gz,true,FASTQ,6945321125,exact ENA fastq_bytes,true,2026-08-01,ATAC-seq
humanbrainscope,raw,ENA,SRR28397538,https://ftp.sra.ebi.ac.uk/vol1/fastq/SRR283/038/SRR28397538/SRR28397538_1.fastq.gz,true,FASTQ,10620304578,exact ENA fastq_bytes,true,2026-08-01,ATAC-seq
humanbrainscope,raw,ENA,SRR28397538,https://ftp.sra.ebi.ac.uk/vol1/fastq/SRR283/038/SRR28397538/SRR28397538_2.fastq.gz,true,FASTQ,10798182081,exact ENA fastq_bytes,true,2026-08-01,ATAC-seq
humanbrainscope,raw,ENA,SRR28397539,https://ftp.sra.ebi.ac.uk/vol1/fastq/SRR283/039/SRR28397539/SRR28397539_1.fastq.gz,true,FASTQ,7141719565,exact ENA fastq_bytes,true,2026-08-01,RNA-Seq
humanbrainscope,raw,ENA,SRR28397539,https://ftp.sra.ebi.ac.uk/vol1/fastq/SRR283/039/SRR28397539/SRR28397539_2.fastq.gz,true,FASTQ,15541171312,exact ENA fastq_bytes,true,2026-08-01,RNA-Seq
humanbrainscope,raw,ENA,SRR28397540,https://ftp.sra.ebi.ac.uk/vol1/fastq/SRR283/040/SRR28397540/SRR28397540_1.fastq.gz,true,FASTQ,6528786768,exact ENA fastq_bytes,true,2026-08-01,RNA-Seq
humanbrainscope,raw,ENA,SRR28397540,https://ftp.sra.ebi.ac.uk/vol1/fastq/SRR283/040/SRR28397540/SRR28397540_2.fastq.gz,true,FASTQ,14012021103,exact ENA fastq_bytes,true,2026-08-01,RNA-Seq
humanbrainscope,raw,ENA,SRR28397543,https://ftp.sra.ebi.ac.uk/vol1/fastq/SRR283/043/SRR28397543/SRR28397543_1.fastq.gz,true,FASTQ,6186252528,exact ENA fastq_bytes,true,2026-08-01,RNA-Seq
humanbrainscope,raw,ENA,SRR28397543,https://ftp.sra.ebi.ac.uk/vol1/fastq/SRR283/043/SRR28397543/SRR28397543_2.fastq.gz,true,FASTQ,13121086633,exact ENA fastq_bytes,true,2026-08-01,RNA-Seq
humanbrainscope,raw,ENA,SRR28397544,https://ftp.sra.ebi.ac.uk/vol1/fastq/SRR283/044/SRR28397544/SRR28397544_1.fastq.gz,true,FASTQ,6188123626,exact ENA fastq_bytes,true,2026-08-01,RNA-Seq
humanbrainscope,raw,ENA,SRR28397544,https://ftp.sra.ebi.ac.uk/vol1/fastq/SRR283/044/SRR28397544/SRR28397544_2.fastq.gz,true,FASTQ,12970559089,exact ENA fastq_bytes,true,2026-08-01,RNA-Seq
humanbrainscope,raw,ENA,SRR28397545,https://ftp.sra.ebi.ac.uk/vol1/fastq/SRR283/045/SRR28397545/SRR28397545_1.fastq.gz,true,FASTQ,6360796132,exact ENA fastq_bytes,true,2026-08-01,RNA-Seq
humanbrainscope,raw,ENA,SRR28397545,https://ftp.sra.ebi.ac.uk/vol1/fastq/SRR283/045/SRR28397545/SRR28397545_2.fastq.gz,true,FASTQ,13385851874,exact ENA fastq_bytes,true,2026-08-01,RNA-Seq
humanbrainscope,raw,ENA,SRR28397546,https://ftp.sra.ebi.ac.uk/vol1/fastq/SRR283/046/SRR28397546/SRR28397546_1.fastq.gz,true,FASTQ,6224019239,exact ENA fastq_bytes,true,2026-08-01,RNA-Seq
humanbrainscope,raw,ENA,SRR28397546,https://ftp.sra.ebi.ac.uk/vol1/fastq/SRR283/046/SRR28397546/SRR28397546_2.fastq.gz,true,FASTQ,13850927361,exact ENA fastq_bytes,true,2026-08-01,RNA-Seq
humanbrainscope,raw,ENA,SRR28397547,https://ftp.sra.ebi.ac.uk/vol1/fastq/SRR283/047/SRR28397547/SRR28397547_1.fastq.gz,true,FASTQ,6409828494,exact ENA fastq_bytes,true,2026-08-01,RNA-Seq
humanbrainscope,raw,ENA,SRR28397547,https://ftp.sra.ebi.ac.uk/vol1/fastq/SRR283/047/SRR28397547/SRR28397547_2.fastq.gz,true,FASTQ,14346623730,exact ENA fastq_bytes,true,2026-08-01,RNA-Seq
humanbrainscope,raw,ENA,SRR28397548,https://ftp.sra.ebi.ac.uk/vol1/fastq/SRR283/048/SRR28397548/SRR28397548_1.fastq.gz,true,FASTQ,6038966012,exact ENA fastq_bytes,true,2026-08-01,RNA-Seq
humanbrainscope,raw,ENA,SRR28397548,https://ftp.sra.ebi.ac.uk/vol1/fastq/SRR283/048/SRR28397548/SRR28397548_2.fastq.gz,true,FASTQ,11780883921,exact ENA fastq_bytes,true,2026-08-01,RNA-Seq
humanbrainscope,raw,ENA,SRR28397552,https://ftp.sra.ebi.ac.uk/vol1/fastq/SRR283/052/SRR28397552/SRR28397552_1.fastq.gz,true,FASTQ,6715437410,exact ENA fastq_bytes,true,2026-08-01,RNA-Seq
humanbrainscope,raw,ENA,SRR28397552,https://ftp.sra.ebi.ac.uk/vol1/fastq/SRR283/052/SRR28397552/SRR28397552_2.fastq.gz,true,FASTQ,14109312730,exact ENA fastq_bytes,true,2026-08-01,RNA-Seq
humanbrainscope,raw,ENA,SRR28397554,https://ftp.sra.ebi.ac.uk/vol1/fastq/SRR283/054/SRR28397554/SRR28397554_1.fastq.gz,true,FASTQ,7013222971,exact ENA fastq_bytes,true,2026-08-01,RNA-Seq
humanbrainscope,raw,ENA,SRR28397554,https://ftp.sra.ebi.ac.uk/vol1/fastq/SRR283/054/SRR28397554/SRR28397554_2.fastq.gz,true,FASTQ,14922941418,exact ENA fastq_bytes,true,2026-08-01,RNA-Seq
humanbrainscope,raw,ENA,SRR28397557,https://ftp.sra.ebi.ac.uk/vol1/fastq/SRR283/057/SRR28397557/SRR28397557_1.fastq.gz,true,FASTQ,6184903727,exact ENA fastq_bytes,true,2026-08-01,RNA-Seq
humanbrainscope,raw,ENA,SRR28397557,https://ftp.sra.ebi.ac.uk/vol1/fastq/SRR283/057/SRR28397557/SRR28397557_2.fastq.gz,true,FASTQ,12845148841,exact ENA fastq_bytes,true,2026-08-01,RNA-Seq
humanbrainscope,raw,ENA,SRR28397561,https://ftp.sra.ebi.ac.uk/vol1/fastq/SRR283/061/SRR28397561/SRR28397561_1.fastq.gz,true,FASTQ,5645681473,exact ENA fastq_bytes,true,2026-08-01,RNA-Seq
humanbrainscope,raw,ENA,SRR28397561,https://ftp.sra.ebi.ac.uk/vol1/fastq/SRR283/061/SRR28397561/SRR28397561_2.fastq.gz,true,FASTQ,12385541591,exact ENA fastq_bytes,true,2026-08-01,RNA-Seq
humanbrainscope,raw,ENA,SRR28397562,https://ftp.sra.ebi.ac.uk/vol1/fastq/SRR283/062/SRR28397562/SRR28397562_1.fastq.gz,true,FASTQ,7093175349,exact ENA fastq_bytes,true,2026-08-01,RNA-Seq
humanbrainscope,raw,ENA,SRR28397562,https://ftp.sra.ebi.ac.uk/vol1/fastq/SRR283/062/SRR28397562/SRR28397562_2.fastq.gz,true,FASTQ,14343810847,exact ENA fastq_bytes,true,2026-08-01,RNA-Seq
humanbrainscope,processed,GEO,GSE261983,https://ftp.ncbi.nlm.nih.gov/geo/series/GSE261nnn/GSE261983/suppl/GSE261983_RAW.tar,true,TAR,5638574080,exact GEO file listing,true,2026-08-01,
humanbrainscope,processed,GEO,GSE261983,https://ftp.ncbi.nlm.nih.gov/geo/series/GSE261nnn/GSE261983/suppl/GSE261983_ATAC_peakset.bed.gz,true,BED,0,not exposed (HTTPError),false,2026-08-01,
humanbrainscope,processed,author/repository,,https://brainscope.gersteinlab.org/atac_fragment_files.html,false,download page,0,not exposed,false,2026-08-01,
humanbrainscope,processed,author/repository,,https://brainscope.gersteinlab.org/output-signal-peaks.html,false,download page,0,not exposed,false,2026-08-01,
humanbrainscope,processed,author/repository,,https://brainscope.gersteinlab.org/output-ATAC-merge-peak.html,false,download page,0,not exposed,false,2026-08-01,
humanbrainscope,processed,BrainSCOPE,,https://brainscope.gersteinlab.org/data/signal_tracks/Girgenti/Astro.bigwig,true,bigwig,1416383,exact HTTP Content-Length,true,2026-08-01,
humanbrainscope,processed,BrainSCOPE,,https://brainscope.gersteinlab.org/data/signal_tracks/Girgenti/Endo.bigwig,true,bigwig,2242176,exact HTTP Content-Length,true,2026-08-01,
humanbrainscope,processed,BrainSCOPE,,https://brainscope.gersteinlab.org/data/signal_tracks/Girgenti/Exc.bigwig,true,bigwig,3354308,exact HTTP Content-Length,true,2026-08-01,
humanbrainscope,processed,BrainSCOPE,,https://brainscope.gersteinlab.org/data/signal_tracks/Girgenti/Inh.bigwig,true,bigwig,2539188,exact HTTP Content-Length,true,2026-08-01,
humanbrainscope,processed,BrainSCOPE,,https://brainscope.gersteinlab.org/data/signal_tracks/Girgenti/Micro.bigwig,true,bigwig,2061398,exact HTTP Content-Length,true,2026-08-01,
humanbrainscope,processed,BrainSCOPE,,https://brainscope.gersteinlab.org/data/signal_tracks/Girgenti/OPC.bigwig,true,bigwig,1932459,exact HTTP Content-Length,true,2026-08-01,
humanbrainscope,processed,BrainSCOPE,,https://brainscope.gersteinlab.org/data/signal_tracks/Girgenti/Oligo.bigwig,true,bigwig,2086171,exact HTTP Content-Length,true,2026-08-01,
humanbrainscope,processed,BrainSCOPE,,https://brainscope.gersteinlab.org/data/signal_tracks/Girgenti/peakset.bigwig,true,bigwig,6104218,exact HTTP Content-Length,true,2026-08-01,
humanbrainscope,processed,BrainSCOPE,,https://brainscope.gersteinlab.org/data/signal_tracks/StanfordUrbanDLPFC_ATAC/Astro.bigwig,true,bigwig,2337505,exact HTTP Content-Length,true,2026-08-01,
humanbrainscope,processed,BrainSCOPE,,https://brainscope.gersteinlab.org/data/signal_tracks/StanfordUrbanDLPFC_ATAC/Endo.bigwig,true,bigwig,1983190,exact HTTP Content-Length,true,2026-08-01,
humanbrainscope,processed,BrainSCOPE,,https://brainscope.gersteinlab.org/data/signal_tracks/StanfordUrbanDLPFC_ATAC/Exc.bigwig,true,bigwig,3942388,exact HTTP Content-Length,true,2026-08-01,
humanbrainscope,processed,BrainSCOPE,,https://brainscope.gersteinlab.org/data/signal_tracks/StanfordUrbanDLPFC_ATAC/Inh.bigwig,true,bigwig,2311000,exact HTTP Content-Length,true,2026-08-01,
humanbrainscope,processed,BrainSCOPE,,https://brainscope.gersteinlab.org/data/signal_tracks/StanfordUrbanDLPFC_ATAC/Micro.bigwig,true,bigwig,2031646,exact HTTP Content-Length,true,2026-08-01,
humanbrainscope,processed,BrainSCOPE,,https://brainscope.gersteinlab.org/data/signal_tracks/StanfordUrbanDLPFC_ATAC/OPC.bigwig,true,bigwig,1850024,exact HTTP Content-Length,true,2026-08-01,
humanbrainscope,processed,BrainSCOPE,,https://brainscope.gersteinlab.org/data/signal_tracks/StanfordUrbanDLPFC_ATAC/Oligo.bigwig,true,bigwig,2515196,exact HTTP Content-Length,true,2026-08-01,
humanbrainscope,processed,BrainSCOPE,,https://brainscope.gersteinlab.org/data/signal_tracks/StanfordUrbanDLPFC_ATAC/peakset.bigwig,true,bigwig,6550732,exact HTTP Content-Length,true,2026-08-01,
humanbrainscope,processed,BrainSCOPE,,https://brainscope.gersteinlab.org/data/signal_tracks/UCLA_ASD/Astro.bigwig,true,bigwig,2929701,exact HTTP Content-Length,true,2026-08-01,
humanbrainscope,processed,BrainSCOPE,,https://brainscope.gersteinlab.org/data/signal_tracks/UCLA_ASD/Endo.bigwig,true,bigwig,945008,exact HTTP Content-Length,true,2026-08-01,
humanbrainscope,processed,BrainSCOPE,,https://brainscope.gersteinlab.org/data/signal_tracks/UCLA_ASD/Exc.bigwig,true,bigwig,3683964,exact HTTP Content-Length,true,2026-08-01,
humanbrainscope,processed,BrainSCOPE,,https://brainscope.gersteinlab.org/data/signal_tracks/UCLA_ASD/Inh.bigwig,true,bigwig,2763305,exact HTTP Content-Length,true,2026-08-01,
humanbrainscope,processed,BrainSCOPE,,https://brainscope.gersteinlab.org/data/signal_tracks/UCLA_ASD/Micro.bigwig,true,bigwig,2197533,exact HTTP Content-Length,true,2026-08-01,
humanbrainscope,processed,BrainSCOPE,,https://brainscope.gersteinlab.org/data/signal_tracks/UCLA_ASD/OPC.bigwig,true,bigwig,2444738,exact HTTP Content-Length,true,2026-08-01,
humanbrainscope,processed,BrainSCOPE,,https://brainscope.gersteinlab.org/data/signal_tracks/UCLA_ASD/Oligo.bigwig,true,bigwig,2440343,exact HTTP Content-Length,true,2026-08-01,
humanbrainscope,processed,BrainSCOPE,,https://brainscope.gersteinlab.org/data/signal_tracks/UCLA_ASD/peakset.bigwig,true,bigwig,6354354,exact HTTP Content-Length,true,2026-08-01,
humanbrainscope,processed,BrainSCOPE,,https://brainscope.gersteinlab.org/data/atac_peaks/scCRE.PeakCalls.zip,true,ZIP,14777042,exact HTTP Content-Length,true,2026-08-01,
humanbrainscope,processed,BrainSCOPE,,https://brainscope.gersteinlab.org/data/atac_peaks/Astro.PeakCalls.bed,true,BED,4158584,exact HTTP Content-Length,true,2026-08-01,
humanbrainscope,processed,BrainSCOPE,,https://brainscope.gersteinlab.org/data/atac_peaks/Endo.PeakCalls.bed,true,BED,3713682,exact HTTP Content-Length,true,2026-08-01,
humanbrainscope,processed,BrainSCOPE,,https://brainscope.gersteinlab.org/data/atac_peaks/Exc.PeakCalls.bed,true,BED,6973227,exact HTTP Content-Length,true,2026-08-01,
humanbrainscope,processed,BrainSCOPE,,https://brainscope.gersteinlab.org/data/atac_peaks/Micro.PeakCalls.bed,true,BED,3770493,exact HTTP Content-Length,true,2026-08-01,
humanbrainscope,processed,BrainSCOPE,,https://brainscope.gersteinlab.org/data/atac_peaks/OPC.PeakCalls.bed,true,BED,3346032,exact HTTP Content-Length,true,2026-08-01,
humanbrainscope,processed,BrainSCOPE,,https://brainscope.gersteinlab.org/data/atac_peaks/Oligo.PeakCalls.bed,true,BED,4267561,exact HTTP Content-Length,true,2026-08-01,
humanbrainscope,processed,BrainSCOPE,,https://brainscope.gersteinlab.org/data/atac_peaks/All.celltypes.Union.PeakCalls.bed,true,BED,13430381,exact HTTP Content-Length,true,2026-08-01,
humanfetal,raw,repository,,https://www.ncbi.nlm.nih.gov/projects/gap/cgi-bin/study.cgi?study_id=phs002003.v1.p1,false,repository landing page,0,not exposed,false,2026-08-01,
humanfetal,processed,GEO,GSE149683,https://ftp.ncbi.nlm.nih.gov/geo/series/GSE149nnn/GSE149683/suppl/GSE149683_RAW.tar,true,TAR,31177328640,exact GEO file listing,true,2026-08-01,
humanfetal,processed,author/repository,,https://www.ncbi.nlm.nih.gov/geo/query/acc.cgi?acc=GSE149683,false,download page,0,not exposed,false,2026-08-01,
humanheart,raw,repository,,https://www.ncbi.nlm.nih.gov/projects/gap/cgi-bin/study.cgi?study_id=phs002204.v1.p1,false,repository landing page,0,not exposed,false,2026-08-01,
humanheart,processed,GEO,GSE165837,https://ftp.ncbi.nlm.nih.gov/geo/series/GSE165nnn/GSE165837/suppl/GSE165837_RAW.tar,true,TAR,0,not exposed (HTTPError),false,2026-08-01,
humanheart,processed,GEO,GSE165837,https://ftp.ncbi.nlm.nih.gov/geo/series/GSE165nnn/GSE165837/suppl/GSE165837_CARE_ATAC_merged_matrix.mtx.gz,true,MTX,0,not exposed (HTTPError),false,2026-08-01,
humanheart,processed,GEO,GSE165837,https://ftp.ncbi.nlm.nih.gov/geo/series/GSE165nnn/GSE165837/suppl/GSE165837_Union_peak_set_RAS.tsv.gz,true,GZ,0,not exposed (HTTPError),false,2026-08-01,
humanheart,processed,author/repository,,https://www.ncbi.nlm.nih.gov/geo/query/acc.cgi?acc=GSE165837,false,download page,0,not exposed,false,2026-08-01,
humanneo,raw,repository,,https://www.ncbi.nlm.nih.gov/bioproject/PRJNA953340,false,repository landing page,0,not exposed,false,2026-08-01,
humanneo,raw,ENA,SRR24107459,https://ftp.sra.ebi.ac.uk/vol1/fastq/SRR241/059/SRR24107459/SRR24107459_1.fastq.gz,true,FASTQ,18514702591,exact ENA fastq_bytes,true,2026-08-01,RNA-Seq
humanneo,raw,ENA,SRR24107459,https://ftp.sra.ebi.ac.uk/vol1/fastq/SRR241/059/SRR24107459/SRR24107459_2.fastq.gz,true,FASTQ,18660035164,exact ENA fastq_bytes,true,2026-08-01,RNA-Seq
humanneo,raw,ENA,SRR24107476,https://ftp.sra.ebi.ac.uk/vol1/fastq/SRR241/076/SRR24107476/SRR24107476.fastq.gz,true,FASTQ,355604541,exact ENA fastq_bytes,true,2026-08-01,RNA-Seq
humanneo,raw,ENA,SRR24107478,https://ftp.sra.ebi.ac.uk/vol1/fastq/SRR241/078/SRR24107478/SRR24107478.fastq.gz,true,FASTQ,354352766,exact ENA fastq_bytes,true,2026-08-01,RNA-Seq
humanneo,raw,ENA,SRR24107484,https://ftp.sra.ebi.ac.uk/vol1/fastq/SRR241/084/SRR24107484/SRR24107484_1.fastq.gz,true,FASTQ,933048248,exact ENA fastq_bytes,true,2026-08-01,ATAC-seq
humanneo,raw,ENA,SRR24107484,https://ftp.sra.ebi.ac.uk/vol1/fastq/SRR241/084/SRR24107484/SRR24107484_2.fastq.gz,true,FASTQ,937350594,exact ENA fastq_bytes,true,2026-08-01,ATAC-seq
humanneo,raw,ENA,SRR24107488,https://ftp.sra.ebi.ac.uk/vol1/fastq/SRR241/088/SRR24107488/SRR24107488_1.fastq.gz,true,FASTQ,163420536,exact ENA fastq_bytes,true,2026-08-01,ATAC-seq
humanneo,raw,ENA,SRR24107488,https://ftp.sra.ebi.ac.uk/vol1/fastq/SRR241/088/SRR24107488/SRR24107488_2.fastq.gz,true,FASTQ,163250464,exact ENA fastq_bytes,true,2026-08-01,ATAC-seq
humanneo,raw,ENA,SRR24107489,https://ftp.sra.ebi.ac.uk/vol1/fastq/SRR241/089/SRR24107489/SRR24107489_1.fastq.gz,true,FASTQ,169925565,exact ENA fastq_bytes,true,2026-08-01,ATAC-seq
humanneo,raw,ENA,SRR24107489,https://ftp.sra.ebi.ac.uk/vol1/fastq/SRR241/089/SRR24107489/SRR24107489_2.fastq.gz,true,FASTQ,169730052,exact ENA fastq_bytes,true,2026-08-01,ATAC-seq
humanneo,raw,ENA,SRR24107490,https://ftp.sra.ebi.ac.uk/vol1/fastq/SRR241/090/SRR24107490/SRR24107490_1.fastq.gz,true,FASTQ,162474132,exact ENA fastq_bytes,true,2026-08-01,ATAC-seq
humanneo,raw,ENA,SRR24107490,https://ftp.sra.ebi.ac.uk/vol1/fastq/SRR241/090/SRR24107490/SRR24107490_2.fastq.gz,true,FASTQ,162296896,exact ENA fastq_bytes,true,2026-08-01,ATAC-seq
humanneo,raw,ENA,SRR24107491,https://ftp.sra.ebi.ac.uk/vol1/fastq/SRR241/091/SRR24107491/SRR24107491_1.fastq.gz,true,FASTQ,20774559234,exact ENA fastq_bytes,true,2026-08-01,RNA-Seq
humanneo,raw,ENA,SRR24107491,https://ftp.sra.ebi.ac.uk/vol1/fastq/SRR241/091/SRR24107491/SRR24107491_2.fastq.gz,true,FASTQ,20889497693,exact ENA fastq_bytes,true,2026-08-01,RNA-Seq
humanneo,raw,ENA,SRR24107492,https://ftp.sra.ebi.ac.uk/vol1/fastq/SRR241/092/SRR24107492/SRR24107492_1.fastq.gz,true,FASTQ,14418762895,exact ENA fastq_bytes,true,2026-08-01,ATAC-seq
humanneo,raw,ENA,SRR24107492,https://ftp.sra.ebi.ac.uk/vol1/fastq/SRR241/092/SRR24107492/SRR24107492_2.fastq.gz,true,FASTQ,14530692592,exact ENA fastq_bytes,true,2026-08-01,ATAC-seq
humanneo,raw,ENA,SRR24107498,https://ftp.sra.ebi.ac.uk/vol1/fastq/SRR241/098/SRR24107498/SRR24107498_1.fastq.gz,true,FASTQ,15378027,exact ENA fastq_bytes,true,2026-08-01,RNA-Seq
humanneo,raw,ENA,SRR24107498,https://ftp.sra.ebi.ac.uk/vol1/fastq/SRR241/098/SRR24107498/SRR24107498_2.fastq.gz,true,FASTQ,30245286,exact ENA fastq_bytes,true,2026-08-01,RNA-Seq
humanneo,raw,ENA,SRR24107500,https://ftp.sra.ebi.ac.uk/vol1/fastq/SRR241/000/SRR24107500/SRR24107500_1.fastq.gz,true,FASTQ,15626481,exact ENA fastq_bytes,true,2026-08-01,RNA-Seq
humanneo,raw,ENA,SRR24107500,https://ftp.sra.ebi.ac.uk/vol1/fastq/SRR241/000/SRR24107500/SRR24107500_2.fastq.gz,true,FASTQ,30734796,exact ENA fastq_bytes,true,2026-08-01,RNA-Seq
humanneo,raw,ENA,SRR24107509,https://ftp.sra.ebi.ac.uk/vol1/fastq/SRR241/009/SRR24107509/SRR24107509_1.fastq.gz,true,FASTQ,11897933173,exact ENA fastq_bytes,true,2026-08-01,ATAC-seq
humanneo,raw,ENA,SRR24107509,https://ftp.sra.ebi.ac.uk/vol1/fastq/SRR241/009/SRR24107509/SRR24107509_2.fastq.gz,true,FASTQ,11973873807,exact ENA fastq_bytes,true,2026-08-01,ATAC-seq
humanneo,raw,ENA,SRR24107510,https://ftp.sra.ebi.ac.uk/vol1/fastq/SRR241/010/SRR24107510/SRR24107510_1.fastq.gz,true,FASTQ,11873835946,exact ENA fastq_bytes,true,2026-08-01,ATAC-seq
humanneo,raw,ENA,SRR24107510,https://ftp.sra.ebi.ac.uk/vol1/fastq/SRR241/010/SRR24107510/SRR24107510_2.fastq.gz,true,FASTQ,11948379151,exact ENA fastq_bytes,true,2026-08-01,ATAC-seq
humanneo,raw,ENA,SRR24107515,https://ftp.sra.ebi.ac.uk/vol1/fastq/SRR241/015/SRR24107515/SRR24107515_1.fastq.gz,true,FASTQ,15511865,exact ENA fastq_bytes,true,2026-08-01,RNA-Seq
humanneo,raw,ENA,SRR24107515,https://ftp.sra.ebi.ac.uk/vol1/fastq/SRR241/015/SRR24107515/SRR24107515_2.fastq.gz,true,FASTQ,30510207,exact ENA fastq_bytes,true,2026-08-01,RNA-Seq
humanneo,raw,ENA,SRR24107516,https://ftp.sra.ebi.ac.uk/vol1/fastq/SRR241/016/SRR24107516/SRR24107516_1.fastq.gz,true,FASTQ,904148175,exact ENA fastq_bytes,true,2026-08-01,ATAC-seq
humanneo,raw,ENA,SRR24107516,https://ftp.sra.ebi.ac.uk/vol1/fastq/SRR241/016/SRR24107516/SRR24107516_2.fastq.gz,true,FASTQ,910840112,exact ENA fastq_bytes,true,2026-08-01,ATAC-seq
humanneo,raw,ENA,SRR24107524,https://ftp.sra.ebi.ac.uk/vol1/fastq/SRR241/024/SRR24107524/SRR24107524_1.fastq.gz,true,FASTQ,9519990540,exact ENA fastq_bytes,true,2026-08-01,ATAC-seq
humanneo,raw,ENA,SRR24107524,https://ftp.sra.ebi.ac.uk/vol1/fastq/SRR241/024/SRR24107524/SRR24107524_2.fastq.gz,true,FASTQ,9570667741,exact ENA fastq_bytes,true,2026-08-01,ATAC-seq
humanneo,raw,ENA,SRR24107577,https://ftp.sra.ebi.ac.uk/vol1/fastq/SRR241/077/SRR24107577/SRR24107577_1.fastq.gz,true,FASTQ,1163289744,exact ENA fastq_bytes,true,2026-08-01,ATAC-seq
humanneo,raw,ENA,SRR24107577,https://ftp.sra.ebi.ac.uk/vol1/fastq/SRR241/077/SRR24107577/SRR24107577_2.fastq.gz,true,FASTQ,1169946037,exact ENA fastq_bytes,true,2026-08-01,ATAC-seq
humanneo,raw,ENA,SRR24107587,https://ftp.sra.ebi.ac.uk/vol1/fastq/SRR241/087/SRR24107587/SRR24107587_1.fastq.gz,true,FASTQ,1161950982,exact ENA fastq_bytes,true,2026-08-01,ATAC-seq
humanneo,raw,ENA,SRR24107587,https://ftp.sra.ebi.ac.uk/vol1/fastq/SRR241/087/SRR24107587/SRR24107587_2.fastq.gz,true,FASTQ,1168105440,exact ENA fastq_bytes,true,2026-08-01,ATAC-seq
humanneo,raw,ENA,SRR24107588,https://ftp.sra.ebi.ac.uk/vol1/fastq/SRR241/088/SRR24107588/SRR24107588_1.fastq.gz,true,FASTQ,1172141125,exact ENA fastq_bytes,true,2026-08-01,ATAC-seq
humanneo,raw,ENA,SRR24107588,https://ftp.sra.ebi.ac.uk/vol1/fastq/SRR241/088/SRR24107588/SRR24107588_2.fastq.gz,true,FASTQ,1178882059,exact ENA fastq_bytes,true,2026-08-01,ATAC-seq
humanneo,raw,ENA,SRR24107597,https://ftp.sra.ebi.ac.uk/vol1/fastq/SRR241/097/SRR24107597/SRR24107597_1.fastq.gz,true,FASTQ,18059084804,exact ENA fastq_bytes,true,2026-08-01,ATAC-seq
humanneo,raw,ENA,SRR24107597,https://ftp.sra.ebi.ac.uk/vol1/fastq/SRR241/097/SRR24107597/SRR24107597_2.fastq.gz,true,FASTQ,18411195945,exact ENA fastq_bytes,true,2026-08-01,ATAC-seq
humanneo,raw,ENA,SRR24107598,https://ftp.sra.ebi.ac.uk/vol1/fastq/SRR241/098/SRR24107598/SRR24107598_1.fastq.gz,true,FASTQ,18057773710,exact ENA fastq_bytes,true,2026-08-01,ATAC-seq
humanneo,raw,ENA,SRR24107598,https://ftp.sra.ebi.ac.uk/vol1/fastq/SRR241/098/SRR24107598/SRR24107598_2.fastq.gz,true,FASTQ,18406228430,exact ENA fastq_bytes,true,2026-08-01,ATAC-seq
humanneo,raw,ENA,SRR24107600,https://ftp.sra.ebi.ac.uk/vol1/fastq/SRR241/000/SRR24107600/SRR24107600_1.fastq.gz,true,FASTQ,1091582493,exact ENA fastq_bytes,true,2026-08-01,ATAC-seq
humanneo,raw,ENA,SRR24107600,https://ftp.sra.ebi.ac.uk/vol1/fastq/SRR241/000/SRR24107600/SRR24107600_2.fastq.gz,true,FASTQ,1097276488,exact ENA fastq_bytes,true,2026-08-01,ATAC-seq
humanneo,raw,ENA,SRR24107602,https://ftp.sra.ebi.ac.uk/vol1/fastq/SRR241/002/SRR24107602/SRR24107602_1.fastq.gz,true,FASTQ,1556326107,exact ENA fastq_bytes,true,2026-08-01,ATAC-seq
humanneo,raw,ENA,SRR24107602,https://ftp.sra.ebi.ac.uk/vol1/fastq/SRR241/002/SRR24107602/SRR24107602_2.fastq.gz,true,FASTQ,1563456061,exact ENA fastq_bytes,true,2026-08-01,ATAC-seq
humanneo,raw,ENA,SRR24107475,https://ftp.sra.ebi.ac.uk/vol1/fastq/SRR241/075/SRR24107475/SRR24107475.fastq.gz,true,FASTQ,358691900,exact ENA fastq_bytes,true,2026-08-01,RNA-Seq
humanneo,raw,ENA,SRR24107479,https://ftp.sra.ebi.ac.uk/vol1/fastq/SRR241/079/SRR24107479/SRR24107479_1.fastq.gz,true,FASTQ,18772680853,exact ENA fastq_bytes,true,2026-08-01,ATAC-seq
humanneo,raw,ENA,SRR24107479,https://ftp.sra.ebi.ac.uk/vol1/fastq/SRR241/079/SRR24107479/SRR24107479_2.fastq.gz,true,FASTQ,18895159941,exact ENA fastq_bytes,true,2026-08-01,ATAC-seq
humanneo,raw,ENA,SRR24107480,https://ftp.sra.ebi.ac.uk/vol1/fastq/SRR241/080/SRR24107480/SRR24107480_1.fastq.gz,true,FASTQ,18771683089,exact ENA fastq_bytes,true,2026-08-01,ATAC-seq
humanneo,raw,ENA,SRR24107480,https://ftp.sra.ebi.ac.uk/vol1/fastq/SRR241/080/SRR24107480/SRR24107480_2.fastq.gz,true,FASTQ,18883958226,exact ENA fastq_bytes,true,2026-08-01,ATAC-seq
humanneo,raw,ENA,SRR24107481,https://ftp.sra.ebi.ac.uk/vol1/fastq/SRR241/081/SRR24107481/SRR24107481_1.fastq.gz,true,FASTQ,19066604825,exact ENA fastq_bytes,true,2026-08-01,ATAC-seq
humanneo,raw,ENA,SRR24107481,https://ftp.sra.ebi.ac.uk/vol1/fastq/SRR241/081/SRR24107481/SRR24107481_2.fastq.gz,true,FASTQ,19188798904,exact ENA fastq_bytes,true,2026-08-01,ATAC-seq
humanneo,raw,ENA,SRR24107482,https://ftp.sra.ebi.ac.uk/vol1/fastq/SRR241/082/SRR24107482/SRR24107482_1.fastq.gz,true,FASTQ,919536300,exact ENA fastq_bytes,true,2026-08-01,ATAC-seq
humanneo,raw,ENA,SRR24107482,https://ftp.sra.ebi.ac.uk/vol1/fastq/SRR241/082/SRR24107482/SRR24107482_2.fastq.gz,true,FASTQ,923123596,exact ENA fastq_bytes,true,2026-08-01,ATAC-seq
humanneo,raw,ENA,SRR24107483,https://ftp.sra.ebi.ac.uk/vol1/fastq/SRR241/083/SRR24107483/SRR24107483_1.fastq.gz,true,FASTQ,926767431,exact ENA fastq_bytes,true,2026-08-01,ATAC-seq
humanneo,raw,ENA,SRR24107483,https://ftp.sra.ebi.ac.uk/vol1/fastq/SRR241/083/SRR24107483/SRR24107483_2.fastq.gz,true,FASTQ,930819457,exact ENA fastq_bytes,true,2026-08-01,ATAC-seq
humanneo,raw,ENA,SRR24107487,https://ftp.sra.ebi.ac.uk/vol1/fastq/SRR241/087/SRR24107487/SRR24107487_1.fastq.gz,true,FASTQ,167697107,exact ENA fastq_bytes,true,2026-08-01,ATAC-seq
humanneo,raw,ENA,SRR24107487,https://ftp.sra.ebi.ac.uk/vol1/fastq/SRR241/087/SRR24107487/SRR24107487_2.fastq.gz,true,FASTQ,167495352,exact ENA fastq_bytes,true,2026-08-01,ATAC-seq
humanneo,raw,ENA,SRR24107497,https://ftp.sra.ebi.ac.uk/vol1/fastq/SRR241/097/SRR24107497/SRR24107497_1.fastq.gz,true,FASTQ,16831348287,exact ENA fastq_bytes,true,2026-08-01,RNA-Seq
humanneo,raw,ENA,SRR24107497,https://ftp.sra.ebi.ac.uk/vol1/fastq/SRR241/097/SRR24107497/SRR24107497_2.fastq.gz,true,FASTQ,16701007155,exact ENA fastq_bytes,true,2026-08-01,RNA-Seq
humanneo,raw,ENA,SRR24107499,https://ftp.sra.ebi.ac.uk/vol1/fastq/SRR241/099/SRR24107499/SRR24107499_1.fastq.gz,true,FASTQ,15325220,exact ENA fastq_bytes,true,2026-08-01,RNA-Seq
humanneo,raw,ENA,SRR24107499,https://ftp.sra.ebi.ac.uk/vol1/fastq/SRR241/099/SRR24107499/SRR24107499_2.fastq.gz,true,FASTQ,30155831,exact ENA fastq_bytes,true,2026-08-01,RNA-Seq
humanneo,raw,ENA,SRR24107502,https://ftp.sra.ebi.ac.uk/vol1/fastq/SRR241/002/SRR24107502/SRR24107502_1.fastq.gz,true,FASTQ,14413046871,exact ENA fastq_bytes,true,2026-08-01,ATAC-seq
humanneo,raw,ENA,SRR24107502,https://ftp.sra.ebi.ac.uk/vol1/fastq/SRR241/002/SRR24107502/SRR24107502_2.fastq.gz,true,FASTQ,14516288876,exact ENA fastq_bytes,true,2026-08-01,ATAC-seq
humanneo,raw,ENA,SRR24107504,https://ftp.sra.ebi.ac.uk/vol1/fastq/SRR241/004/SRR24107504/SRR24107504_1.fastq.gz,true,FASTQ,915570115,exact ENA fastq_bytes,true,2026-08-01,ATAC-seq
humanneo,raw,ENA,SRR24107504,https://ftp.sra.ebi.ac.uk/vol1/fastq/SRR241/004/SRR24107504/SRR24107504_2.fastq.gz,true,FASTQ,922703619,exact ENA fastq_bytes,true,2026-08-01,ATAC-seq
humanneo,raw,ENA,SRR24107505,https://ftp.sra.ebi.ac.uk/vol1/fastq/SRR241/005/SRR24107505/SRR24107505_1.fastq.gz,true,FASTQ,91131319,exact ENA fastq_bytes,true,2026-08-01,ATAC-seq
humanneo,raw,ENA,SRR24107505,https://ftp.sra.ebi.ac.uk/vol1/fastq/SRR241/005/SRR24107505/SRR24107505_2.fastq.gz,true,FASTQ,90958648,exact ENA fastq_bytes,true,2026-08-01,ATAC-seq
humanneo,raw,ENA,SRR24107506,https://ftp.sra.ebi.ac.uk/vol1/fastq/SRR241/006/SRR24107506/SRR24107506_1.fastq.gz,true,FASTQ,92328141,exact ENA fastq_bytes,true,2026-08-01,ATAC-seq
humanneo,raw,ENA,SRR24107506,https://ftp.sra.ebi.ac.uk/vol1/fastq/SRR241/006/SRR24107506/SRR24107506_2.fastq.gz,true,FASTQ,92142723,exact ENA fastq_bytes,true,2026-08-01,ATAC-seq
humanneo,raw,ENA,SRR24107511,https://ftp.sra.ebi.ac.uk/vol1/fastq/SRR241/011/SRR24107511/SRR24107511_1.fastq.gz,true,FASTQ,4372345587,exact ENA fastq_bytes,true,2026-08-01,RNA-Seq
humanneo,raw,ENA,SRR24107511,https://ftp.sra.ebi.ac.uk/vol1/fastq/SRR241/011/SRR24107511/SRR24107511_2.fastq.gz,true,FASTQ,4340383494,exact ENA fastq_bytes,true,2026-08-01,RNA-Seq
humanneo,raw,ENA,SRR24107512,https://ftp.sra.ebi.ac.uk/vol1/fastq/SRR241/012/SRR24107512/SRR24107512_1.fastq.gz,true,FASTQ,15989798,exact ENA fastq_bytes,true,2026-08-01,RNA-Seq
humanneo,raw,ENA,SRR24107512,https://ftp.sra.ebi.ac.uk/vol1/fastq/SRR241/012/SRR24107512/SRR24107512_2.fastq.gz,true,FASTQ,31457124,exact ENA fastq_bytes,true,2026-08-01,RNA-Seq
humanneo,raw,ENA,SRR24107519,https://ftp.sra.ebi.ac.uk/vol1/fastq/SRR241/019/SRR24107519/SRR24107519_1.fastq.gz,true,FASTQ,105620147,exact ENA fastq_bytes,true,2026-08-01,ATAC-seq
humanneo,raw,ENA,SRR24107519,https://ftp.sra.ebi.ac.uk/vol1/fastq/SRR241/019/SRR24107519/SRR24107519_2.fastq.gz,true,FASTQ,105445783,exact ENA fastq_bytes,true,2026-08-01,ATAC-seq
humanneo,raw,ENA,SRR24107520,https://ftp.sra.ebi.ac.uk/vol1/fastq/SRR241/020/SRR24107520/SRR24107520_1.fastq.gz,true,FASTQ,107223915,exact ENA fastq_bytes,true,2026-08-01,ATAC-seq
humanneo,raw,ENA,SRR24107520,https://ftp.sra.ebi.ac.uk/vol1/fastq/SRR241/020/SRR24107520/SRR24107520_2.fastq.gz,true,FASTQ,107038333,exact ENA fastq_bytes,true,2026-08-01,ATAC-seq
humanneo,raw,ENA,SRR24107522,https://ftp.sra.ebi.ac.uk/vol1/fastq/SRR241/022/SRR24107522/SRR24107522_1.fastq.gz,true,FASTQ,104399147,exact ENA fastq_bytes,true,2026-08-01,ATAC-seq
humanneo,raw,ENA,SRR24107522,https://ftp.sra.ebi.ac.uk/vol1/fastq/SRR241/022/SRR24107522/SRR24107522_2.fastq.gz,true,FASTQ,104215880,exact ENA fastq_bytes,true,2026-08-01,ATAC-seq
humanneo,raw,ENA,SRR24107558,https://ftp.sra.ebi.ac.uk/vol1/fastq/SRR241/058/SRR24107558/SRR24107558_1.fastq.gz,true,FASTQ,7924625186,exact ENA fastq_bytes,true,2026-08-01,RNA-Seq
humanneo,raw,ENA,SRR24107558,https://ftp.sra.ebi.ac.uk/vol1/fastq/SRR241/058/SRR24107558/SRR24107558_2.fastq.gz,true,FASTQ,7465057212,exact ENA fastq_bytes,true,2026-08-01,RNA-Seq
humanneo,raw,ENA,SRR24107582,https://ftp.sra.ebi.ac.uk/vol1/fastq/SRR241/082/SRR24107582/SRR24107582_1.fastq.gz,true,FASTQ,733934010,exact ENA fastq_bytes,true,2026-08-01,RNA-Seq
humanneo,raw,ENA,SRR24107582,https://ftp.sra.ebi.ac.uk/vol1/fastq/SRR241/082/SRR24107582/SRR24107582_2.fastq.gz,true,FASTQ,700312495,exact ENA fastq_bytes,true,2026-08-01,RNA-Seq
humanneo,raw,ENA,SRR24107583,https://ftp.sra.ebi.ac.uk/vol1/fastq/SRR241/083/SRR24107583/SRR24107583.fastq.gz,true,FASTQ,346072057,exact ENA fastq_bytes,true,2026-08-01,RNA-Seq
humanneo,raw,ENA,SRR24107584,https://ftp.sra.ebi.ac.uk/vol1/fastq/SRR241/084/SRR24107584/SRR24107584.fastq.gz,true,FASTQ,344351039,exact ENA fastq_bytes,true,2026-08-01,RNA-Seq
humanneo,raw,ENA,SRR24107585,https://ftp.sra.ebi.ac.uk/vol1/fastq/SRR241/085/SRR24107585/SRR24107585.fastq.gz,true,FASTQ,353090859,exact ENA fastq_bytes,true,2026-08-01,RNA-Seq
humanneo,raw,ENA,SRR24107586,https://ftp.sra.ebi.ac.uk/vol1/fastq/SRR241/086/SRR24107586/SRR24107586.fastq.gz,true,FASTQ,342889295,exact ENA fastq_bytes,true,2026-08-01,RNA-Seq
humanneo,raw,ENA,SRR24107590,https://ftp.sra.ebi.ac.uk/vol1/fastq/SRR241/090/SRR24107590/SRR24107590_1.fastq.gz,true,FASTQ,1559265966,exact ENA fastq_bytes,true,2026-08-01,ATAC-seq
humanneo,raw,ENA,SRR24107590,https://ftp.sra.ebi.ac.uk/vol1/fastq/SRR241/090/SRR24107590/SRR24107590_2.fastq.gz,true,FASTQ,1566292355,exact ENA fastq_bytes,true,2026-08-01,ATAC-seq
humanneo,raw,ENA,SRR24107596,https://ftp.sra.ebi.ac.uk/vol1/fastq/SRR241/096/SRR24107596/SRR24107596_1.fastq.gz,true,FASTQ,11408188243,exact ENA fastq_bytes,true,2026-08-01,ATAC-seq
humanneo,raw,ENA,SRR24107596,https://ftp.sra.ebi.ac.uk/vol1/fastq/SRR241/096/SRR24107596/SRR24107596_2.fastq.gz,true,FASTQ,11584782492,exact ENA fastq_bytes,true,2026-08-01,ATAC-seq
humanneo,raw,ENA,SRR24107473,https://ftp.sra.ebi.ac.uk/vol1/fastq/SRR241/073/SRR24107473/SRR24107473_1.fastq.gz,true,FASTQ,1083906052,exact ENA fastq_bytes,true,2026-08-01,RNA-Seq
humanneo,raw,ENA,SRR24107473,https://ftp.sra.ebi.ac.uk/vol1/fastq/SRR241/073/SRR24107473/SRR24107473_2.fastq.gz,true,FASTQ,1015257618,exact ENA fastq_bytes,true,2026-08-01,RNA-Seq
humanneo,raw,ENA,SRR24107474,https://ftp.sra.ebi.ac.uk/vol1/fastq/SRR241/074/SRR24107474/SRR24107474_1.fastq.gz,true,FASTQ,3245803219,exact ENA fastq_bytes,true,2026-08-01,RNA-Seq
humanneo,raw,ENA,SRR24107474,https://ftp.sra.ebi.ac.uk/vol1/fastq/SRR241/074/SRR24107474/SRR24107474_2.fastq.gz,true,FASTQ,2993146991,exact ENA fastq_bytes,true,2026-08-01,RNA-Seq
humanneo,raw,ENA,SRR24107477,https://ftp.sra.ebi.ac.uk/vol1/fastq/SRR241/077/SRR24107477/SRR24107477.fastq.gz,true,FASTQ,366281319,exact ENA fastq_bytes,true,2026-08-01,RNA-Seq
humanneo,raw,ENA,SRR24107485,https://ftp.sra.ebi.ac.uk/vol1/fastq/SRR241/085/SRR24107485/SRR24107485_1.fastq.gz,true,FASTQ,3799967825,exact ENA fastq_bytes,true,2026-08-01,ATAC-seq
humanneo,raw,ENA,SRR24107485,https://ftp.sra.ebi.ac.uk/vol1/fastq/SRR241/085/SRR24107485/SRR24107485_2.fastq.gz,true,FASTQ,3813763353,exact ENA fastq_bytes,true,2026-08-01,ATAC-seq
humanneo,raw,ENA,SRR24107486,https://ftp.sra.ebi.ac.uk/vol1/fastq/SRR241/086/SRR24107486/SRR24107486_1.fastq.gz,true,FASTQ,3804848301,exact ENA fastq_bytes,true,2026-08-01,ATAC-seq
humanneo,raw,ENA,SRR24107486,https://ftp.sra.ebi.ac.uk/vol1/fastq/SRR241/086/SRR24107486/SRR24107486_2.fastq.gz,true,FASTQ,3818560189,exact ENA fastq_bytes,true,2026-08-01,ATAC-seq
humanneo,raw,ENA,SRR24107501,https://ftp.sra.ebi.ac.uk/vol1/fastq/SRR241/001/SRR24107501/SRR24107501_1.fastq.gz,true,FASTQ,14871148,exact ENA fastq_bytes,true,2026-08-01,RNA-Seq
humanneo,raw,ENA,SRR24107501,https://ftp.sra.ebi.ac.uk/vol1/fastq/SRR241/001/SRR24107501/SRR24107501_2.fastq.gz,true,FASTQ,29238217,exact ENA fastq_bytes,true,2026-08-01,RNA-Seq
humanneo,raw,ENA,SRR24107503,https://ftp.sra.ebi.ac.uk/vol1/fastq/SRR241/003/SRR24107503/SRR24107503_1.fastq.gz,true,FASTQ,14601889912,exact ENA fastq_bytes,true,2026-08-01,ATAC-seq
humanneo,raw,ENA,SRR24107503,https://ftp.sra.ebi.ac.uk/vol1/fastq/SRR241/003/SRR24107503/SRR24107503_2.fastq.gz,true,FASTQ,14713525511,exact ENA fastq_bytes,true,2026-08-01,ATAC-seq
humanneo,raw,ENA,SRR24107507,https://ftp.sra.ebi.ac.uk/vol1/fastq/SRR241/007/SRR24107507/SRR24107507_1.fastq.gz,true,FASTQ,89639764,exact ENA fastq_bytes,true,2026-08-01,ATAC-seq
humanneo,raw,ENA,SRR24107507,https://ftp.sra.ebi.ac.uk/vol1/fastq/SRR241/007/SRR24107507/SRR24107507_2.fastq.gz,true,FASTQ,89463072,exact ENA fastq_bytes,true,2026-08-01,ATAC-seq
humanneo,raw,ENA,SRR24107508,https://ftp.sra.ebi.ac.uk/vol1/fastq/SRR241/008/SRR24107508/SRR24107508_1.fastq.gz,true,FASTQ,89786159,exact ENA fastq_bytes,true,2026-08-01,ATAC-seq
humanneo,raw,ENA,SRR24107508,https://ftp.sra.ebi.ac.uk/vol1/fastq/SRR241/008/SRR24107508/SRR24107508_2.fastq.gz,true,FASTQ,89605068,exact ENA fastq_bytes,true,2026-08-01,ATAC-seq
humanneo,raw,ENA,SRR24107513,https://ftp.sra.ebi.ac.uk/vol1/fastq/SRR241/013/SRR24107513/SRR24107513_1.fastq.gz,true,FASTQ,15920562,exact ENA fastq_bytes,true,2026-08-01,RNA-Seq
humanneo,raw,ENA,SRR24107513,https://ftp.sra.ebi.ac.uk/vol1/fastq/SRR241/013/SRR24107513/SRR24107513_2.fastq.gz,true,FASTQ,31335198,exact ENA fastq_bytes,true,2026-08-01,RNA-Seq
humanneo,raw,ENA,SRR24107514,https://ftp.sra.ebi.ac.uk/vol1/fastq/SRR241/014/SRR24107514/SRR24107514_1.fastq.gz,true,FASTQ,16286371,exact ENA fastq_bytes,true,2026-08-01,RNA-Seq
humanneo,raw,ENA,SRR24107514,https://ftp.sra.ebi.ac.uk/vol1/fastq/SRR241/014/SRR24107514/SRR24107514_2.fastq.gz,true,FASTQ,32045052,exact ENA fastq_bytes,true,2026-08-01,RNA-Seq
humanneo,raw,ENA,SRR24107517,https://ftp.sra.ebi.ac.uk/vol1/fastq/SRR241/017/SRR24107517/SRR24107517_1.fastq.gz,true,FASTQ,902690207,exact ENA fastq_bytes,true,2026-08-01,ATAC-seq
humanneo,raw,ENA,SRR24107517,https://ftp.sra.ebi.ac.uk/vol1/fastq/SRR241/017/SRR24107517/SRR24107517_2.fastq.gz,true,FASTQ,909755042,exact ENA fastq_bytes,true,2026-08-01,ATAC-seq
humanneo,raw,ENA,SRR24107521,https://ftp.sra.ebi.ac.uk/vol1/fastq/SRR241/021/SRR24107521/SRR24107521_1.fastq.gz,true,FASTQ,104120146,exact ENA fastq_bytes,true,2026-08-01,ATAC-seq
humanneo,raw,ENA,SRR24107521,https://ftp.sra.ebi.ac.uk/vol1/fastq/SRR241/021/SRR24107521/SRR24107521_2.fastq.gz,true,FASTQ,103942912,exact ENA fastq_bytes,true,2026-08-01,ATAC-seq
humanneo,raw,ENA,SRR24107523,https://ftp.sra.ebi.ac.uk/vol1/fastq/SRR241/023/SRR24107523/SRR24107523_1.fastq.gz,true,FASTQ,9510214867,exact ENA fastq_bytes,true,2026-08-01,ATAC-seq
humanneo,raw,ENA,SRR24107523,https://ftp.sra.ebi.ac.uk/vol1/fastq/SRR241/023/SRR24107523/SRR24107523_2.fastq.gz,true,FASTQ,9561526478,exact ENA fastq_bytes,true,2026-08-01,ATAC-seq
humanneo,raw,ENA,SRR24107589,https://ftp.sra.ebi.ac.uk/vol1/fastq/SRR241/089/SRR24107589/SRR24107589_1.fastq.gz,true,FASTQ,1084642856,exact ENA fastq_bytes,true,2026-08-01,ATAC-seq
humanneo,raw,ENA,SRR24107589,https://ftp.sra.ebi.ac.uk/vol1/fastq/SRR241/089/SRR24107589/SRR24107589_2.fastq.gz,true,FASTQ,1089654695,exact ENA fastq_bytes,true,2026-08-01,ATAC-seq
humanneo,raw,ENA,SRR24107591,https://ftp.sra.ebi.ac.uk/vol1/fastq/SRR241/091/SRR24107591/SRR24107591_1.fastq.gz,true,FASTQ,208718121,exact ENA fastq_bytes,true,2026-08-01,ATAC-seq
humanneo,raw,ENA,SRR24107591,https://ftp.sra.ebi.ac.uk/vol1/fastq/SRR241/091/SRR24107591/SRR24107591_2.fastq.gz,true,FASTQ,208446720,exact ENA fastq_bytes,true,2026-08-01,ATAC-seq
humanneo,raw,ENA,SRR24107592,https://ftp.sra.ebi.ac.uk/vol1/fastq/SRR241/092/SRR24107592/SRR24107592_1.fastq.gz,true,FASTQ,204019774,exact ENA fastq_bytes,true,2026-08-01,ATAC-seq
humanneo,raw,ENA,SRR24107592,https://ftp.sra.ebi.ac.uk/vol1/fastq/SRR241/092/SRR24107592/SRR24107592_2.fastq.gz,true,FASTQ,203793393,exact ENA fastq_bytes,true,2026-08-01,ATAC-seq
humanneo,raw,ENA,SRR24107593,https://ftp.sra.ebi.ac.uk/vol1/fastq/SRR241/093/SRR24107593/SRR24107593_1.fastq.gz,true,FASTQ,210519524,exact ENA fastq_bytes,true,2026-08-01,ATAC-seq
humanneo,raw,ENA,SRR24107593,https://ftp.sra.ebi.ac.uk/vol1/fastq/SRR241/093/SRR24107593/SRR24107593_2.fastq.gz,true,FASTQ,210256883,exact ENA fastq_bytes,true,2026-08-01,ATAC-seq
humanneo,raw,ENA,SRR24107594,https://ftp.sra.ebi.ac.uk/vol1/fastq/SRR241/094/SRR24107594/SRR24107594_1.fastq.gz,true,FASTQ,202672044,exact ENA fastq_bytes,true,2026-08-01,ATAC-seq
humanneo,raw,ENA,SRR24107594,https://ftp.sra.ebi.ac.uk/vol1/fastq/SRR241/094/SRR24107594/SRR24107594_2.fastq.gz,true,FASTQ,202439556,exact ENA fastq_bytes,true,2026-08-01,ATAC-seq
humanneo,raw,ENA,SRR24107595,https://ftp.sra.ebi.ac.uk/vol1/fastq/SRR241/095/SRR24107595/SRR24107595_1.fastq.gz,true,FASTQ,2559888776,exact ENA fastq_bytes,true,2026-08-01,RNA-Seq
humanneo,raw,ENA,SRR24107595,https://ftp.sra.ebi.ac.uk/vol1/fastq/SRR241/095/SRR24107595/SRR24107595_2.fastq.gz,true,FASTQ,2405492944,exact ENA fastq_bytes,true,2026-08-01,RNA-Seq
humanneo,raw,ENA,SRR24107599,https://ftp.sra.ebi.ac.uk/vol1/fastq/SRR241/099/SRR24107599/SRR24107599_1.fastq.gz,true,FASTQ,20397246936,exact ENA fastq_bytes,true,2026-08-01,RNA-Seq
humanneo,raw,ENA,SRR24107599,https://ftp.sra.ebi.ac.uk/vol1/fastq/SRR241/099/SRR24107599/SRR24107599_2.fastq.gz,true,FASTQ,18883231702,exact ENA fastq_bytes,true,2026-08-01,RNA-Seq
humanneo,raw,ENA,SRR24107601,https://ftp.sra.ebi.ac.uk/vol1/fastq/SRR241/001/SRR24107601/SRR24107601_1.fastq.gz,true,FASTQ,1101054053,exact ENA fastq_bytes,true,2026-08-01,ATAC-seq
humanneo,raw,ENA,SRR24107601,https://ftp.sra.ebi.ac.uk/vol1/fastq/SRR241/001/SRR24107601/SRR24107601_2.fastq.gz,true,FASTQ,1107075598,exact ENA fastq_bytes,true,2026-08-01,ATAC-seq
humanneo,processed,GEO,GSE229169,https://ftp.ncbi.nlm.nih.gov/geo/series/GSE229nnn/GSE229169/suppl/GSE229169_human_filtered_barcodes.tsv.gz,true,GZ,0,not exposed (HTTPError),false,2026-08-01,
humanneo,processed,GEO,GSE229169,https://ftp.ncbi.nlm.nih.gov/geo/series/GSE229nnn/GSE229169/suppl/GSE229169_human_filtered_features.tsv.gz,true,GZ,0,not exposed (HTTPError),false,2026-08-01,
humanneo,processed,GEO,GSE229169,https://ftp.ncbi.nlm.nih.gov/geo/series/GSE229nnn/GSE229169/suppl/GSE229169_human_filtered_matrix.mtx.gz,true,MTX,0,not exposed (HTTPError),false,2026-08-01,
humanneo,processed,GEO,GSE229169,https://ftp.ncbi.nlm.nih.gov/geo/series/GSE229nnn/GSE229169/suppl/GSE229169_human_filtered_metadata.tsv.gz,true,GZ,0,not exposed (HTTPError),false,2026-08-01,
humantissues,raw,repository,,https://www.ncbi.nlm.nih.gov/bioproject/PRJNA764714,false,repository landing page,0,not exposed,false,2026-08-01,
humantissues,raw,ENA,SRR15999471,https://ftp.sra.ebi.ac.uk/vol1/fastq/SRR159/071/SRR15999471/SRR15999471_1.fastq.gz,true,FASTQ,5622670183,exact ENA fastq_bytes,true,2026-08-01,ATAC-seq
humantissues,raw,ENA,SRR15999471,https://ftp.sra.ebi.ac.uk/vol1/fastq/SRR159/071/SRR15999471/SRR15999471_2.fastq.gz,true,FASTQ,6264243881,exact ENA fastq_bytes,true,2026-08-01,ATAC-seq
humantissues,raw,ENA,SRR15999473,https://ftp.sra.ebi.ac.uk/vol1/fastq/SRR159/073/SRR15999473/SRR15999473_1.fastq.gz,true,FASTQ,4785185321,exact ENA fastq_bytes,true,2026-08-01,ATAC-seq
humantissues,raw,ENA,SRR15999473,https://ftp.sra.ebi.ac.uk/vol1/fastq/SRR159/073/SRR15999473/SRR15999473_2.fastq.gz,true,FASTQ,5281656561,exact ENA fastq_bytes,true,2026-08-01,ATAC-seq
humantissues,raw,ENA,SRR15999474,https://ftp.sra.ebi.ac.uk/vol1/fastq/SRR159/074/SRR15999474/SRR15999474_1.fastq.gz,true,FASTQ,7201197386,exact ENA fastq_bytes,true,2026-08-01,ATAC-seq
humantissues,raw,ENA,SRR15999474,https://ftp.sra.ebi.ac.uk/vol1/fastq/SRR159/074/SRR15999474/SRR15999474_2.fastq.gz,true,FASTQ,7617705818,exact ENA fastq_bytes,true,2026-08-01,ATAC-seq
humantissues,raw,ENA,SRR15999475,https://ftp.sra.ebi.ac.uk/vol1/fastq/SRR159/075/SRR15999475/SRR15999475_1.fastq.gz,true,FASTQ,7587724692,exact ENA fastq_bytes,true,2026-08-01,ATAC-seq
humantissues,raw,ENA,SRR15999475,https://ftp.sra.ebi.ac.uk/vol1/fastq/SRR159/075/SRR15999475/SRR15999475_2.fastq.gz,true,FASTQ,8087671527,exact ENA fastq_bytes,true,2026-08-01,ATAC-seq
humantissues,raw,ENA,SRR15999479,https://ftp.sra.ebi.ac.uk/vol1/fastq/SRR159/079/SRR15999479/SRR15999479_1.fastq.gz,true,FASTQ,4627816484,exact ENA fastq_bytes,true,2026-08-01,ATAC-seq
humantissues,raw,ENA,SRR15999479,https://ftp.sra.ebi.ac.uk/vol1/fastq/SRR159/079/SRR15999479/SRR15999479_2.fastq.gz,true,FASTQ,5202155978,exact ENA fastq_bytes,true,2026-08-01,ATAC-seq
humantissues,raw,ENA,SRR15999485,https://ftp.sra.ebi.ac.uk/vol1/fastq/SRR159/085/SRR15999485/SRR15999485_1.fastq.gz,true,FASTQ,7031690982,exact ENA fastq_bytes,true,2026-08-01,ATAC-seq
humantissues,raw,ENA,SRR15999485,https://ftp.sra.ebi.ac.uk/vol1/fastq/SRR159/085/SRR15999485/SRR15999485_2.fastq.gz,true,FASTQ,8005223336,exact ENA fastq_bytes,true,2026-08-01,ATAC-seq
humantissues,raw,ENA,SRR15999486,https://ftp.sra.ebi.ac.uk/vol1/fastq/SRR159/086/SRR15999486/SRR15999486_1.fastq.gz,true,FASTQ,6478485095,exact ENA fastq_bytes,true,2026-08-01,ATAC-seq
humantissues,raw,ENA,SRR15999486,https://ftp.sra.ebi.ac.uk/vol1/fastq/SRR159/086/SRR15999486/SRR15999486_2.fastq.gz,true,FASTQ,6928213099,exact ENA fastq_bytes,true,2026-08-01,ATAC-seq
humantissues,raw,ENA,SRR15999488,https://ftp.sra.ebi.ac.uk/vol1/fastq/SRR159/088/SRR15999488/SRR15999488_1.fastq.gz,true,FASTQ,6643932781,exact ENA fastq_bytes,true,2026-08-01,ATAC-seq
humantissues,raw,ENA,SRR15999488,https://ftp.sra.ebi.ac.uk/vol1/fastq/SRR159/088/SRR15999488/SRR15999488_2.fastq.gz,true,FASTQ,7174487467,exact ENA fastq_bytes,true,2026-08-01,ATAC-seq
humantissues,raw,ENA,SRR15999489,https://ftp.sra.ebi.ac.uk/vol1/fastq/SRR159/089/SRR15999489/SRR15999489_1.fastq.gz,true,FASTQ,6544187927,exact ENA fastq_bytes,true,2026-08-01,ATAC-seq
humantissues,raw,ENA,SRR15999489,https://ftp.sra.ebi.ac.uk/vol1/fastq/SRR159/089/SRR15999489/SRR15999489_2.fastq.gz,true,FASTQ,7032123713,exact ENA fastq_bytes,true,2026-08-01,ATAC-seq
humantissues,raw,ENA,SRR15999492,https://ftp.sra.ebi.ac.uk/vol1/fastq/SRR159/092/SRR15999492/SRR15999492_1.fastq.gz,true,FASTQ,3324366584,exact ENA fastq_bytes,true,2026-08-01,ATAC-seq
humantissues,raw,ENA,SRR15999492,https://ftp.sra.ebi.ac.uk/vol1/fastq/SRR159/092/SRR15999492/SRR15999492_2.fastq.gz,true,FASTQ,3676692436,exact ENA fastq_bytes,true,2026-08-01,ATAC-seq
humantissues,raw,ENA,SRR15999495,https://ftp.sra.ebi.ac.uk/vol1/fastq/SRR159/095/SRR15999495/SRR15999495_1.fastq.gz,true,FASTQ,6583664327,exact ENA fastq_bytes,true,2026-08-01,ATAC-seq
humantissues,raw,ENA,SRR15999495,https://ftp.sra.ebi.ac.uk/vol1/fastq/SRR159/095/SRR15999495/SRR15999495_2.fastq.gz,true,FASTQ,7219468817,exact ENA fastq_bytes,true,2026-08-01,ATAC-seq
humantissues,raw,ENA,SRR15999497,https://ftp.sra.ebi.ac.uk/vol1/fastq/SRR159/097/SRR15999497/SRR15999497_1.fastq.gz,true,FASTQ,4182488673,exact ENA fastq_bytes,true,2026-08-01,ATAC-seq
humantissues,raw,ENA,SRR15999497,https://ftp.sra.ebi.ac.uk/vol1/fastq/SRR159/097/SRR15999497/SRR15999497_2.fastq.gz,true,FASTQ,4504052220,exact ENA fastq_bytes,true,2026-08-01,ATAC-seq
humantissues,raw,ENA,SRR15999506,https://ftp.sra.ebi.ac.uk/vol1/fastq/SRR159/006/SRR15999506/SRR15999506_1.fastq.gz,true,FASTQ,4856495314,exact ENA fastq_bytes,true,2026-08-01,ATAC-seq
humantissues,raw,ENA,SRR15999506,https://ftp.sra.ebi.ac.uk/vol1/fastq/SRR159/006/SRR15999506/SRR15999506_2.fastq.gz,true,FASTQ,5373790242,exact ENA fastq_bytes,true,2026-08-01,ATAC-seq
humantissues,raw,ENA,SRR15999507,https://ftp.sra.ebi.ac.uk/vol1/fastq/SRR159/007/SRR15999507/SRR15999507_1.fastq.gz,true,FASTQ,21078470992,exact ENA fastq_bytes,true,2026-08-01,ATAC-seq
humantissues,raw,ENA,SRR15999507,https://ftp.sra.ebi.ac.uk/vol1/fastq/SRR159/007/SRR15999507/SRR15999507_2.fastq.gz,true,FASTQ,22052826450,exact ENA fastq_bytes,true,2026-08-01,ATAC-seq
humantissues,raw,ENA,SRR15999509,https://ftp.sra.ebi.ac.uk/vol1/fastq/SRR159/009/SRR15999509/SRR15999509_1.fastq.gz,true,FASTQ,4063542312,exact ENA fastq_bytes,true,2026-08-01,ATAC-seq
humantissues,raw,ENA,SRR15999509,https://ftp.sra.ebi.ac.uk/vol1/fastq/SRR159/009/SRR15999509/SRR15999509_2.fastq.gz,true,FASTQ,4519248883,exact ENA fastq_bytes,true,2026-08-01,ATAC-seq
humantissues,raw,ENA,SRR15999515,https://ftp.sra.ebi.ac.uk/vol1/fastq/SRR159/015/SRR15999515/SRR15999515_1.fastq.gz,true,FASTQ,4200402304,exact ENA fastq_bytes,true,2026-08-01,ATAC-seq
humantissues,raw,ENA,SRR15999515,https://ftp.sra.ebi.ac.uk/vol1/fastq/SRR159/015/SRR15999515/SRR15999515_2.fastq.gz,true,FASTQ,4438654906,exact ENA fastq_bytes,true,2026-08-01,ATAC-seq
humantissues,raw,ENA,SRR15999518,https://ftp.sra.ebi.ac.uk/vol1/fastq/SRR159/018/SRR15999518/SRR15999518_1.fastq.gz,true,FASTQ,2638129197,exact ENA fastq_bytes,true,2026-08-01,ATAC-seq
humantissues,raw,ENA,SRR15999518,https://ftp.sra.ebi.ac.uk/vol1/fastq/SRR159/018/SRR15999518/SRR15999518_2.fastq.gz,true,FASTQ,2965959435,exact ENA fastq_bytes,true,2026-08-01,ATAC-seq
humantissues,raw,ENA,SRR15999520,https://ftp.sra.ebi.ac.uk/vol1/fastq/SRR159/020/SRR15999520/SRR15999520_1.fastq.gz,true,FASTQ,3645975145,exact ENA fastq_bytes,true,2026-08-01,ATAC-seq
humantissues,raw,ENA,SRR15999520,https://ftp.sra.ebi.ac.uk/vol1/fastq/SRR159/020/SRR15999520/SRR15999520_2.fastq.gz,true,FASTQ,4119848674,exact ENA fastq_bytes,true,2026-08-01,ATAC-seq
humantissues,raw,ENA,SRR15999521,https://ftp.sra.ebi.ac.uk/vol1/fastq/SRR159/021/SRR15999521/SRR15999521_1.fastq.gz,true,FASTQ,4270566923,exact ENA fastq_bytes,true,2026-08-01,ATAC-seq
humantissues,raw,ENA,SRR15999521,https://ftp.sra.ebi.ac.uk/vol1/fastq/SRR159/021/SRR15999521/SRR15999521_2.fastq.gz,true,FASTQ,4710564135,exact ENA fastq_bytes,true,2026-08-01,ATAC-seq
humantissues,raw,ENA,SRR15999524,https://ftp.sra.ebi.ac.uk/vol1/fastq/SRR159/024/SRR15999524/SRR15999524_1.fastq.gz,true,FASTQ,12440193387,exact ENA fastq_bytes,true,2026-08-01,ATAC-seq
humantissues,raw,ENA,SRR15999524,https://ftp.sra.ebi.ac.uk/vol1/fastq/SRR159/024/SRR15999524/SRR15999524_2.fastq.gz,true,FASTQ,13387385202,exact ENA fastq_bytes,true,2026-08-01,ATAC-seq
humantissues,raw,ENA,SRR15999526,https://ftp.sra.ebi.ac.uk/vol1/fastq/SRR159/026/SRR15999526/SRR15999526_1.fastq.gz,true,FASTQ,7895367765,exact ENA fastq_bytes,true,2026-08-01,ATAC-seq
humantissues,raw,ENA,SRR15999526,https://ftp.sra.ebi.ac.uk/vol1/fastq/SRR159/026/SRR15999526/SRR15999526_2.fastq.gz,true,FASTQ,8366461758,exact ENA fastq_bytes,true,2026-08-01,ATAC-seq
humantissues,raw,ENA,SRR15999531,https://ftp.sra.ebi.ac.uk/vol1/fastq/SRR159/031/SRR15999531/SRR15999531_1.fastq.gz,true,FASTQ,3957482475,exact ENA fastq_bytes,true,2026-08-01,ATAC-seq
humantissues,raw,ENA,SRR15999531,https://ftp.sra.ebi.ac.uk/vol1/fastq/SRR159/031/SRR15999531/SRR15999531_2.fastq.gz,true,FASTQ,4424707559,exact ENA fastq_bytes,true,2026-08-01,ATAC-seq
humantissues,raw,ENA,SRR15999532,https://ftp.sra.ebi.ac.uk/vol1/fastq/SRR159/032/SRR15999532/SRR15999532_1.fastq.gz,true,FASTQ,14136500606,exact ENA fastq_bytes,true,2026-08-01,ATAC-seq
humantissues,raw,ENA,SRR15999532,https://ftp.sra.ebi.ac.uk/vol1/fastq/SRR159/032/SRR15999532/SRR15999532_2.fastq.gz,true,FASTQ,14887122220,exact ENA fastq_bytes,true,2026-08-01,ATAC-seq
humantissues,raw,ENA,SRR15999466,https://ftp.sra.ebi.ac.uk/vol1/fastq/SRR159/066/SRR15999466/SRR15999466_1.fastq.gz,true,FASTQ,1941784788,exact ENA fastq_bytes,true,2026-08-01,ATAC-seq
humantissues,raw,ENA,SRR15999466,https://ftp.sra.ebi.ac.uk/vol1/fastq/SRR159/066/SRR15999466/SRR15999466_2.fastq.gz,true,FASTQ,2122110229,exact ENA fastq_bytes,true,2026-08-01,ATAC-seq
humantissues,raw,ENA,SRR15999468,https://ftp.sra.ebi.ac.uk/vol1/fastq/SRR159/068/SRR15999468/SRR15999468_1.fastq.gz,true,FASTQ,2827665926,exact ENA fastq_bytes,true,2026-08-01,ATAC-seq
humantissues,raw,ENA,SRR15999468,https://ftp.sra.ebi.ac.uk/vol1/fastq/SRR159/068/SRR15999468/SRR15999468_2.fastq.gz,true,FASTQ,3105070993,exact ENA fastq_bytes,true,2026-08-01,ATAC-seq
humantissues,raw,ENA,SRR15999469,https://ftp.sra.ebi.ac.uk/vol1/fastq/SRR159/069/SRR15999469/SRR15999469_1.fastq.gz,true,FASTQ,6302534280,exact ENA fastq_bytes,true,2026-08-01,ATAC-seq
humantissues,raw,ENA,SRR15999469,https://ftp.sra.ebi.ac.uk/vol1/fastq/SRR159/069/SRR15999469/SRR15999469_2.fastq.gz,true,FASTQ,6774372213,exact ENA fastq_bytes,true,2026-08-01,ATAC-seq
humantissues,raw,ENA,SRR15999472,https://ftp.sra.ebi.ac.uk/vol1/fastq/SRR159/072/SRR15999472/SRR15999472_1.fastq.gz,true,FASTQ,8280827075,exact ENA fastq_bytes,true,2026-08-01,ATAC-seq
humantissues,raw,ENA,SRR15999472,https://ftp.sra.ebi.ac.uk/vol1/fastq/SRR159/072/SRR15999472/SRR15999472_2.fastq.gz,true,FASTQ,8985673093,exact ENA fastq_bytes,true,2026-08-01,ATAC-seq
humantissues,raw,ENA,SRR15999476,https://ftp.sra.ebi.ac.uk/vol1/fastq/SRR159/076/SRR15999476/SRR15999476_1.fastq.gz,true,FASTQ,6064057066,exact ENA fastq_bytes,true,2026-08-01,ATAC-seq
humantissues,raw,ENA,SRR15999476,https://ftp.sra.ebi.ac.uk/vol1/fastq/SRR159/076/SRR15999476/SRR15999476_2.fastq.gz,true,FASTQ,6798752816,exact ENA fastq_bytes,true,2026-08-01,ATAC-seq
humantissues,raw,ENA,SRR15999478,https://ftp.sra.ebi.ac.uk/vol1/fastq/SRR159/078/SRR15999478/SRR15999478_1.fastq.gz,true,FASTQ,2500966303,exact ENA fastq_bytes,true,2026-08-01,ATAC-seq
humantissues,raw,ENA,SRR15999478,https://ftp.sra.ebi.ac.uk/vol1/fastq/SRR159/078/SRR15999478/SRR15999478_2.fastq.gz,true,FASTQ,2805477119,exact ENA fastq_bytes,true,2026-08-01,ATAC-seq
humantissues,raw,ENA,SRR15999480,https://ftp.sra.ebi.ac.uk/vol1/fastq/SRR159/080/SRR15999480/SRR15999480_1.fastq.gz,true,FASTQ,3481425959,exact ENA fastq_bytes,true,2026-08-01,ATAC-seq
humantissues,raw,ENA,SRR15999480,https://ftp.sra.ebi.ac.uk/vol1/fastq/SRR159/080/SRR15999480/SRR15999480_2.fastq.gz,true,FASTQ,3926541841,exact ENA fastq_bytes,true,2026-08-01,ATAC-seq
humantissues,raw,ENA,SRR15999484,https://ftp.sra.ebi.ac.uk/vol1/fastq/SRR159/084/SRR15999484/SRR15999484_1.fastq.gz,true,FASTQ,3435640993,exact ENA fastq_bytes,true,2026-08-01,ATAC-seq
humantissues,raw,ENA,SRR15999484,https://ftp.sra.ebi.ac.uk/vol1/fastq/SRR159/084/SRR15999484/SRR15999484_2.fastq.gz,true,FASTQ,3854817939,exact ENA fastq_bytes,true,2026-08-01,ATAC-seq
humantissues,raw,ENA,SRR15999490,https://ftp.sra.ebi.ac.uk/vol1/fastq/SRR159/090/SRR15999490/SRR15999490_1.fastq.gz,true,FASTQ,9537018742,exact ENA fastq_bytes,true,2026-08-01,ATAC-seq
humantissues,raw,ENA,SRR15999490,https://ftp.sra.ebi.ac.uk/vol1/fastq/SRR159/090/SRR15999490/SRR15999490_2.fastq.gz,true,FASTQ,10198749153,exact ENA fastq_bytes,true,2026-08-01,ATAC-seq
humantissues,raw,ENA,SRR15999493,https://ftp.sra.ebi.ac.uk/vol1/fastq/SRR159/093/SRR15999493/SRR15999493_1.fastq.gz,true,FASTQ,4638347925,exact ENA fastq_bytes,true,2026-08-01,ATAC-seq
humantissues,raw,ENA,SRR15999493,https://ftp.sra.ebi.ac.uk/vol1/fastq/SRR159/093/SRR15999493/SRR15999493_2.fastq.gz,true,FASTQ,4963767227,exact ENA fastq_bytes,true,2026-08-01,ATAC-seq
humantissues,raw,ENA,SRR15999496,https://ftp.sra.ebi.ac.uk/vol1/fastq/SRR159/096/SRR15999496/SRR15999496_1.fastq.gz,true,FASTQ,2858650786,exact ENA fastq_bytes,true,2026-08-01,ATAC-seq
humantissues,raw,ENA,SRR15999496,https://ftp.sra.ebi.ac.uk/vol1/fastq/SRR159/096/SRR15999496/SRR15999496_2.fastq.gz,true,FASTQ,3062484563,exact ENA fastq_bytes,true,2026-08-01,ATAC-seq
humantissues,raw,ENA,SRR15999498,https://ftp.sra.ebi.ac.uk/vol1/fastq/SRR159/098/SRR15999498/SRR15999498_1.fastq.gz,true,FASTQ,3094599119,exact ENA fastq_bytes,true,2026-08-01,ATAC-seq
humantissues,raw,ENA,SRR15999498,https://ftp.sra.ebi.ac.uk/vol1/fastq/SRR159/098/SRR15999498/SRR15999498_2.fastq.gz,true,FASTQ,3547256063,exact ENA fastq_bytes,true,2026-08-01,ATAC-seq
humantissues,raw,ENA,SRR15999500,https://ftp.sra.ebi.ac.uk/vol1/fastq/SRR159/000/SRR15999500/SRR15999500_1.fastq.gz,true,FASTQ,3720671514,exact ENA fastq_bytes,true,2026-08-01,ATAC-seq
humantissues,raw,ENA,SRR15999500,https://ftp.sra.ebi.ac.uk/vol1/fastq/SRR159/000/SRR15999500/SRR15999500_2.fastq.gz,true,FASTQ,3996098665,exact ENA fastq_bytes,true,2026-08-01,ATAC-seq
humantissues,raw,ENA,SRR15999503,https://ftp.sra.ebi.ac.uk/vol1/fastq/SRR159/003/SRR15999503/SRR15999503_1.fastq.gz,true,FASTQ,7706603962,exact ENA fastq_bytes,true,2026-08-01,ATAC-seq
humantissues,raw,ENA,SRR15999503,https://ftp.sra.ebi.ac.uk/vol1/fastq/SRR159/003/SRR15999503/SRR15999503_2.fastq.gz,true,FASTQ,8445664438,exact ENA fastq_bytes,true,2026-08-01,ATAC-seq
humantissues,raw,ENA,SRR15999510,https://ftp.sra.ebi.ac.uk/vol1/fastq/SRR159/010/SRR15999510/SRR15999510_1.fastq.gz,true,FASTQ,9157254298,exact ENA fastq_bytes,true,2026-08-01,ATAC-seq
humantissues,raw,ENA,SRR15999510,https://ftp.sra.ebi.ac.uk/vol1/fastq/SRR159/010/SRR15999510/SRR15999510_2.fastq.gz,true,FASTQ,10422513862,exact ENA fastq_bytes,true,2026-08-01,ATAC-seq
humantissues,raw,ENA,SRR15999511,https://ftp.sra.ebi.ac.uk/vol1/fastq/SRR159/011/SRR15999511/SRR15999511_1.fastq.gz,true,FASTQ,6366778396,exact ENA fastq_bytes,true,2026-08-01,ATAC-seq
humantissues,raw,ENA,SRR15999511,https://ftp.sra.ebi.ac.uk/vol1/fastq/SRR159/011/SRR15999511/SRR15999511_2.fastq.gz,true,FASTQ,7282212410,exact ENA fastq_bytes,true,2026-08-01,ATAC-seq
humantissues,raw,ENA,SRR15999512,https://ftp.sra.ebi.ac.uk/vol1/fastq/SRR159/012/SRR15999512/SRR15999512_1.fastq.gz,true,FASTQ,4696194168,exact ENA fastq_bytes,true,2026-08-01,ATAC-seq
humantissues,raw,ENA,SRR15999512,https://ftp.sra.ebi.ac.uk/vol1/fastq/SRR159/012/SRR15999512/SRR15999512_2.fastq.gz,true,FASTQ,4957934117,exact ENA fastq_bytes,true,2026-08-01,ATAC-seq
humantissues,raw,ENA,SRR15999513,https://ftp.sra.ebi.ac.uk/vol1/fastq/SRR159/013/SRR15999513/SRR15999513_1.fastq.gz,true,FASTQ,5980814407,exact ENA fastq_bytes,true,2026-08-01,ATAC-seq
humantissues,raw,ENA,SRR15999513,https://ftp.sra.ebi.ac.uk/vol1/fastq/SRR159/013/SRR15999513/SRR15999513_2.fastq.gz,true,FASTQ,6754689430,exact ENA fastq_bytes,true,2026-08-01,ATAC-seq
humantissues,raw,ENA,SRR15999514,https://ftp.sra.ebi.ac.uk/vol1/fastq/SRR159/014/SRR15999514/SRR15999514_1.fastq.gz,true,FASTQ,4378412924,exact ENA fastq_bytes,true,2026-08-01,ATAC-seq
humantissues,raw,ENA,SRR15999514,https://ftp.sra.ebi.ac.uk/vol1/fastq/SRR159/014/SRR15999514/SRR15999514_2.fastq.gz,true,FASTQ,4579353828,exact ENA fastq_bytes,true,2026-08-01,ATAC-seq
humantissues,raw,ENA,SRR15999516,https://ftp.sra.ebi.ac.uk/vol1/fastq/SRR159/016/SRR15999516/SRR15999516_1.fastq.gz,true,FASTQ,6836493131,exact ENA fastq_bytes,true,2026-08-01,ATAC-seq
humantissues,raw,ENA,SRR15999516,https://ftp.sra.ebi.ac.uk/vol1/fastq/SRR159/016/SRR15999516/SRR15999516_2.fastq.gz,true,FASTQ,7698488605,exact ENA fastq_bytes,true,2026-08-01,ATAC-seq
humantissues,raw,ENA,SRR15999517,https://ftp.sra.ebi.ac.uk/vol1/fastq/SRR159/017/SRR15999517/SRR15999517_1.fastq.gz,true,FASTQ,4544824122,exact ENA fastq_bytes,true,2026-08-01,ATAC-seq
humantissues,raw,ENA,SRR15999517,https://ftp.sra.ebi.ac.uk/vol1/fastq/SRR159/017/SRR15999517/SRR15999517_2.fastq.gz,true,FASTQ,5139371903,exact ENA fastq_bytes,true,2026-08-01,ATAC-seq
humantissues,raw,ENA,SRR15999519,https://ftp.sra.ebi.ac.uk/vol1/fastq/SRR159/019/SRR15999519/SRR15999519_1.fastq.gz,true,FASTQ,5139428474,exact ENA fastq_bytes,true,2026-08-01,ATAC-seq
humantissues,raw,ENA,SRR15999519,https://ftp.sra.ebi.ac.uk/vol1/fastq/SRR159/019/SRR15999519/SRR15999519_2.fastq.gz,true,FASTQ,5692236935,exact ENA fastq_bytes,true,2026-08-01,ATAC-seq
humantissues,raw,ENA,SRR15999528,https://ftp.sra.ebi.ac.uk/vol1/fastq/SRR159/028/SRR15999528/SRR15999528_1.fastq.gz,true,FASTQ,3195689043,exact ENA fastq_bytes,true,2026-08-01,ATAC-seq
humantissues,raw,ENA,SRR15999528,https://ftp.sra.ebi.ac.uk/vol1/fastq/SRR159/028/SRR15999528/SRR15999528_2.fastq.gz,true,FASTQ,3347612034,exact ENA fastq_bytes,true,2026-08-01,ATAC-seq
humantissues,raw,ENA,SRR15999533,https://ftp.sra.ebi.ac.uk/vol1/fastq/SRR159/033/SRR15999533/SRR15999533_1.fastq.gz,true,FASTQ,3835023317,exact ENA fastq_bytes,true,2026-08-01,ATAC-seq
humantissues,raw,ENA,SRR15999533,https://ftp.sra.ebi.ac.uk/vol1/fastq/SRR159/033/SRR15999533/SRR15999533_2.fastq.gz,true,FASTQ,4267774813,exact ENA fastq_bytes,true,2026-08-01,ATAC-seq
humantissues,raw,ENA,SRR15999535,https://ftp.sra.ebi.ac.uk/vol1/fastq/SRR159/035/SRR15999535/SRR15999535_1.fastq.gz,true,FASTQ,3502322873,exact ENA fastq_bytes,true,2026-08-01,ATAC-seq
humantissues,raw,ENA,SRR15999535,https://ftp.sra.ebi.ac.uk/vol1/fastq/SRR159/035/SRR15999535/SRR15999535_2.fastq.gz,true,FASTQ,3792643671,exact ENA fastq_bytes,true,2026-08-01,ATAC-seq
humantissues,raw,ENA,SRR15999536,https://ftp.sra.ebi.ac.uk/vol1/fastq/SRR159/036/SRR15999536/SRR15999536_1.fastq.gz,true,FASTQ,3838940916,exact ENA fastq_bytes,true,2026-08-01,ATAC-seq
humantissues,raw,ENA,SRR15999536,https://ftp.sra.ebi.ac.uk/vol1/fastq/SRR159/036/SRR15999536/SRR15999536_2.fastq.gz,true,FASTQ,4010918522,exact ENA fastq_bytes,true,2026-08-01,ATAC-seq
humantissues,raw,ENA,SRR15999465,https://ftp.sra.ebi.ac.uk/vol1/fastq/SRR159/065/SRR15999465/SRR15999465_1.fastq.gz,true,FASTQ,2320763396,exact ENA fastq_bytes,true,2026-08-01,ATAC-seq
humantissues,raw,ENA,SRR15999465,https://ftp.sra.ebi.ac.uk/vol1/fastq/SRR159/065/SRR15999465/SRR15999465_2.fastq.gz,true,FASTQ,2564883454,exact ENA fastq_bytes,true,2026-08-01,ATAC-seq
humantissues,raw,ENA,SRR15999467,https://ftp.sra.ebi.ac.uk/vol1/fastq/SRR159/067/SRR15999467/SRR15999467_1.fastq.gz,true,FASTQ,5609358144,exact ENA fastq_bytes,true,2026-08-01,ATAC-seq
humantissues,raw,ENA,SRR15999467,https://ftp.sra.ebi.ac.uk/vol1/fastq/SRR159/067/SRR15999467/SRR15999467_2.fastq.gz,true,FASTQ,6123272591,exact ENA fastq_bytes,true,2026-08-01,ATAC-seq
humantissues,raw,ENA,SRR15999470,https://ftp.sra.ebi.ac.uk/vol1/fastq/SRR159/070/SRR15999470/SRR15999470_1.fastq.gz,true,FASTQ,5493711218,exact ENA fastq_bytes,true,2026-08-01,ATAC-seq
humantissues,raw,ENA,SRR15999470,https://ftp.sra.ebi.ac.uk/vol1/fastq/SRR159/070/SRR15999470/SRR15999470_2.fastq.gz,true,FASTQ,5940149025,exact ENA fastq_bytes,true,2026-08-01,ATAC-seq
humantissues,raw,ENA,SRR15999477,https://ftp.sra.ebi.ac.uk/vol1/fastq/SRR159/077/SRR15999477/SRR15999477_1.fastq.gz,true,FASTQ,4807675746,exact ENA fastq_bytes,true,2026-08-01,ATAC-seq
humantissues,raw,ENA,SRR15999477,https://ftp.sra.ebi.ac.uk/vol1/fastq/SRR159/077/SRR15999477/SRR15999477_2.fastq.gz,true,FASTQ,5236802857,exact ENA fastq_bytes,true,2026-08-01,ATAC-seq
humantissues,raw,ENA,SRR15999481,https://ftp.sra.ebi.ac.uk/vol1/fastq/SRR159/081/SRR15999481/SRR15999481_1.fastq.gz,true,FASTQ,4836184601,exact ENA fastq_bytes,true,2026-08-01,ATAC-seq
humantissues,raw,ENA,SRR15999481,https://ftp.sra.ebi.ac.uk/vol1/fastq/SRR159/081/SRR15999481/SRR15999481_2.fastq.gz,true,FASTQ,5390759044,exact ENA fastq_bytes,true,2026-08-01,ATAC-seq
humantissues,raw,ENA,SRR15999482,https://ftp.sra.ebi.ac.uk/vol1/fastq/SRR159/082/SRR15999482/SRR15999482_1.fastq.gz,true,FASTQ,8627599000,exact ENA fastq_bytes,true,2026-08-01,ATAC-seq
humantissues,raw,ENA,SRR15999482,https://ftp.sra.ebi.ac.uk/vol1/fastq/SRR159/082/SRR15999482/SRR15999482_2.fastq.gz,true,FASTQ,9906326891,exact ENA fastq_bytes,true,2026-08-01,ATAC-seq
humantissues,raw,ENA,SRR15999483,https://ftp.sra.ebi.ac.uk/vol1/fastq/SRR159/083/SRR15999483/SRR15999483_1.fastq.gz,true,FASTQ,12723286964,exact ENA fastq_bytes,true,2026-08-01,ATAC-seq
humantissues,raw,ENA,SRR15999483,https://ftp.sra.ebi.ac.uk/vol1/fastq/SRR159/083/SRR15999483/SRR15999483_2.fastq.gz,true,FASTQ,13779539973,exact ENA fastq_bytes,true,2026-08-01,ATAC-seq
humantissues,raw,ENA,SRR15999487,https://ftp.sra.ebi.ac.uk/vol1/fastq/SRR159/087/SRR15999487/SRR15999487_1.fastq.gz,true,FASTQ,10778779415,exact ENA fastq_bytes,true,2026-08-01,ATAC-seq
humantissues,raw,ENA,SRR15999487,https://ftp.sra.ebi.ac.uk/vol1/fastq/SRR159/087/SRR15999487/SRR15999487_2.fastq.gz,true,FASTQ,11672717438,exact ENA fastq_bytes,true,2026-08-01,ATAC-seq
humantissues,raw,ENA,SRR15999491,https://ftp.sra.ebi.ac.uk/vol1/fastq/SRR159/091/SRR15999491/SRR15999491_1.fastq.gz,true,FASTQ,7987538994,exact ENA fastq_bytes,true,2026-08-01,ATAC-seq
humantissues,raw,ENA,SRR15999491,https://ftp.sra.ebi.ac.uk/vol1/fastq/SRR159/091/SRR15999491/SRR15999491_2.fastq.gz,true,FASTQ,8472325491,exact ENA fastq_bytes,true,2026-08-01,ATAC-seq
humantissues,raw,ENA,SRR15999494,https://ftp.sra.ebi.ac.uk/vol1/fastq/SRR159/094/SRR15999494/SRR15999494_1.fastq.gz,true,FASTQ,5252765609,exact ENA fastq_bytes,true,2026-08-01,ATAC-seq
humantissues,raw,ENA,SRR15999494,https://ftp.sra.ebi.ac.uk/vol1/fastq/SRR159/094/SRR15999494/SRR15999494_2.fastq.gz,true,FASTQ,5757791942,exact ENA fastq_bytes,true,2026-08-01,ATAC-seq
humantissues,raw,ENA,SRR15999499,https://ftp.sra.ebi.ac.uk/vol1/fastq/SRR159/099/SRR15999499/SRR15999499_1.fastq.gz,true,FASTQ,4470661817,exact ENA fastq_bytes,true,2026-08-01,ATAC-seq
humantissues,raw,ENA,SRR15999499,https://ftp.sra.ebi.ac.uk/vol1/fastq/SRR159/099/SRR15999499/SRR15999499_2.fastq.gz,true,FASTQ,4753976638,exact ENA fastq_bytes,true,2026-08-01,ATAC-seq
humantissues,raw,ENA,SRR15999501,https://ftp.sra.ebi.ac.uk/vol1/fastq/SRR159/001/SRR15999501/SRR15999501_1.fastq.gz,true,FASTQ,4688699901,exact ENA fastq_bytes,true,2026-08-01,ATAC-seq
humantissues,raw,ENA,SRR15999501,https://ftp.sra.ebi.ac.uk/vol1/fastq/SRR159/001/SRR15999501/SRR15999501_2.fastq.gz,true,FASTQ,5126322019,exact ENA fastq_bytes,true,2026-08-01,ATAC-seq
humantissues,raw,ENA,SRR15999502,https://ftp.sra.ebi.ac.uk/vol1/fastq/SRR159/002/SRR15999502/SRR15999502_1.fastq.gz,true,FASTQ,4120842998,exact ENA fastq_bytes,true,2026-08-01,ATAC-seq
humantissues,raw,ENA,SRR15999502,https://ftp.sra.ebi.ac.uk/vol1/fastq/SRR159/002/SRR15999502/SRR15999502_2.fastq.gz,true,FASTQ,4563880719,exact ENA fastq_bytes,true,2026-08-01,ATAC-seq
humantissues,raw,ENA,SRR15999504,https://ftp.sra.ebi.ac.uk/vol1/fastq/SRR159/004/SRR15999504/SRR15999504_1.fastq.gz,true,FASTQ,8196751310,exact ENA fastq_bytes,true,2026-08-01,ATAC-seq
humantissues,raw,ENA,SRR15999504,https://ftp.sra.ebi.ac.uk/vol1/fastq/SRR159/004/SRR15999504/SRR15999504_2.fastq.gz,true,FASTQ,9346041628,exact ENA fastq_bytes,true,2026-08-01,ATAC-seq
humantissues,raw,ENA,SRR15999505,https://ftp.sra.ebi.ac.uk/vol1/fastq/SRR159/005/SRR15999505/SRR15999505_1.fastq.gz,true,FASTQ,5999206884,exact ENA fastq_bytes,true,2026-08-01,ATAC-seq
humantissues,raw,ENA,SRR15999505,https://ftp.sra.ebi.ac.uk/vol1/fastq/SRR159/005/SRR15999505/SRR15999505_2.fastq.gz,true,FASTQ,6601659047,exact ENA fastq_bytes,true,2026-08-01,ATAC-seq
humantissues,raw,ENA,SRR15999508,https://ftp.sra.ebi.ac.uk/vol1/fastq/SRR159/008/SRR15999508/SRR15999508_1.fastq.gz,true,FASTQ,3191652747,exact ENA fastq_bytes,true,2026-08-01,ATAC-seq
humantissues,raw,ENA,SRR15999508,https://ftp.sra.ebi.ac.uk/vol1/fastq/SRR159/008/SRR15999508/SRR15999508_2.fastq.gz,true,FASTQ,3641996383,exact ENA fastq_bytes,true,2026-08-01,ATAC-seq
humantissues,raw,ENA,SRR15999522,https://ftp.sra.ebi.ac.uk/vol1/fastq/SRR159/022/SRR15999522/SRR15999522_1.fastq.gz,true,FASTQ,5481560467,exact ENA fastq_bytes,true,2026-08-01,ATAC-seq
humantissues,raw,ENA,SRR15999522,https://ftp.sra.ebi.ac.uk/vol1/fastq/SRR159/022/SRR15999522/SRR15999522_2.fastq.gz,true,FASTQ,6190175758,exact ENA fastq_bytes,true,2026-08-01,ATAC-seq
humantissues,raw,ENA,SRR15999523,https://ftp.sra.ebi.ac.uk/vol1/fastq/SRR159/023/SRR15999523/SRR15999523_1.fastq.gz,true,FASTQ,8083381927,exact ENA fastq_bytes,true,2026-08-01,ATAC-seq
humantissues,raw,ENA,SRR15999523,https://ftp.sra.ebi.ac.uk/vol1/fastq/SRR159/023/SRR15999523/SRR15999523_2.fastq.gz,true,FASTQ,8724289813,exact ENA fastq_bytes,true,2026-08-01,ATAC-seq
humantissues,raw,ENA,SRR15999525,https://ftp.sra.ebi.ac.uk/vol1/fastq/SRR159/025/SRR15999525/SRR15999525_1.fastq.gz,true,FASTQ,5495159126,exact ENA fastq_bytes,true,2026-08-01,ATAC-seq
humantissues,raw,ENA,SRR15999525,https://ftp.sra.ebi.ac.uk/vol1/fastq/SRR159/025/SRR15999525/SRR15999525_2.fastq.gz,true,FASTQ,5702595905,exact ENA fastq_bytes,true,2026-08-01,ATAC-seq
humantissues,raw,ENA,SRR15999527,https://ftp.sra.ebi.ac.uk/vol1/fastq/SRR159/027/SRR15999527/SRR15999527_1.fastq.gz,true,FASTQ,4338994630,exact ENA fastq_bytes,true,2026-08-01,ATAC-seq
humantissues,raw,ENA,SRR15999527,https://ftp.sra.ebi.ac.uk/vol1/fastq/SRR159/027/SRR15999527/SRR15999527_2.fastq.gz,true,FASTQ,4564034757,exact ENA fastq_bytes,true,2026-08-01,ATAC-seq
humantissues,raw,ENA,SRR15999529,https://ftp.sra.ebi.ac.uk/vol1/fastq/SRR159/029/SRR15999529/SRR15999529_1.fastq.gz,true,FASTQ,3949865349,exact ENA fastq_bytes,true,2026-08-01,ATAC-seq
humantissues,raw,ENA,SRR15999529,https://ftp.sra.ebi.ac.uk/vol1/fastq/SRR159/029/SRR15999529/SRR15999529_2.fastq.gz,true,FASTQ,4446289293,exact ENA fastq_bytes,true,2026-08-01,ATAC-seq
humantissues,raw,ENA,SRR15999530,https://ftp.sra.ebi.ac.uk/vol1/fastq/SRR159/030/SRR15999530/SRR15999530_1.fastq.gz,true,FASTQ,6738646491,exact ENA fastq_bytes,true,2026-08-01,ATAC-seq
humantissues,raw,ENA,SRR15999530,https://ftp.sra.ebi.ac.uk/vol1/fastq/SRR159/030/SRR15999530/SRR15999530_2.fastq.gz,true,FASTQ,7235985297,exact ENA fastq_bytes,true,2026-08-01,ATAC-seq
humantissues,raw,ENA,SRR15999534,https://ftp.sra.ebi.ac.uk/vol1/fastq/SRR159/034/SRR15999534/SRR15999534_1.fastq.gz,true,FASTQ,6617461303,exact ENA fastq_bytes,true,2026-08-01,ATAC-seq
humantissues,raw,ENA,SRR15999534,https://ftp.sra.ebi.ac.uk/vol1/fastq/SRR159/034/SRR15999534/SRR15999534_2.fastq.gz,true,FASTQ,7493775164,exact ENA fastq_bytes,true,2026-08-01,ATAC-seq
humantissues,processed,GEO,GSE184462,https://ftp.ncbi.nlm.nih.gov/geo/series/GSE184nnn/GSE184462/suppl/GSE184462_RAW.tar,true,TAR,38186752000,exact GEO file listing,true,2026-08-01,
humantissues,processed,GEO,GSE184462,https://ftp.ncbi.nlm.nih.gov/geo/series/GSE184nnn/GSE184462/suppl/GSE184462_metadata.tsv.gz,true,GZ,0,not exposed (HTTPError),false,2026-08-01,
macaqueneo,raw,repository,,https://www.ncbi.nlm.nih.gov/bioproject/PRJNA953340,false,repository landing page,0,not exposed,false,2026-08-01,
macaqueneo,raw,ENA,SRR24107435,https://ftp.sra.ebi.ac.uk/vol1/fastq/SRR241/035/SRR24107435/SRR24107435_1.fastq.gz,true,FASTQ,12902878,exact ENA fastq_bytes,true,2026-08-01,RNA-Seq
macaqueneo,raw,ENA,SRR24107435,https://ftp.sra.ebi.ac.uk/vol1/fastq/SRR241/035/SRR24107435/SRR24107435_2.fastq.gz,true,FASTQ,25232398,exact ENA fastq_bytes,true,2026-08-01,RNA-Seq
macaqueneo,raw,ENA,SRR24107437,https://ftp.sra.ebi.ac.uk/vol1/fastq/SRR241/037/SRR24107437/SRR24107437_1.fastq.gz,true,FASTQ,15517265598,exact ENA fastq_bytes,true,2026-08-01,ATAC-seq
macaqueneo,raw,ENA,SRR24107437,https://ftp.sra.ebi.ac.uk/vol1/fastq/SRR241/037/SRR24107437/SRR24107437_2.fastq.gz,true,FASTQ,15662730542,exact ENA fastq_bytes,true,2026-08-01,ATAC-seq
macaqueneo,raw,ENA,SRR24107440,https://ftp.sra.ebi.ac.uk/vol1/fastq/SRR241/040/SRR24107440/SRR24107440_1.fastq.gz,true,FASTQ,1547119436,exact ENA fastq_bytes,true,2026-08-01,ATAC-seq
macaqueneo,raw,ENA,SRR24107440,https://ftp.sra.ebi.ac.uk/vol1/fastq/SRR241/040/SRR24107440/SRR24107440_2.fastq.gz,true,FASTQ,1563482264,exact ENA fastq_bytes,true,2026-08-01,ATAC-seq
macaqueneo,raw,ENA,SRR24107442,https://ftp.sra.ebi.ac.uk/vol1/fastq/SRR241/042/SRR24107442/SRR24107442_1.fastq.gz,true,FASTQ,87947530,exact ENA fastq_bytes,true,2026-08-01,ATAC-seq
macaqueneo,raw,ENA,SRR24107442,https://ftp.sra.ebi.ac.uk/vol1/fastq/SRR241/042/SRR24107442/SRR24107442_2.fastq.gz,true,FASTQ,87788178,exact ENA fastq_bytes,true,2026-08-01,ATAC-seq
macaqueneo,raw,ENA,SRR24107449,https://ftp.sra.ebi.ac.uk/vol1/fastq/SRR241/049/SRR24107449/SRR24107449_1.fastq.gz,true,FASTQ,13367012,exact ENA fastq_bytes,true,2026-08-01,RNA-Seq
macaqueneo,raw,ENA,SRR24107449,https://ftp.sra.ebi.ac.uk/vol1/fastq/SRR241/049/SRR24107449/SRR24107449_2.fastq.gz,true,FASTQ,26148232,exact ENA fastq_bytes,true,2026-08-01,RNA-Seq
macaqueneo,raw,ENA,SRR24107452,https://ftp.sra.ebi.ac.uk/vol1/fastq/SRR241/052/SRR24107452/SRR24107452_1.fastq.gz,true,FASTQ,10531820756,exact ENA fastq_bytes,true,2026-08-01,ATAC-seq
macaqueneo,raw,ENA,SRR24107452,https://ftp.sra.ebi.ac.uk/vol1/fastq/SRR241/052/SRR24107452/SRR24107452_2.fastq.gz,true,FASTQ,10606529056,exact ENA fastq_bytes,true,2026-08-01,ATAC-seq
macaqueneo,raw,ENA,SRR24107453,https://ftp.sra.ebi.ac.uk/vol1/fastq/SRR241/053/SRR24107453/SRR24107453_1.fastq.gz,true,FASTQ,10535087335,exact ENA fastq_bytes,true,2026-08-01,ATAC-seq
macaqueneo,raw,ENA,SRR24107453,https://ftp.sra.ebi.ac.uk/vol1/fastq/SRR241/053/SRR24107453/SRR24107453_2.fastq.gz,true,FASTQ,10605297384,exact ENA fastq_bytes,true,2026-08-01,ATAC-seq
macaqueneo,raw,ENA,SRR24107472,https://ftp.sra.ebi.ac.uk/vol1/fastq/SRR241/072/SRR24107472/SRR24107472_1.fastq.gz,true,FASTQ,18761848,exact ENA fastq_bytes,true,2026-08-01,RNA-Seq
macaqueneo,raw,ENA,SRR24107472,https://ftp.sra.ebi.ac.uk/vol1/fastq/SRR241/072/SRR24107472/SRR24107472_2.fastq.gz,true,FASTQ,36675101,exact ENA fastq_bytes,true,2026-08-01,RNA-Seq
macaqueneo,raw,ENA,SRR24107439,https://ftp.sra.ebi.ac.uk/vol1/fastq/SRR241/039/SRR24107439/SRR24107439_1.fastq.gz,true,FASTQ,1589712284,exact ENA fastq_bytes,true,2026-08-01,ATAC-seq
macaqueneo,raw,ENA,SRR24107439,https://ftp.sra.ebi.ac.uk/vol1/fastq/SRR241/039/SRR24107439/SRR24107439_2.fastq.gz,true,FASTQ,1607304201,exact ENA fastq_bytes,true,2026-08-01,ATAC-seq
macaqueneo,raw,ENA,SRR24107441,https://ftp.sra.ebi.ac.uk/vol1/fastq/SRR241/041/SRR24107441/SRR24107441_1.fastq.gz,true,FASTQ,1543348414,exact ENA fastq_bytes,true,2026-08-01,ATAC-seq
macaqueneo,raw,ENA,SRR24107441,https://ftp.sra.ebi.ac.uk/vol1/fastq/SRR241/041/SRR24107441/SRR24107441_2.fastq.gz,true,FASTQ,1560524824,exact ENA fastq_bytes,true,2026-08-01,ATAC-seq
macaqueneo,raw,ENA,SRR24107446,https://ftp.sra.ebi.ac.uk/vol1/fastq/SRR241/046/SRR24107446/SRR24107446_1.fastq.gz,true,FASTQ,3518458639,exact ENA fastq_bytes,true,2026-08-01,ATAC-seq
macaqueneo,raw,ENA,SRR24107446,https://ftp.sra.ebi.ac.uk/vol1/fastq/SRR241/046/SRR24107446/SRR24107446_2.fastq.gz,true,FASTQ,3546041394,exact ENA fastq_bytes,true,2026-08-01,ATAC-seq
macaqueneo,raw,ENA,SRR24107447,https://ftp.sra.ebi.ac.uk/vol1/fastq/SRR241/047/SRR24107447/SRR24107447_1.fastq.gz,true,FASTQ,3503973896,exact ENA fastq_bytes,true,2026-08-01,ATAC-seq
macaqueneo,raw,ENA,SRR24107447,https://ftp.sra.ebi.ac.uk/vol1/fastq/SRR241/047/SRR24107447/SRR24107447_2.fastq.gz,true,FASTQ,3531010839,exact ENA fastq_bytes,true,2026-08-01,ATAC-seq
macaqueneo,raw,ENA,SRR24107448,https://ftp.sra.ebi.ac.uk/vol1/fastq/SRR241/048/SRR24107448/SRR24107448_1.fastq.gz,true,FASTQ,5993578182,exact ENA fastq_bytes,true,2026-08-01,RNA-Seq
macaqueneo,raw,ENA,SRR24107448,https://ftp.sra.ebi.ac.uk/vol1/fastq/SRR241/048/SRR24107448/SRR24107448_2.fastq.gz,true,FASTQ,5958338008,exact ENA fastq_bytes,true,2026-08-01,RNA-Seq
macaqueneo,raw,ENA,SRR24107454,https://ftp.sra.ebi.ac.uk/vol1/fastq/SRR241/054/SRR24107454/SRR24107454_1.fastq.gz,true,FASTQ,10706691139,exact ENA fastq_bytes,true,2026-08-01,ATAC-seq
macaqueneo,raw,ENA,SRR24107454,https://ftp.sra.ebi.ac.uk/vol1/fastq/SRR241/054/SRR24107454/SRR24107454_2.fastq.gz,true,FASTQ,10781434911,exact ENA fastq_bytes,true,2026-08-01,ATAC-seq
macaqueneo,raw,ENA,SRR24107455,https://ftp.sra.ebi.ac.uk/vol1/fastq/SRR241/055/SRR24107455/SRR24107455_1.fastq.gz,true,FASTQ,15518406479,exact ENA fastq_bytes,true,2026-08-01,ATAC-seq
macaqueneo,raw,ENA,SRR24107455,https://ftp.sra.ebi.ac.uk/vol1/fastq/SRR241/055/SRR24107455/SRR24107455_2.fastq.gz,true,FASTQ,15655339875,exact ENA fastq_bytes,true,2026-08-01,ATAC-seq
macaqueneo,raw,ENA,SRR24107456,https://ftp.sra.ebi.ac.uk/vol1/fastq/SRR241/056/SRR24107456/SRR24107456_1.fastq.gz,true,FASTQ,15777243867,exact ENA fastq_bytes,true,2026-08-01,ATAC-seq
macaqueneo,raw,ENA,SRR24107456,https://ftp.sra.ebi.ac.uk/vol1/fastq/SRR241/056/SRR24107456/SRR24107456_2.fastq.gz,true,FASTQ,15922651166,exact ENA fastq_bytes,true,2026-08-01,ATAC-seq
macaqueneo,raw,ENA,SRR24107458,https://ftp.sra.ebi.ac.uk/vol1/fastq/SRR241/058/SRR24107458/SRR24107458_1.fastq.gz,true,FASTQ,17862796,exact ENA fastq_bytes,true,2026-08-01,RNA-Seq
macaqueneo,raw,ENA,SRR24107458,https://ftp.sra.ebi.ac.uk/vol1/fastq/SRR241/058/SRR24107458/SRR24107458_2.fastq.gz,true,FASTQ,34914970,exact ENA fastq_bytes,true,2026-08-01,RNA-Seq
macaqueneo,raw,ENA,SRR24107460,https://ftp.sra.ebi.ac.uk/vol1/fastq/SRR241/060/SRR24107460/SRR24107460_1.fastq.gz,true,FASTQ,6648101244,exact ENA fastq_bytes,true,2026-08-01,ATAC-seq
macaqueneo,raw,ENA,SRR24107460,https://ftp.sra.ebi.ac.uk/vol1/fastq/SRR241/060/SRR24107460/SRR24107460_2.fastq.gz,true,FASTQ,6704980100,exact ENA fastq_bytes,true,2026-08-01,ATAC-seq
macaqueneo,raw,ENA,SRR24107462,https://ftp.sra.ebi.ac.uk/vol1/fastq/SRR241/062/SRR24107462/SRR24107462_1.fastq.gz,true,FASTQ,6612014922,exact ENA fastq_bytes,true,2026-08-01,ATAC-seq
macaqueneo,raw,ENA,SRR24107462,https://ftp.sra.ebi.ac.uk/vol1/fastq/SRR241/062/SRR24107462/SRR24107462_2.fastq.gz,true,FASTQ,6668122201,exact ENA fastq_bytes,true,2026-08-01,ATAC-seq
macaqueneo,raw,ENA,SRR24107466,https://ftp.sra.ebi.ac.uk/vol1/fastq/SRR241/066/SRR24107466/SRR24107466_1.fastq.gz,true,FASTQ,85411744,exact ENA fastq_bytes,true,2026-08-01,ATAC-seq
macaqueneo,raw,ENA,SRR24107466,https://ftp.sra.ebi.ac.uk/vol1/fastq/SRR241/066/SRR24107466/SRR24107466_2.fastq.gz,true,FASTQ,85249717,exact ENA fastq_bytes,true,2026-08-01,ATAC-seq
macaqueneo,raw,ENA,SRR24107467,https://ftp.sra.ebi.ac.uk/vol1/fastq/SRR241/067/SRR24107467/SRR24107467_1.fastq.gz,true,FASTQ,4733050467,exact ENA fastq_bytes,true,2026-08-01,ATAC-seq
macaqueneo,raw,ENA,SRR24107467,https://ftp.sra.ebi.ac.uk/vol1/fastq/SRR241/067/SRR24107467/SRR24107467_2.fastq.gz,true,FASTQ,4767100130,exact ENA fastq_bytes,true,2026-08-01,ATAC-seq
macaqueneo,raw,ENA,SRR24107470,https://ftp.sra.ebi.ac.uk/vol1/fastq/SRR241/070/SRR24107470/SRR24107470_1.fastq.gz,true,FASTQ,18440818,exact ENA fastq_bytes,true,2026-08-01,RNA-Seq
macaqueneo,raw,ENA,SRR24107470,https://ftp.sra.ebi.ac.uk/vol1/fastq/SRR241/070/SRR24107470/SRR24107470_2.fastq.gz,true,FASTQ,36049492,exact ENA fastq_bytes,true,2026-08-01,RNA-Seq
macaqueneo,raw,ENA,SRR24107471,https://ftp.sra.ebi.ac.uk/vol1/fastq/SRR241/071/SRR24107471/SRR24107471_1.fastq.gz,true,FASTQ,18363883,exact ENA fastq_bytes,true,2026-08-01,RNA-Seq
macaqueneo,raw,ENA,SRR24107471,https://ftp.sra.ebi.ac.uk/vol1/fastq/SRR241/071/SRR24107471/SRR24107471_2.fastq.gz,true,FASTQ,35910327,exact ENA fastq_bytes,true,2026-08-01,RNA-Seq
macaqueneo,raw,ENA,SRR24107434,https://ftp.sra.ebi.ac.uk/vol1/fastq/SRR241/034/SRR24107434/SRR24107434_1.fastq.gz,true,FASTQ,6198872391,exact ENA fastq_bytes,true,2026-08-01,RNA-Seq
macaqueneo,raw,ENA,SRR24107434,https://ftp.sra.ebi.ac.uk/vol1/fastq/SRR241/034/SRR24107434/SRR24107434_2.fastq.gz,true,FASTQ,6064374395,exact ENA fastq_bytes,true,2026-08-01,RNA-Seq
macaqueneo,raw,ENA,SRR24107436,https://ftp.sra.ebi.ac.uk/vol1/fastq/SRR241/036/SRR24107436/SRR24107436_1.fastq.gz,true,FASTQ,18989600359,exact ENA fastq_bytes,true,2026-08-01,RNA-Seq
macaqueneo,raw,ENA,SRR24107436,https://ftp.sra.ebi.ac.uk/vol1/fastq/SRR241/036/SRR24107436/SRR24107436_2.fastq.gz,true,FASTQ,18776448292,exact ENA fastq_bytes,true,2026-08-01,RNA-Seq
macaqueneo,raw,ENA,SRR24107438,https://ftp.sra.ebi.ac.uk/vol1/fastq/SRR241/038/SRR24107438/SRR24107438_1.fastq.gz,true,FASTQ,21155682350,exact ENA fastq_bytes,true,2026-08-01,RNA-Seq
macaqueneo,raw,ENA,SRR24107438,https://ftp.sra.ebi.ac.uk/vol1/fastq/SRR241/038/SRR24107438/SRR24107438_2.fastq.gz,true,FASTQ,20788268961,exact ENA fastq_bytes,true,2026-08-01,RNA-Seq
macaqueneo,raw,ENA,SRR24107443,https://ftp.sra.ebi.ac.uk/vol1/fastq/SRR241/043/SRR24107443/SRR24107443_1.fastq.gz,true,FASTQ,88844489,exact ENA fastq_bytes,true,2026-08-01,ATAC-seq
macaqueneo,raw,ENA,SRR24107443,https://ftp.sra.ebi.ac.uk/vol1/fastq/SRR241/043/SRR24107443/SRR24107443_2.fastq.gz,true,FASTQ,88670895,exact ENA fastq_bytes,true,2026-08-01,ATAC-seq
macaqueneo,raw,ENA,SRR24107444,https://ftp.sra.ebi.ac.uk/vol1/fastq/SRR241/044/SRR24107444/SRR24107444_1.fastq.gz,true,FASTQ,86208600,exact ENA fastq_bytes,true,2026-08-01,ATAC-seq
macaqueneo,raw,ENA,SRR24107444,https://ftp.sra.ebi.ac.uk/vol1/fastq/SRR241/044/SRR24107444/SRR24107444_2.fastq.gz,true,FASTQ,86044315,exact ENA fastq_bytes,true,2026-08-01,ATAC-seq
macaqueneo,raw,ENA,SRR24107445,https://ftp.sra.ebi.ac.uk/vol1/fastq/SRR241/045/SRR24107445/SRR24107445_1.fastq.gz,true,FASTQ,86276016,exact ENA fastq_bytes,true,2026-08-01,ATAC-seq
macaqueneo,raw,ENA,SRR24107445,https://ftp.sra.ebi.ac.uk/vol1/fastq/SRR241/045/SRR24107445/SRR24107445_2.fastq.gz,true,FASTQ,86105909,exact ENA fastq_bytes,true,2026-08-01,ATAC-seq
macaqueneo,raw,ENA,SRR24107450,https://ftp.sra.ebi.ac.uk/vol1/fastq/SRR241/050/SRR24107450/SRR24107450_1.fastq.gz,true,FASTQ,13200174,exact ENA fastq_bytes,true,2026-08-01,RNA-Seq
macaqueneo,raw,ENA,SRR24107450,https://ftp.sra.ebi.ac.uk/vol1/fastq/SRR241/050/SRR24107450/SRR24107450_2.fastq.gz,true,FASTQ,25819952,exact ENA fastq_bytes,true,2026-08-01,RNA-Seq
macaqueneo,raw,ENA,SRR24107451,https://ftp.sra.ebi.ac.uk/vol1/fastq/SRR241/051/SRR24107451/SRR24107451_1.fastq.gz,true,FASTQ,13575768,exact ENA fastq_bytes,true,2026-08-01,RNA-Seq
macaqueneo,raw,ENA,SRR24107451,https://ftp.sra.ebi.ac.uk/vol1/fastq/SRR241/051/SRR24107451/SRR24107451_2.fastq.gz,true,FASTQ,26554679,exact ENA fastq_bytes,true,2026-08-01,RNA-Seq
macaqueneo,raw,ENA,SRR24107457,https://ftp.sra.ebi.ac.uk/vol1/fastq/SRR241/057/SRR24107457/SRR24107457_1.fastq.gz,true,FASTQ,15037312403,exact ENA fastq_bytes,true,2026-08-01,RNA-Seq
macaqueneo,raw,ENA,SRR24107457,https://ftp.sra.ebi.ac.uk/vol1/fastq/SRR241/057/SRR24107457/SRR24107457_2.fastq.gz,true,FASTQ,14712771060,exact ENA fastq_bytes,true,2026-08-01,RNA-Seq
macaqueneo,raw,ENA,SRR24107461,https://ftp.sra.ebi.ac.uk/vol1/fastq/SRR241/061/SRR24107461/SRR24107461_1.fastq.gz,true,FASTQ,6597550386,exact ENA fastq_bytes,true,2026-08-01,ATAC-seq
macaqueneo,raw,ENA,SRR24107461,https://ftp.sra.ebi.ac.uk/vol1/fastq/SRR241/061/SRR24107461/SRR24107461_2.fastq.gz,true,FASTQ,6651065317,exact ENA fastq_bytes,true,2026-08-01,ATAC-seq
macaqueneo,raw,ENA,SRR24107463,https://ftp.sra.ebi.ac.uk/vol1/fastq/SRR241/063/SRR24107463/SRR24107463_1.fastq.gz,true,FASTQ,87346307,exact ENA fastq_bytes,true,2026-08-01,ATAC-seq
macaqueneo,raw,ENA,SRR24107463,https://ftp.sra.ebi.ac.uk/vol1/fastq/SRR241/063/SRR24107463/SRR24107463_2.fastq.gz,true,FASTQ,87182530,exact ENA fastq_bytes,true,2026-08-01,ATAC-seq
macaqueneo,raw,ENA,SRR24107464,https://ftp.sra.ebi.ac.uk/vol1/fastq/SRR241/064/SRR24107464/SRR24107464_1.fastq.gz,true,FASTQ,87943101,exact ENA fastq_bytes,true,2026-08-01,ATAC-seq
macaqueneo,raw,ENA,SRR24107464,https://ftp.sra.ebi.ac.uk/vol1/fastq/SRR241/064/SRR24107464/SRR24107464_2.fastq.gz,true,FASTQ,87778289,exact ENA fastq_bytes,true,2026-08-01,ATAC-seq
macaqueneo,raw,ENA,SRR24107465,https://ftp.sra.ebi.ac.uk/vol1/fastq/SRR241/065/SRR24107465/SRR24107465_1.fastq.gz,true,FASTQ,85312837,exact ENA fastq_bytes,true,2026-08-01,ATAC-seq
macaqueneo,raw,ENA,SRR24107465,https://ftp.sra.ebi.ac.uk/vol1/fastq/SRR241/065/SRR24107465/SRR24107465_2.fastq.gz,true,FASTQ,85150078,exact ENA fastq_bytes,true,2026-08-01,ATAC-seq
macaqueneo,raw,ENA,SRR24107468,https://ftp.sra.ebi.ac.uk/vol1/fastq/SRR241/068/SRR24107468/SRR24107468_1.fastq.gz,true,FASTQ,4722008336,exact ENA fastq_bytes,true,2026-08-01,ATAC-seq
macaqueneo,raw,ENA,SRR24107468,https://ftp.sra.ebi.ac.uk/vol1/fastq/SRR241/068/SRR24107468/SRR24107468_2.fastq.gz,true,FASTQ,4755413459,exact ENA fastq_bytes,true,2026-08-01,ATAC-seq
macaqueneo,raw,ENA,SRR24107469,https://ftp.sra.ebi.ac.uk/vol1/fastq/SRR241/069/SRR24107469/SRR24107469_1.fastq.gz,true,FASTQ,3986043385,exact ENA fastq_bytes,true,2026-08-01,RNA-Seq
macaqueneo,raw,ENA,SRR24107469,https://ftp.sra.ebi.ac.uk/vol1/fastq/SRR241/069/SRR24107469/SRR24107469_2.fastq.gz,true,FASTQ,3947115950,exact ENA fastq_bytes,true,2026-08-01,RNA-Seq
macaqueneo,processed,GEO,GSE229169,https://ftp.ncbi.nlm.nih.gov/geo/series/GSE229nnn/GSE229169/suppl/GSE229169_macaque_filtered_barcodes.tsv.gz,true,GZ,0,not exposed (HTTPError),false,2026-08-01,
macaqueneo,processed,GEO,GSE229169,https://ftp.ncbi.nlm.nih.gov/geo/series/GSE229nnn/GSE229169/suppl/GSE229169_macaque_filtered_features.tsv.gz,true,GZ,0,not exposed (HTTPError),false,2026-08-01,
macaqueneo,processed,GEO,GSE229169,https://ftp.ncbi.nlm.nih.gov/geo/series/GSE229nnn/GSE229169/suppl/GSE229169_macaque_filtered_matrix.mtx.gz,true,MTX,0,not exposed (HTTPError),false,2026-08-01,
macaqueneo,processed,GEO,GSE229169,https://ftp.ncbi.nlm.nih.gov/geo/series/GSE229nnn/GSE229169/suppl/GSE229169_macaque_filtered_metadata.tsv.gz,true,GZ,0,not exposed (HTTPError),false,2026-08-01,
marmosetneo,raw,repository,,https://www.ncbi.nlm.nih.gov/bioproject/PRJNA953340,false,repository landing page,0,not exposed,false,2026-08-01,
marmosetneo,raw,ENA,SRR24107429,https://ftp.sra.ebi.ac.uk/vol1/fastq/SRR241/029/SRR24107429/SRR24107429_1.fastq.gz,true,FASTQ,5040399514,exact ENA fastq_bytes,true,2026-08-01,ATAC-seq
marmosetneo,raw,ENA,SRR24107429,https://ftp.sra.ebi.ac.uk/vol1/fastq/SRR241/029/SRR24107429/SRR24107429_2.fastq.gz,true,FASTQ,5077603178,exact ENA fastq_bytes,true,2026-08-01,ATAC-seq
marmosetneo,raw,ENA,SRR24107430,https://ftp.sra.ebi.ac.uk/vol1/fastq/SRR241/030/SRR24107430/SRR24107430_1.fastq.gz,true,FASTQ,5030707362,exact ENA fastq_bytes,true,2026-08-01,ATAC-seq
marmosetneo,raw,ENA,SRR24107430,https://ftp.sra.ebi.ac.uk/vol1/fastq/SRR241/030/SRR24107430/SRR24107430_2.fastq.gz,true,FASTQ,5065398470,exact ENA fastq_bytes,true,2026-08-01,ATAC-seq
marmosetneo,raw,ENA,SRR24107432,https://ftp.sra.ebi.ac.uk/vol1/fastq/SRR241/032/SRR24107432/SRR24107432_1.fastq.gz,true,FASTQ,108082043,exact ENA fastq_bytes,true,2026-08-01,ATAC-seq
marmosetneo,raw,ENA,SRR24107432,https://ftp.sra.ebi.ac.uk/vol1/fastq/SRR241/032/SRR24107432/SRR24107432_2.fastq.gz,true,FASTQ,107959900,exact ENA fastq_bytes,true,2026-08-01,ATAC-seq
marmosetneo,raw,ENA,SRR24107541,https://ftp.sra.ebi.ac.uk/vol1/fastq/SRR241/041/SRR24107541/SRR24107541_1.fastq.gz,true,FASTQ,18478145580,exact ENA fastq_bytes,true,2026-08-01,RNA-Seq
marmosetneo,raw,ENA,SRR24107541,https://ftp.sra.ebi.ac.uk/vol1/fastq/SRR241/041/SRR24107541/SRR24107541_2.fastq.gz,true,FASTQ,18329038736,exact ENA fastq_bytes,true,2026-08-01,RNA-Seq
marmosetneo,raw,ENA,SRR24107555,https://ftp.sra.ebi.ac.uk/vol1/fastq/SRR241/055/SRR24107555/SRR24107555_1.fastq.gz,true,FASTQ,17127216904,exact ENA fastq_bytes,true,2026-08-01,ATAC-seq
marmosetneo,raw,ENA,SRR24107555,https://ftp.sra.ebi.ac.uk/vol1/fastq/SRR241/055/SRR24107555/SRR24107555_2.fastq.gz,true,FASTQ,17264260401,exact ENA fastq_bytes,true,2026-08-01,ATAC-seq
marmosetneo,raw,ENA,SRR24107567,https://ftp.sra.ebi.ac.uk/vol1/fastq/SRR241/067/SRR24107567/SRR24107567_1.fastq.gz,true,FASTQ,97302450,exact ENA fastq_bytes,true,2026-08-01,ATAC-seq
marmosetneo,raw,ENA,SRR24107567,https://ftp.sra.ebi.ac.uk/vol1/fastq/SRR241/067/SRR24107567/SRR24107567_2.fastq.gz,true,FASTQ,97195377,exact ENA fastq_bytes,true,2026-08-01,ATAC-seq
marmosetneo,raw,ENA,SRR24107569,https://ftp.sra.ebi.ac.uk/vol1/fastq/SRR241/069/SRR24107569/SRR24107569_1.fastq.gz,true,FASTQ,15181896,exact ENA fastq_bytes,true,2026-08-01,RNA-Seq
marmosetneo,raw,ENA,SRR24107569,https://ftp.sra.ebi.ac.uk/vol1/fastq/SRR241/069/SRR24107569/SRR24107569_2.fastq.gz,true,FASTQ,29770833,exact ENA fastq_bytes,true,2026-08-01,RNA-Seq
marmosetneo,raw,ENA,SRR24107572,https://ftp.sra.ebi.ac.uk/vol1/fastq/SRR241/072/SRR24107572/SRR24107572_1.fastq.gz,true,FASTQ,15615005123,exact ENA fastq_bytes,true,2026-08-01,RNA-Seq
marmosetneo,raw,ENA,SRR24107572,https://ftp.sra.ebi.ac.uk/vol1/fastq/SRR241/072/SRR24107572/SRR24107572_2.fastq.gz,true,FASTQ,15376020080,exact ENA fastq_bytes,true,2026-08-01,RNA-Seq
marmosetneo,raw,ENA,SRR24107573,https://ftp.sra.ebi.ac.uk/vol1/fastq/SRR241/073/SRR24107573/SRR24107573_1.fastq.gz,true,FASTQ,16606868,exact ENA fastq_bytes,true,2026-08-01,RNA-Seq
marmosetneo,raw,ENA,SRR24107573,https://ftp.sra.ebi.ac.uk/vol1/fastq/SRR241/073/SRR24107573/SRR24107573_2.fastq.gz,true,FASTQ,32692873,exact ENA fastq_bytes,true,2026-08-01,RNA-Seq
marmosetneo,raw,ENA,SRR24107431,https://ftp.sra.ebi.ac.uk/vol1/fastq/SRR241/031/SRR24107431/SRR24107431_1.fastq.gz,true,FASTQ,5075777025,exact ENA fastq_bytes,true,2026-08-01,ATAC-seq
marmosetneo,raw,ENA,SRR24107431,https://ftp.sra.ebi.ac.uk/vol1/fastq/SRR241/031/SRR24107431/SRR24107431_2.fastq.gz,true,FASTQ,5112909683,exact ENA fastq_bytes,true,2026-08-01,ATAC-seq
marmosetneo,raw,ENA,SRR24107433,https://ftp.sra.ebi.ac.uk/vol1/fastq/SRR241/033/SRR24107433/SRR24107433_1.fastq.gz,true,FASTQ,109406926,exact ENA fastq_bytes,true,2026-08-01,ATAC-seq
marmosetneo,raw,ENA,SRR24107433,https://ftp.sra.ebi.ac.uk/vol1/fastq/SRR241/033/SRR24107433/SRR24107433_2.fastq.gz,true,FASTQ,109277367,exact ENA fastq_bytes,true,2026-08-01,ATAC-seq
marmosetneo,raw,ENA,SRR24107543,https://ftp.sra.ebi.ac.uk/vol1/fastq/SRR241/043/SRR24107543/SRR24107543_1.fastq.gz,true,FASTQ,17794859684,exact ENA fastq_bytes,true,2026-08-01,RNA-Seq
marmosetneo,raw,ENA,SRR24107543,https://ftp.sra.ebi.ac.uk/vol1/fastq/SRR241/043/SRR24107543/SRR24107543_2.fastq.gz,true,FASTQ,17623981857,exact ENA fastq_bytes,true,2026-08-01,RNA-Seq
marmosetneo,raw,ENA,SRR24107551,https://ftp.sra.ebi.ac.uk/vol1/fastq/SRR241/051/SRR24107551/SRR24107551_1.fastq.gz,true,FASTQ,18678244637,exact ENA fastq_bytes,true,2026-08-01,ATAC-seq
marmosetneo,raw,ENA,SRR24107551,https://ftp.sra.ebi.ac.uk/vol1/fastq/SRR241/051/SRR24107551/SRR24107551_2.fastq.gz,true,FASTQ,18848286623,exact ENA fastq_bytes,true,2026-08-01,ATAC-seq
marmosetneo,raw,ENA,SRR24107552,https://ftp.sra.ebi.ac.uk/vol1/fastq/SRR241/052/SRR24107552/SRR24107552_1.fastq.gz,true,FASTQ,18656457239,exact ENA fastq_bytes,true,2026-08-01,ATAC-seq
marmosetneo,raw,ENA,SRR24107552,https://ftp.sra.ebi.ac.uk/vol1/fastq/SRR241/052/SRR24107552/SRR24107552_2.fastq.gz,true,FASTQ,18816542747,exact ENA fastq_bytes,true,2026-08-01,ATAC-seq
marmosetneo,raw,ENA,SRR24107554,https://ftp.sra.ebi.ac.uk/vol1/fastq/SRR241/054/SRR24107554/SRR24107554_1.fastq.gz,true,FASTQ,16885852240,exact ENA fastq_bytes,true,2026-08-01,ATAC-seq
marmosetneo,raw,ENA,SRR24107554,https://ftp.sra.ebi.ac.uk/vol1/fastq/SRR241/054/SRR24107554/SRR24107554_2.fastq.gz,true,FASTQ,17014646270,exact ENA fastq_bytes,true,2026-08-01,ATAC-seq
marmosetneo,raw,ENA,SRR24107559,https://ftp.sra.ebi.ac.uk/vol1/fastq/SRR241/059/SRR24107559/SRR24107559_1.fastq.gz,true,FASTQ,6570618308,exact ENA fastq_bytes,true,2026-08-01,ATAC-seq
marmosetneo,raw,ENA,SRR24107559,https://ftp.sra.ebi.ac.uk/vol1/fastq/SRR241/059/SRR24107559/SRR24107559_2.fastq.gz,true,FASTQ,6599215458,exact ENA fastq_bytes,true,2026-08-01,ATAC-seq
marmosetneo,raw,ENA,SRR24107561,https://ftp.sra.ebi.ac.uk/vol1/fastq/SRR241/061/SRR24107561/SRR24107561_1.fastq.gz,true,FASTQ,6625937718,exact ENA fastq_bytes,true,2026-08-01,ATAC-seq
marmosetneo,raw,ENA,SRR24107561,https://ftp.sra.ebi.ac.uk/vol1/fastq/SRR241/061/SRR24107561/SRR24107561_2.fastq.gz,true,FASTQ,6653726633,exact ENA fastq_bytes,true,2026-08-01,ATAC-seq
marmosetneo,raw,ENA,SRR24107564,https://ftp.sra.ebi.ac.uk/vol1/fastq/SRR241/064/SRR24107564/SRR24107564_1.fastq.gz,true,FASTQ,99631423,exact ENA fastq_bytes,true,2026-08-01,ATAC-seq
marmosetneo,raw,ENA,SRR24107564,https://ftp.sra.ebi.ac.uk/vol1/fastq/SRR241/064/SRR24107564/SRR24107564_2.fastq.gz,true,FASTQ,99527023,exact ENA fastq_bytes,true,2026-08-01,ATAC-seq
marmosetneo,raw,ENA,SRR24107568,https://ftp.sra.ebi.ac.uk/vol1/fastq/SRR241/068/SRR24107568/SRR24107568_1.fastq.gz,true,FASTQ,15247094,exact ENA fastq_bytes,true,2026-08-01,RNA-Seq
marmosetneo,raw,ENA,SRR24107568,https://ftp.sra.ebi.ac.uk/vol1/fastq/SRR241/068/SRR24107568/SRR24107568_2.fastq.gz,true,FASTQ,29896084,exact ENA fastq_bytes,true,2026-08-01,RNA-Seq
marmosetneo,raw,ENA,SRR24107575,https://ftp.sra.ebi.ac.uk/vol1/fastq/SRR241/075/SRR24107575/SRR24107575_1.fastq.gz,true,FASTQ,16892253,exact ENA fastq_bytes,true,2026-08-01,RNA-Seq
marmosetneo,raw,ENA,SRR24107575,https://ftp.sra.ebi.ac.uk/vol1/fastq/SRR241/075/SRR24107575/SRR24107575_2.fastq.gz,true,FASTQ,33261677,exact ENA fastq_bytes,true,2026-08-01,RNA-Seq
marmosetneo,raw,ENA,SRR24107576,https://ftp.sra.ebi.ac.uk/vol1/fastq/SRR241/076/SRR24107576/SRR24107576_1.fastq.gz,true,FASTQ,16126639,exact ENA fastq_bytes,true,2026-08-01,RNA-Seq
marmosetneo,raw,ENA,SRR24107576,https://ftp.sra.ebi.ac.uk/vol1/fastq/SRR241/076/SRR24107576/SRR24107576_2.fastq.gz,true,FASTQ,31736824,exact ENA fastq_bytes,true,2026-08-01,RNA-Seq
marmosetneo,raw,ENA,SRR24107542,https://ftp.sra.ebi.ac.uk/vol1/fastq/SRR241/042/SRR24107542/SRR24107542_1.fastq.gz,true,FASTQ,16902123388,exact ENA fastq_bytes,true,2026-08-01,ATAC-seq
marmosetneo,raw,ENA,SRR24107542,https://ftp.sra.ebi.ac.uk/vol1/fastq/SRR241/042/SRR24107542/SRR24107542_2.fastq.gz,true,FASTQ,17039703251,exact ENA fastq_bytes,true,2026-08-01,ATAC-seq
marmosetneo,raw,ENA,SRR24107553,https://ftp.sra.ebi.ac.uk/vol1/fastq/SRR241/053/SRR24107553/SRR24107553_1.fastq.gz,true,FASTQ,18916184229,exact ENA fastq_bytes,true,2026-08-01,ATAC-seq
marmosetneo,raw,ENA,SRR24107553,https://ftp.sra.ebi.ac.uk/vol1/fastq/SRR241/053/SRR24107553/SRR24107553_2.fastq.gz,true,FASTQ,19085752631,exact ENA fastq_bytes,true,2026-08-01,ATAC-seq
marmosetneo,raw,ENA,SRR24107557,https://ftp.sra.ebi.ac.uk/vol1/fastq/SRR241/057/SRR24107557/SRR24107557_1.fastq.gz,true,FASTQ,14286516115,exact ENA fastq_bytes,true,2026-08-01,RNA-Seq
marmosetneo,raw,ENA,SRR24107557,https://ftp.sra.ebi.ac.uk/vol1/fastq/SRR241/057/SRR24107557/SRR24107557_2.fastq.gz,true,FASTQ,14033544620,exact ENA fastq_bytes,true,2026-08-01,RNA-Seq
marmosetneo,raw,ENA,SRR24107560,https://ftp.sra.ebi.ac.uk/vol1/fastq/SRR241/060/SRR24107560/SRR24107560_1.fastq.gz,true,FASTQ,6588802916,exact ENA fastq_bytes,true,2026-08-01,ATAC-seq
marmosetneo,raw,ENA,SRR24107560,https://ftp.sra.ebi.ac.uk/vol1/fastq/SRR241/060/SRR24107560/SRR24107560_2.fastq.gz,true,FASTQ,6615168825,exact ENA fastq_bytes,true,2026-08-01,ATAC-seq
marmosetneo,raw,ENA,SRR24107562,https://ftp.sra.ebi.ac.uk/vol1/fastq/SRR241/062/SRR24107562/SRR24107562_1.fastq.gz,true,FASTQ,12682910577,exact ENA fastq_bytes,true,2026-08-01,ATAC-seq
marmosetneo,raw,ENA,SRR24107562,https://ftp.sra.ebi.ac.uk/vol1/fastq/SRR241/062/SRR24107562/SRR24107562_2.fastq.gz,true,FASTQ,12726741256,exact ENA fastq_bytes,true,2026-08-01,ATAC-seq
marmosetneo,raw,ENA,SRR24107563,https://ftp.sra.ebi.ac.uk/vol1/fastq/SRR241/063/SRR24107563/SRR24107563_1.fastq.gz,true,FASTQ,12679637121,exact ENA fastq_bytes,true,2026-08-01,ATAC-seq
marmosetneo,raw,ENA,SRR24107563,https://ftp.sra.ebi.ac.uk/vol1/fastq/SRR241/063/SRR24107563/SRR24107563_2.fastq.gz,true,FASTQ,12722537269,exact ENA fastq_bytes,true,2026-08-01,ATAC-seq
marmosetneo,raw,ENA,SRR24107565,https://ftp.sra.ebi.ac.uk/vol1/fastq/SRR241/065/SRR24107565/SRR24107565_1.fastq.gz,true,FASTQ,100886651,exact ENA fastq_bytes,true,2026-08-01,ATAC-seq
marmosetneo,raw,ENA,SRR24107565,https://ftp.sra.ebi.ac.uk/vol1/fastq/SRR241/065/SRR24107565/SRR24107565_2.fastq.gz,true,FASTQ,100772806,exact ENA fastq_bytes,true,2026-08-01,ATAC-seq
marmosetneo,raw,ENA,SRR24107566,https://ftp.sra.ebi.ac.uk/vol1/fastq/SRR241/066/SRR24107566/SRR24107566_1.fastq.gz,true,FASTQ,97559682,exact ENA fastq_bytes,true,2026-08-01,ATAC-seq
marmosetneo,raw,ENA,SRR24107566,https://ftp.sra.ebi.ac.uk/vol1/fastq/SRR241/066/SRR24107566/SRR24107566_2.fastq.gz,true,FASTQ,97448537,exact ENA fastq_bytes,true,2026-08-01,ATAC-seq
marmosetneo,raw,ENA,SRR24107570,https://ftp.sra.ebi.ac.uk/vol1/fastq/SRR241/070/SRR24107570/SRR24107570_1.fastq.gz,true,FASTQ,15457491,exact ENA fastq_bytes,true,2026-08-01,RNA-Seq
marmosetneo,raw,ENA,SRR24107570,https://ftp.sra.ebi.ac.uk/vol1/fastq/SRR241/070/SRR24107570/SRR24107570_2.fastq.gz,true,FASTQ,30307506,exact ENA fastq_bytes,true,2026-08-01,RNA-Seq
marmosetneo,raw,ENA,SRR24107571,https://ftp.sra.ebi.ac.uk/vol1/fastq/SRR241/071/SRR24107571/SRR24107571_1.fastq.gz,true,FASTQ,14773862,exact ENA fastq_bytes,true,2026-08-01,RNA-Seq
marmosetneo,raw,ENA,SRR24107571,https://ftp.sra.ebi.ac.uk/vol1/fastq/SRR241/071/SRR24107571/SRR24107571_2.fastq.gz,true,FASTQ,28961597,exact ENA fastq_bytes,true,2026-08-01,RNA-Seq
marmosetneo,raw,ENA,SRR24107574,https://ftp.sra.ebi.ac.uk/vol1/fastq/SRR241/074/SRR24107574/SRR24107574_1.fastq.gz,true,FASTQ,16538071,exact ENA fastq_bytes,true,2026-08-01,RNA-Seq
marmosetneo,raw,ENA,SRR24107574,https://ftp.sra.ebi.ac.uk/vol1/fastq/SRR241/074/SRR24107574/SRR24107574_2.fastq.gz,true,FASTQ,32563801,exact ENA fastq_bytes,true,2026-08-01,RNA-Seq
marmosetneo,raw,ENA,SRR24107578,https://ftp.sra.ebi.ac.uk/vol1/fastq/SRR241/078/SRR24107578/SRR24107578_1.fastq.gz,true,FASTQ,106281341,exact ENA fastq_bytes,true,2026-08-01,ATAC-seq
marmosetneo,raw,ENA,SRR24107578,https://ftp.sra.ebi.ac.uk/vol1/fastq/SRR241/078/SRR24107578/SRR24107578_2.fastq.gz,true,FASTQ,106147976,exact ENA fastq_bytes,true,2026-08-01,ATAC-seq
marmosetneo,raw,ENA,SRR24107579,https://ftp.sra.ebi.ac.uk/vol1/fastq/SRR241/079/SRR24107579/SRR24107579_1.fastq.gz,true,FASTQ,106389160,exact ENA fastq_bytes,true,2026-08-01,ATAC-seq
marmosetneo,raw,ENA,SRR24107579,https://ftp.sra.ebi.ac.uk/vol1/fastq/SRR241/079/SRR24107579/SRR24107579_2.fastq.gz,true,FASTQ,106253610,exact ENA fastq_bytes,true,2026-08-01,ATAC-seq
marmosetneo,raw,ENA,SRR24107580,https://ftp.sra.ebi.ac.uk/vol1/fastq/SRR241/080/SRR24107580/SRR24107580_1.fastq.gz,true,FASTQ,16010939996,exact ENA fastq_bytes,true,2026-08-01,ATAC-seq
marmosetneo,raw,ENA,SRR24107580,https://ftp.sra.ebi.ac.uk/vol1/fastq/SRR241/080/SRR24107580/SRR24107580_2.fastq.gz,true,FASTQ,16119952073,exact ENA fastq_bytes,true,2026-08-01,ATAC-seq
marmosetneo,raw,ENA,SRR24107581,https://ftp.sra.ebi.ac.uk/vol1/fastq/SRR241/081/SRR24107581/SRR24107581_1.fastq.gz,true,FASTQ,16016644440,exact ENA fastq_bytes,true,2026-08-01,ATAC-seq
marmosetneo,raw,ENA,SRR24107581,https://ftp.sra.ebi.ac.uk/vol1/fastq/SRR241/081/SRR24107581/SRR24107581_2.fastq.gz,true,FASTQ,16124471500,exact ENA fastq_bytes,true,2026-08-01,ATAC-seq
marmosetneo,processed,GEO,GSE229169,https://ftp.ncbi.nlm.nih.gov/geo/series/GSE229nnn/GSE229169/suppl/GSE229169_marmoset_filtered_barcodes.tsv.gz,true,GZ,0,not exposed (HTTPError),false,2026-08-01,
marmosetneo,processed,GEO,GSE229169,https://ftp.ncbi.nlm.nih.gov/geo/series/GSE229nnn/GSE229169/suppl/GSE229169_marmoset_filtered_features.tsv.gz,true,GZ,0,not exposed (HTTPError),false,2026-08-01,
marmosetneo,processed,GEO,GSE229169,https://ftp.ncbi.nlm.nih.gov/geo/series/GSE229nnn/GSE229169/suppl/GSE229169_marmoset_filtered_matrix.mtx.gz,true,MTX,0,not exposed (HTTPError),false,2026-08-01,
marmosetneo,processed,GEO,GSE229169,https://ftp.ncbi.nlm.nih.gov/geo/series/GSE229nnn/GSE229169/suppl/GSE229169_marmoset_filtered_metadata.tsv.gz,true,GZ,0,not exposed (HTTPError),false,2026-08-01,
mouseaging,raw,repository,,https://www.ncbi.nlm.nih.gov/bioproject/PRJNA778205,false,repository landing page,0,not exposed,false,2026-08-01,
mouseaging,raw,ENA,SRR16760729,https://ftp.sra.ebi.ac.uk/vol1/fastq/SRR167/029/SRR16760729/SRR16760729_1.fastq.gz,true,FASTQ,6337397148,exact ENA fastq_bytes,true,2026-08-01,ATAC-seq
mouseaging,raw,ENA,SRR16760729,https://ftp.sra.ebi.ac.uk/vol1/fastq/SRR167/029/SRR16760729/SRR16760729_2.fastq.gz,true,FASTQ,16299392101,exact ENA fastq_bytes,true,2026-08-01,ATAC-seq
mouseaging,raw,ENA,SRR16760730,https://ftp.sra.ebi.ac.uk/vol1/fastq/SRR167/030/SRR16760730/SRR16760730_1.fastq.gz,true,FASTQ,5997415023,exact ENA fastq_bytes,true,2026-08-01,ATAC-seq
mouseaging,raw,ENA,SRR16760730,https://ftp.sra.ebi.ac.uk/vol1/fastq/SRR167/030/SRR16760730/SRR16760730_2.fastq.gz,true,FASTQ,16198478503,exact ENA fastq_bytes,true,2026-08-01,ATAC-seq
mouseaging,raw,ENA,SRR16760735,https://ftp.sra.ebi.ac.uk/vol1/fastq/SRR167/035/SRR16760735/SRR16760735_1.fastq.gz,true,FASTQ,23318815171,exact ENA fastq_bytes,true,2026-08-01,ATAC-seq
mouseaging,raw,ENA,SRR16760735,https://ftp.sra.ebi.ac.uk/vol1/fastq/SRR167/035/SRR16760735/SRR16760735_2.fastq.gz,true,FASTQ,24805635953,exact ENA fastq_bytes,true,2026-08-01,ATAC-seq
mouseaging,raw,ENA,SRR16760731,https://ftp.sra.ebi.ac.uk/vol1/fastq/SRR167/031/SRR16760731/SRR16760731_1.fastq.gz,true,FASTQ,6201488288,exact ENA fastq_bytes,true,2026-08-01,ATAC-seq
mouseaging,raw,ENA,SRR16760731,https://ftp.sra.ebi.ac.uk/vol1/fastq/SRR167/031/SRR16760731/SRR16760731_2.fastq.gz,true,FASTQ,15827577537,exact ENA fastq_bytes,true,2026-08-01,ATAC-seq
mouseaging,raw,ENA,SRR16760732,https://ftp.sra.ebi.ac.uk/vol1/fastq/SRR167/032/SRR16760732/SRR16760732_1.fastq.gz,true,FASTQ,7192139195,exact ENA fastq_bytes,true,2026-08-01,ATAC-seq
mouseaging,raw,ENA,SRR16760732,https://ftp.sra.ebi.ac.uk/vol1/fastq/SRR167/032/SRR16760732/SRR16760732_2.fastq.gz,true,FASTQ,18005269189,exact ENA fastq_bytes,true,2026-08-01,ATAC-seq
mouseaging,raw,ENA,SRR16760728,https://ftp.sra.ebi.ac.uk/vol1/fastq/SRR167/028/SRR16760728/SRR16760728_1.fastq.gz,true,FASTQ,2327051868,exact ENA fastq_bytes,true,2026-08-01,ATAC-seq
mouseaging,raw,ENA,SRR16760728,https://ftp.sra.ebi.ac.uk/vol1/fastq/SRR167/028/SRR16760728/SRR16760728_2.fastq.gz,true,FASTQ,6055637710,exact ENA fastq_bytes,true,2026-08-01,ATAC-seq
mouseaging,raw,ENA,SRR16760733,https://ftp.sra.ebi.ac.uk/vol1/fastq/SRR167/033/SRR16760733/SRR16760733_1.fastq.gz,true,FASTQ,8474162153,exact ENA fastq_bytes,true,2026-08-01,ATAC-seq
mouseaging,raw,ENA,SRR16760733,https://ftp.sra.ebi.ac.uk/vol1/fastq/SRR167/033/SRR16760733/SRR16760733_2.fastq.gz,true,FASTQ,21012929953,exact ENA fastq_bytes,true,2026-08-01,ATAC-seq
mouseaging,raw,ENA,SRR16760734,https://ftp.sra.ebi.ac.uk/vol1/fastq/SRR167/034/SRR16760734/SRR16760734_1.fastq.gz,true,FASTQ,23280450915,exact ENA fastq_bytes,true,2026-08-01,ATAC-seq
mouseaging,raw,ENA,SRR16760734,https://ftp.sra.ebi.ac.uk/vol1/fastq/SRR167/034/SRR16760734/SRR16760734_2.fastq.gz,true,FASTQ,24564188871,exact ENA fastq_bytes,true,2026-08-01,ATAC-seq
mouseaging,raw,ENA,SRR16760736,https://ftp.sra.ebi.ac.uk/vol1/fastq/SRR167/036/SRR16760736/SRR16760736_1.fastq.gz,true,FASTQ,40578328856,exact ENA fastq_bytes,true,2026-08-01,ATAC-seq
mouseaging,raw,ENA,SRR16760736,https://ftp.sra.ebi.ac.uk/vol1/fastq/SRR167/036/SRR16760736/SRR16760736_2.fastq.gz,true,FASTQ,99477930986,exact ENA fastq_bytes,true,2026-08-01,ATAC-seq
mouseaging,processed,GEO,GSE187332,https://ftp.ncbi.nlm.nih.gov/geo/series/GSE187nnn/GSE187332/suppl/GSE187332_BM.bigwigs.tar.gz,true,bigwig,0,not exposed (HTTPError),false,2026-08-01,
mouseaging,processed,GEO,GSE187332,https://ftp.ncbi.nlm.nih.gov/geo/series/GSE187nnn/GSE187332/suppl/GSE187332_DH.bigwigs.tar.gz,true,bigwig,0,not exposed (HTTPError),false,2026-08-01,
mouseaging,processed,GEO,GSE187332,https://ftp.ncbi.nlm.nih.gov/geo/series/GSE187nnn/GSE187332/suppl/GSE187332_FC.bigwigs.tar.gz,true,bigwig,0,not exposed (HTTPError),false,2026-08-01,
mouseaging,processed,GEO,GSE187332,https://ftp.ncbi.nlm.nih.gov/geo/series/GSE187nnn/GSE187332/suppl/GSE187332_HT.bigwigs.tar.gz,true,bigwig,0,not exposed (HTTPError),false,2026-08-01,
mouseaging,processed,GEO,GSE187332,https://ftp.ncbi.nlm.nih.gov/geo/series/GSE187nnn/GSE187332/suppl/GSE187332_LM.bigwigs.tar.gz,true,bigwig,0,not exposed (HTTPError),false,2026-08-01,
mouseaging,processed,GEO,GSE187332,https://ftp.ncbi.nlm.nih.gov/geo/series/GSE187nnn/GSE187332/suppl/GSE187332_DH_final_seurat_object.RDS.gz,true,RDS,0,not exposed (HTTPError),false,2026-08-01,
mouseaging,processed,GEO,GSE187332,https://ftp.ncbi.nlm.nih.gov/geo/series/GSE187nnn/GSE187332/suppl/GSE187332_FC_final_seurat_object.RDS.gz,true,RDS,0,not exposed (HTTPError),false,2026-08-01,
mousebrain,raw,NEMO Archive,dat-wywv153,https://assets.nemoarchive.org/dat-wywv153,false,collection,863000000000,exact NEMO manifest total,true,2026-08-01,Collection landing page; download is packaged by NEMO.
mousebrain,processed,GEO,GSE173650,https://ftp.ncbi.nlm.nih.gov/geo/series/GSE173nnn/GSE173650/suppl/GSE173650_RAW.tar,true,TAR,3337379840,exact GEO file listing,true,2026-08-01,
mouseneo,raw,repository,,https://www.ncbi.nlm.nih.gov/bioproject/PRJNA953340,false,repository landing page,0,not exposed,false,2026-08-01,
mouseneo,raw,ENA,SRR24107401,https://ftp.sra.ebi.ac.uk/vol1/fastq/SRR241/001/SRR24107401/SRR24107401_1.fastq.gz,true,FASTQ,4226604349,exact ENA fastq_bytes,true,2026-08-01,RNA-Seq
mouseneo,raw,ENA,SRR24107401,https://ftp.sra.ebi.ac.uk/vol1/fastq/SRR241/001/SRR24107401/SRR24107401_2.fastq.gz,true,FASTQ,4165640592,exact ENA fastq_bytes,true,2026-08-01,RNA-Seq
mouseneo,raw,ENA,SRR24107407,https://ftp.sra.ebi.ac.uk/vol1/fastq/SRR241/007/SRR24107407/SRR24107407_1.fastq.gz,true,FASTQ,13669967926,exact ENA fastq_bytes,true,2026-08-01,ATAC-seq
mouseneo,raw,ENA,SRR24107407,https://ftp.sra.ebi.ac.uk/vol1/fastq/SRR241/007/SRR24107407/SRR24107407_2.fastq.gz,true,FASTQ,13724267782,exact ENA fastq_bytes,true,2026-08-01,ATAC-seq
mouseneo,raw,ENA,SRR24107410,https://ftp.sra.ebi.ac.uk/vol1/fastq/SRR241/010/SRR24107410/SRR24107410_1.fastq.gz,true,FASTQ,6641736958,exact ENA fastq_bytes,true,2026-08-01,RNA-Seq
mouseneo,raw,ENA,SRR24107410,https://ftp.sra.ebi.ac.uk/vol1/fastq/SRR241/010/SRR24107410/SRR24107410_2.fastq.gz,true,FASTQ,6621038817,exact ENA fastq_bytes,true,2026-08-01,RNA-Seq
mouseneo,raw,ENA,SRR24107411,https://ftp.sra.ebi.ac.uk/vol1/fastq/SRR241/011/SRR24107411/SRR24107411_1.fastq.gz,true,FASTQ,3689700380,exact ENA fastq_bytes,true,2026-08-01,ATAC-seq
mouseneo,raw,ENA,SRR24107411,https://ftp.sra.ebi.ac.uk/vol1/fastq/SRR241/011/SRR24107411/SRR24107411_2.fastq.gz,true,FASTQ,3718770706,exact ENA fastq_bytes,true,2026-08-01,ATAC-seq
mouseneo,raw,ENA,SRR24107412,https://ftp.sra.ebi.ac.uk/vol1/fastq/SRR241/012/SRR24107412/SRR24107412_1.fastq.gz,true,FASTQ,4037519874,exact ENA fastq_bytes,true,2026-08-01,ATAC-seq
mouseneo,raw,ENA,SRR24107412,https://ftp.sra.ebi.ac.uk/vol1/fastq/SRR241/012/SRR24107412/SRR24107412_2.fastq.gz,true,FASTQ,4052499718,exact ENA fastq_bytes,true,2026-08-01,ATAC-seq
mouseneo,raw,ENA,SRR24107416,https://ftp.sra.ebi.ac.uk/vol1/fastq/SRR241/016/SRR24107416/SRR24107416_1.fastq.gz,true,FASTQ,4229000916,exact ENA fastq_bytes,true,2026-08-01,ATAC-seq
mouseneo,raw,ENA,SRR24107416,https://ftp.sra.ebi.ac.uk/vol1/fastq/SRR241/016/SRR24107416/SRR24107416_2.fastq.gz,true,FASTQ,4239552695,exact ENA fastq_bytes,true,2026-08-01,ATAC-seq
mouseneo,raw,ENA,SRR24107419,https://ftp.sra.ebi.ac.uk/vol1/fastq/SRR241/019/SRR24107419/SRR24107419_1.fastq.gz,true,FASTQ,516336291,exact ENA fastq_bytes,true,2026-08-01,RNA-Seq
mouseneo,raw,ENA,SRR24107419,https://ftp.sra.ebi.ac.uk/vol1/fastq/SRR241/019/SRR24107419/SRR24107419_2.fastq.gz,true,FASTQ,520797043,exact ENA fastq_bytes,true,2026-08-01,RNA-Seq
mouseneo,raw,ENA,SRR24107425,https://ftp.sra.ebi.ac.uk/vol1/fastq/SRR241/025/SRR24107425/SRR24107425_1.fastq.gz,true,FASTQ,19058461844,exact ENA fastq_bytes,true,2026-08-01,ATAC-seq
mouseneo,raw,ENA,SRR24107425,https://ftp.sra.ebi.ac.uk/vol1/fastq/SRR241/025/SRR24107425/SRR24107425_2.fastq.gz,true,FASTQ,19169742477,exact ENA fastq_bytes,true,2026-08-01,ATAC-seq
mouseneo,raw,ENA,SRR24107427,https://ftp.sra.ebi.ac.uk/vol1/fastq/SRR241/027/SRR24107427/SRR24107427_1.fastq.gz,true,FASTQ,14314370043,exact ENA fastq_bytes,true,2026-08-01,ATAC-seq
mouseneo,raw,ENA,SRR24107427,https://ftp.sra.ebi.ac.uk/vol1/fastq/SRR241/027/SRR24107427/SRR24107427_2.fastq.gz,true,FASTQ,14398175084,exact ENA fastq_bytes,true,2026-08-01,ATAC-seq
mouseneo,raw,ENA,SRR24107428,https://ftp.sra.ebi.ac.uk/vol1/fastq/SRR241/028/SRR24107428/SRR24107428_1.fastq.gz,true,FASTQ,7642488112,exact ENA fastq_bytes,true,2026-08-01,RNA-Seq
mouseneo,raw,ENA,SRR24107428,https://ftp.sra.ebi.ac.uk/vol1/fastq/SRR241/028/SRR24107428/SRR24107428_2.fastq.gz,true,FASTQ,7543186735,exact ENA fastq_bytes,true,2026-08-01,RNA-Seq
mouseneo,raw,ENA,SRR24107493,https://ftp.sra.ebi.ac.uk/vol1/fastq/SRR241/093/SRR24107493/SRR24107493_1.fastq.gz,true,FASTQ,6474088589,exact ENA fastq_bytes,true,2026-08-01,ATAC-seq
mouseneo,raw,ENA,SRR24107493,https://ftp.sra.ebi.ac.uk/vol1/fastq/SRR241/093/SRR24107493/SRR24107493_2.fastq.gz,true,FASTQ,6505533076,exact ENA fastq_bytes,true,2026-08-01,ATAC-seq
mouseneo,raw,ENA,SRR24107496,https://ftp.sra.ebi.ac.uk/vol1/fastq/SRR241/096/SRR24107496/SRR24107496_1.fastq.gz,true,FASTQ,14220246882,exact ENA fastq_bytes,true,2026-08-01,ATAC-seq
mouseneo,raw,ENA,SRR24107496,https://ftp.sra.ebi.ac.uk/vol1/fastq/SRR241/096/SRR24107496/SRR24107496_2.fastq.gz,true,FASTQ,14267484019,exact ENA fastq_bytes,true,2026-08-01,ATAC-seq
mouseneo,raw,ENA,SRR24107527,https://ftp.sra.ebi.ac.uk/vol1/fastq/SRR241/027/SRR24107527/SRR24107527_1.fastq.gz,true,FASTQ,10975481985,exact ENA fastq_bytes,true,2026-08-01,RNA-Seq
mouseneo,raw,ENA,SRR24107527,https://ftp.sra.ebi.ac.uk/vol1/fastq/SRR241/027/SRR24107527/SRR24107527_2.fastq.gz,true,FASTQ,10969411783,exact ENA fastq_bytes,true,2026-08-01,RNA-Seq
mouseneo,raw,ENA,SRR24107529,https://ftp.sra.ebi.ac.uk/vol1/fastq/SRR241/029/SRR24107529/SRR24107529_1.fastq.gz,true,FASTQ,12113900583,exact ENA fastq_bytes,true,2026-08-01,RNA-Seq
mouseneo,raw,ENA,SRR24107529,https://ftp.sra.ebi.ac.uk/vol1/fastq/SRR241/029/SRR24107529/SRR24107529_2.fastq.gz,true,FASTQ,12311269411,exact ENA fastq_bytes,true,2026-08-01,RNA-Seq
mouseneo,raw,ENA,SRR24107532,https://ftp.sra.ebi.ac.uk/vol1/fastq/SRR241/032/SRR24107532/SRR24107532_1.fastq.gz,true,FASTQ,14318334865,exact ENA fastq_bytes,true,2026-08-01,ATAC-seq
mouseneo,raw,ENA,SRR24107532,https://ftp.sra.ebi.ac.uk/vol1/fastq/SRR241/032/SRR24107532/SRR24107532_2.fastq.gz,true,FASTQ,14397675631,exact ENA fastq_bytes,true,2026-08-01,ATAC-seq
mouseneo,raw,ENA,SRR24107534,https://ftp.sra.ebi.ac.uk/vol1/fastq/SRR241/034/SRR24107534/SRR24107534_1.fastq.gz,true,FASTQ,1805365890,exact ENA fastq_bytes,true,2026-08-01,RNA-Seq
mouseneo,raw,ENA,SRR24107534,https://ftp.sra.ebi.ac.uk/vol1/fastq/SRR241/034/SRR24107534/SRR24107534_2.fastq.gz,true,FASTQ,1765391031,exact ENA fastq_bytes,true,2026-08-01,RNA-Seq
mouseneo,raw,ENA,SRR24107535,https://ftp.sra.ebi.ac.uk/vol1/fastq/SRR241/035/SRR24107535/SRR24107535_1.fastq.gz,true,FASTQ,6132081139,exact ENA fastq_bytes,true,2026-08-01,RNA-Seq
mouseneo,raw,ENA,SRR24107535,https://ftp.sra.ebi.ac.uk/vol1/fastq/SRR241/035/SRR24107535/SRR24107535_2.fastq.gz,true,FASTQ,5982497520,exact ENA fastq_bytes,true,2026-08-01,RNA-Seq
mouseneo,raw,ENA,SRR24107537,https://ftp.sra.ebi.ac.uk/vol1/fastq/SRR241/037/SRR24107537/SRR24107537_1.fastq.gz,true,FASTQ,6555951956,exact ENA fastq_bytes,true,2026-08-01,ATAC-seq
mouseneo,raw,ENA,SRR24107537,https://ftp.sra.ebi.ac.uk/vol1/fastq/SRR241/037/SRR24107537/SRR24107537_2.fastq.gz,true,FASTQ,6580017173,exact ENA fastq_bytes,true,2026-08-01,ATAC-seq
mouseneo,raw,ENA,SRR24107549,https://ftp.sra.ebi.ac.uk/vol1/fastq/SRR241/049/SRR24107549/SRR24107549_1.fastq.gz,true,FASTQ,7605193072,exact ENA fastq_bytes,true,2026-08-01,ATAC-seq
mouseneo,raw,ENA,SRR24107549,https://ftp.sra.ebi.ac.uk/vol1/fastq/SRR241/049/SRR24107549/SRR24107549_2.fastq.gz,true,FASTQ,7638692371,exact ENA fastq_bytes,true,2026-08-01,ATAC-seq
mouseneo,raw,ENA,SRR24107556,https://ftp.sra.ebi.ac.uk/vol1/fastq/SRR241/056/SRR24107556/SRR24107556_1.fastq.gz,true,FASTQ,4159221377,exact ENA fastq_bytes,true,2026-08-01,ATAC-seq
mouseneo,raw,ENA,SRR24107556,https://ftp.sra.ebi.ac.uk/vol1/fastq/SRR241/056/SRR24107556/SRR24107556_2.fastq.gz,true,FASTQ,4190194744,exact ENA fastq_bytes,true,2026-08-01,ATAC-seq
mouseneo,raw,ENA,SRR24107402,https://ftp.sra.ebi.ac.uk/vol1/fastq/SRR241/002/SRR24107402/SRR24107402_1.fastq.gz,true,FASTQ,5043108851,exact ENA fastq_bytes,true,2026-08-01,ATAC-seq
mouseneo,raw,ENA,SRR24107402,https://ftp.sra.ebi.ac.uk/vol1/fastq/SRR241/002/SRR24107402/SRR24107402_2.fastq.gz,true,FASTQ,5073778068,exact ENA fastq_bytes,true,2026-08-01,ATAC-seq
mouseneo,raw,ENA,SRR24107403,https://ftp.sra.ebi.ac.uk/vol1/fastq/SRR241/003/SRR24107403/SRR24107403_1.fastq.gz,true,FASTQ,3747667760,exact ENA fastq_bytes,true,2026-08-01,RNA-Seq
mouseneo,raw,ENA,SRR24107403,https://ftp.sra.ebi.ac.uk/vol1/fastq/SRR241/003/SRR24107403/SRR24107403_2.fastq.gz,true,FASTQ,3696458849,exact ENA fastq_bytes,true,2026-08-01,RNA-Seq
mouseneo,raw,ENA,SRR24107405,https://ftp.sra.ebi.ac.uk/vol1/fastq/SRR241/005/SRR24107405/SRR24107405_1.fastq.gz,true,FASTQ,14721155127,exact ENA fastq_bytes,true,2026-08-01,RNA-Seq
mouseneo,raw,ENA,SRR24107405,https://ftp.sra.ebi.ac.uk/vol1/fastq/SRR241/005/SRR24107405/SRR24107405_2.fastq.gz,true,FASTQ,14718475440,exact ENA fastq_bytes,true,2026-08-01,RNA-Seq
mouseneo,raw,ENA,SRR24107406,https://ftp.sra.ebi.ac.uk/vol1/fastq/SRR241/006/SRR24107406/SRR24107406_1.fastq.gz,true,FASTQ,5901364667,exact ENA fastq_bytes,true,2026-08-01,ATAC-seq
mouseneo,raw,ENA,SRR24107406,https://ftp.sra.ebi.ac.uk/vol1/fastq/SRR241/006/SRR24107406/SRR24107406_2.fastq.gz,true,FASTQ,5945355561,exact ENA fastq_bytes,true,2026-08-01,ATAC-seq
mouseneo,raw,ENA,SRR24107408,https://ftp.sra.ebi.ac.uk/vol1/fastq/SRR241/008/SRR24107408/SRR24107408_1.fastq.gz,true,FASTQ,13642974325,exact ENA fastq_bytes,true,2026-08-01,ATAC-seq
mouseneo,raw,ENA,SRR24107408,https://ftp.sra.ebi.ac.uk/vol1/fastq/SRR241/008/SRR24107408/SRR24107408_2.fastq.gz,true,FASTQ,13699930644,exact ENA fastq_bytes,true,2026-08-01,ATAC-seq
mouseneo,raw,ENA,SRR24107409,https://ftp.sra.ebi.ac.uk/vol1/fastq/SRR241/009/SRR24107409/SRR24107409_1.fastq.gz,true,FASTQ,3898770396,exact ENA fastq_bytes,true,2026-08-01,RNA-Seq
mouseneo,raw,ENA,SRR24107409,https://ftp.sra.ebi.ac.uk/vol1/fastq/SRR241/009/SRR24107409/SRR24107409_2.fastq.gz,true,FASTQ,3950287892,exact ENA fastq_bytes,true,2026-08-01,RNA-Seq
mouseneo,raw,ENA,SRR24107420,https://ftp.sra.ebi.ac.uk/vol1/fastq/SRR241/020/SRR24107420/SRR24107420_1.fastq.gz,true,FASTQ,875514350,exact ENA fastq_bytes,true,2026-08-01,RNA-Seq
mouseneo,raw,ENA,SRR24107420,https://ftp.sra.ebi.ac.uk/vol1/fastq/SRR241/020/SRR24107420/SRR24107420_2.fastq.gz,true,FASTQ,868379669,exact ENA fastq_bytes,true,2026-08-01,RNA-Seq
mouseneo,raw,ENA,SRR24107421,https://ftp.sra.ebi.ac.uk/vol1/fastq/SRR241/021/SRR24107421/SRR24107421_1.fastq.gz,true,FASTQ,680113209,exact ENA fastq_bytes,true,2026-08-01,RNA-Seq
mouseneo,raw,ENA,SRR24107421,https://ftp.sra.ebi.ac.uk/vol1/fastq/SRR241/021/SRR24107421/SRR24107421_2.fastq.gz,true,FASTQ,680974050,exact ENA fastq_bytes,true,2026-08-01,RNA-Seq
mouseneo,raw,ENA,SRR24107424,https://ftp.sra.ebi.ac.uk/vol1/fastq/SRR241/024/SRR24107424/SRR24107424_1.fastq.gz,true,FASTQ,19051818262,exact ENA fastq_bytes,true,2026-08-01,ATAC-seq
mouseneo,raw,ENA,SRR24107424,https://ftp.sra.ebi.ac.uk/vol1/fastq/SRR241/024/SRR24107424/SRR24107424_2.fastq.gz,true,FASTQ,19157215237,exact ENA fastq_bytes,true,2026-08-01,ATAC-seq
mouseneo,raw,ENA,SRR24107426,https://ftp.sra.ebi.ac.uk/vol1/fastq/SRR241/026/SRR24107426/SRR24107426_1.fastq.gz,true,FASTQ,5133431736,exact ENA fastq_bytes,true,2026-08-01,ATAC-seq
mouseneo,raw,ENA,SRR24107426,https://ftp.sra.ebi.ac.uk/vol1/fastq/SRR241/026/SRR24107426/SRR24107426_2.fastq.gz,true,FASTQ,5174487120,exact ENA fastq_bytes,true,2026-08-01,ATAC-seq
mouseneo,raw,ENA,SRR24107518,https://ftp.sra.ebi.ac.uk/vol1/fastq/SRR241/018/SRR24107518/SRR24107518_1.fastq.gz,true,FASTQ,39757366428,exact ENA fastq_bytes,true,2026-08-01,ATAC-seq
mouseneo,raw,ENA,SRR24107518,https://ftp.sra.ebi.ac.uk/vol1/fastq/SRR241/018/SRR24107518/SRR24107518_2.fastq.gz,true,FASTQ,39937473768,exact ENA fastq_bytes,true,2026-08-01,ATAC-seq
mouseneo,raw,ENA,SRR24107525,https://ftp.sra.ebi.ac.uk/vol1/fastq/SRR241/025/SRR24107525/SRR24107525_1.fastq.gz,true,FASTQ,3638990156,exact ENA fastq_bytes,true,2026-08-01,RNA-Seq
mouseneo,raw,ENA,SRR24107525,https://ftp.sra.ebi.ac.uk/vol1/fastq/SRR241/025/SRR24107525/SRR24107525_2.fastq.gz,true,FASTQ,3596444136,exact ENA fastq_bytes,true,2026-08-01,RNA-Seq
mouseneo,raw,ENA,SRR24107528,https://ftp.sra.ebi.ac.uk/vol1/fastq/SRR241/028/SRR24107528/SRR24107528_1.fastq.gz,true,FASTQ,46804256766,exact ENA fastq_bytes,true,2026-08-01,ATAC-seq
mouseneo,raw,ENA,SRR24107528,https://ftp.sra.ebi.ac.uk/vol1/fastq/SRR241/028/SRR24107528/SRR24107528_2.fastq.gz,true,FASTQ,47024850300,exact ENA fastq_bytes,true,2026-08-01,ATAC-seq
mouseneo,raw,ENA,SRR24107531,https://ftp.sra.ebi.ac.uk/vol1/fastq/SRR241/031/SRR24107531/SRR24107531_1.fastq.gz,true,FASTQ,5918703989,exact ENA fastq_bytes,true,2026-08-01,ATAC-seq
mouseneo,raw,ENA,SRR24107531,https://ftp.sra.ebi.ac.uk/vol1/fastq/SRR241/031/SRR24107531/SRR24107531_2.fastq.gz,true,FASTQ,5972238388,exact ENA fastq_bytes,true,2026-08-01,ATAC-seq
mouseneo,raw,ENA,SRR24107533,https://ftp.sra.ebi.ac.uk/vol1/fastq/SRR241/033/SRR24107533/SRR24107533_1.fastq.gz,true,FASTQ,1038765272,exact ENA fastq_bytes,true,2026-08-01,RNA-Seq
mouseneo,raw,ENA,SRR24107533,https://ftp.sra.ebi.ac.uk/vol1/fastq/SRR241/033/SRR24107533/SRR24107533_2.fastq.gz,true,FASTQ,1031208819,exact ENA fastq_bytes,true,2026-08-01,RNA-Seq
mouseneo,raw,ENA,SRR24107536,https://ftp.sra.ebi.ac.uk/vol1/fastq/SRR241/036/SRR24107536/SRR24107536_1.fastq.gz,true,FASTQ,1917220804,exact ENA fastq_bytes,true,2026-08-01,RNA-Seq
mouseneo,raw,ENA,SRR24107536,https://ftp.sra.ebi.ac.uk/vol1/fastq/SRR241/036/SRR24107536/SRR24107536_2.fastq.gz,true,FASTQ,1907836129,exact ENA fastq_bytes,true,2026-08-01,RNA-Seq
mouseneo,raw,ENA,SRR24107539,https://ftp.sra.ebi.ac.uk/vol1/fastq/SRR241/039/SRR24107539/SRR24107539_1.fastq.gz,true,FASTQ,4475857565,exact ENA fastq_bytes,true,2026-08-01,ATAC-seq
mouseneo,raw,ENA,SRR24107539,https://ftp.sra.ebi.ac.uk/vol1/fastq/SRR241/039/SRR24107539/SRR24107539_2.fastq.gz,true,FASTQ,4495393922,exact ENA fastq_bytes,true,2026-08-01,ATAC-seq
mouseneo,raw,ENA,SRR24107545,https://ftp.sra.ebi.ac.uk/vol1/fastq/SRR241/045/SRR24107545/SRR24107545_1.fastq.gz,true,FASTQ,7819893378,exact ENA fastq_bytes,true,2026-08-01,ATAC-seq
mouseneo,raw,ENA,SRR24107545,https://ftp.sra.ebi.ac.uk/vol1/fastq/SRR241/045/SRR24107545/SRR24107545_2.fastq.gz,true,FASTQ,7855407344,exact ENA fastq_bytes,true,2026-08-01,ATAC-seq
mouseneo,raw,ENA,SRR24107547,https://ftp.sra.ebi.ac.uk/vol1/fastq/SRR241/047/SRR24107547/SRR24107547_1.fastq.gz,true,FASTQ,2723809636,exact ENA fastq_bytes,true,2026-08-01,RNA-Seq
mouseneo,raw,ENA,SRR24107547,https://ftp.sra.ebi.ac.uk/vol1/fastq/SRR241/047/SRR24107547/SRR24107547_2.fastq.gz,true,FASTQ,2773573396,exact ENA fastq_bytes,true,2026-08-01,RNA-Seq
mouseneo,raw,ENA,SRR24107404,https://ftp.sra.ebi.ac.uk/vol1/fastq/SRR241/004/SRR24107404/SRR24107404_1.fastq.gz,true,FASTQ,8458833274,exact ENA fastq_bytes,true,2026-08-01,RNA-Seq
mouseneo,raw,ENA,SRR24107404,https://ftp.sra.ebi.ac.uk/vol1/fastq/SRR241/004/SRR24107404/SRR24107404_2.fastq.gz,true,FASTQ,8587288241,exact ENA fastq_bytes,true,2026-08-01,RNA-Seq
mouseneo,raw,ENA,SRR24107413,https://ftp.sra.ebi.ac.uk/vol1/fastq/SRR241/013/SRR24107413/SRR24107413_1.fastq.gz,true,FASTQ,3901358253,exact ENA fastq_bytes,true,2026-08-01,RNA-Seq
mouseneo,raw,ENA,SRR24107413,https://ftp.sra.ebi.ac.uk/vol1/fastq/SRR241/013/SRR24107413/SRR24107413_2.fastq.gz,true,FASTQ,3849458859,exact ENA fastq_bytes,true,2026-08-01,RNA-Seq
mouseneo,raw,ENA,SRR24107414,https://ftp.sra.ebi.ac.uk/vol1/fastq/SRR241/014/SRR24107414/SRR24107414_1.fastq.gz,true,FASTQ,6509192192,exact ENA fastq_bytes,true,2026-08-01,RNA-Seq
mouseneo,raw,ENA,SRR24107414,https://ftp.sra.ebi.ac.uk/vol1/fastq/SRR241/014/SRR24107414/SRR24107414_2.fastq.gz,true,FASTQ,6598404992,exact ENA fastq_bytes,true,2026-08-01,RNA-Seq
mouseneo,raw,ENA,SRR24107415,https://ftp.sra.ebi.ac.uk/vol1/fastq/SRR241/015/SRR24107415/SRR24107415_1.fastq.gz,true,FASTQ,11160963641,exact ENA fastq_bytes,true,2026-08-01,RNA-Seq
mouseneo,raw,ENA,SRR24107415,https://ftp.sra.ebi.ac.uk/vol1/fastq/SRR241/015/SRR24107415/SRR24107415_2.fastq.gz,true,FASTQ,11151071395,exact ENA fastq_bytes,true,2026-08-01,RNA-Seq
mouseneo,raw,ENA,SRR24107417,https://ftp.sra.ebi.ac.uk/vol1/fastq/SRR241/017/SRR24107417/SRR24107417_1.fastq.gz,true,FASTQ,4216011625,exact ENA fastq_bytes,true,2026-08-01,ATAC-seq
mouseneo,raw,ENA,SRR24107417,https://ftp.sra.ebi.ac.uk/vol1/fastq/SRR241/017/SRR24107417/SRR24107417_2.fastq.gz,true,FASTQ,4227089671,exact ENA fastq_bytes,true,2026-08-01,ATAC-seq
mouseneo,raw,ENA,SRR24107418,https://ftp.sra.ebi.ac.uk/vol1/fastq/SRR241/018/SRR24107418/SRR24107418_1.fastq.gz,true,FASTQ,2767315460,exact ENA fastq_bytes,true,2026-08-01,ATAC-seq
mouseneo,raw,ENA,SRR24107418,https://ftp.sra.ebi.ac.uk/vol1/fastq/SRR241/018/SRR24107418/SRR24107418_2.fastq.gz,true,FASTQ,2779678995,exact ENA fastq_bytes,true,2026-08-01,ATAC-seq
mouseneo,raw,ENA,SRR24107422,https://ftp.sra.ebi.ac.uk/vol1/fastq/SRR241/022/SRR24107422/SRR24107422_1.fastq.gz,true,FASTQ,3968654127,exact ENA fastq_bytes,true,2026-08-01,RNA-Seq
mouseneo,raw,ENA,SRR24107422,https://ftp.sra.ebi.ac.uk/vol1/fastq/SRR241/022/SRR24107422/SRR24107422_2.fastq.gz,true,FASTQ,3932575734,exact ENA fastq_bytes,true,2026-08-01,RNA-Seq
mouseneo,raw,ENA,SRR24107423,https://ftp.sra.ebi.ac.uk/vol1/fastq/SRR241/023/SRR24107423/SRR24107423_1.fastq.gz,true,FASTQ,4264581532,exact ENA fastq_bytes,true,2026-08-01,ATAC-seq
mouseneo,raw,ENA,SRR24107423,https://ftp.sra.ebi.ac.uk/vol1/fastq/SRR241/023/SRR24107423/SRR24107423_2.fastq.gz,true,FASTQ,4301444387,exact ENA fastq_bytes,true,2026-08-01,ATAC-seq
mouseneo,raw,ENA,SRR24107494,https://ftp.sra.ebi.ac.uk/vol1/fastq/SRR241/094/SRR24107494/SRR24107494_1.fastq.gz,true,FASTQ,7470430368,exact ENA fastq_bytes,true,2026-08-01,ATAC-seq
mouseneo,raw,ENA,SRR24107494,https://ftp.sra.ebi.ac.uk/vol1/fastq/SRR241/094/SRR24107494/SRR24107494_2.fastq.gz,true,FASTQ,7513379298,exact ENA fastq_bytes,true,2026-08-01,ATAC-seq
mouseneo,raw,ENA,SRR24107495,https://ftp.sra.ebi.ac.uk/vol1/fastq/SRR241/095/SRR24107495/SRR24107495_1.fastq.gz,true,FASTQ,14207462391,exact ENA fastq_bytes,true,2026-08-01,ATAC-seq
mouseneo,raw,ENA,SRR24107495,https://ftp.sra.ebi.ac.uk/vol1/fastq/SRR241/095/SRR24107495/SRR24107495_2.fastq.gz,true,FASTQ,14252061120,exact ENA fastq_bytes,true,2026-08-01,ATAC-seq
mouseneo,raw,ENA,SRR24107526,https://ftp.sra.ebi.ac.uk/vol1/fastq/SRR241/026/SRR24107526/SRR24107526_1.fastq.gz,true,FASTQ,6381215185,exact ENA fastq_bytes,true,2026-08-01,RNA-Seq
mouseneo,raw,ENA,SRR24107526,https://ftp.sra.ebi.ac.uk/vol1/fastq/SRR241/026/SRR24107526/SRR24107526_2.fastq.gz,true,FASTQ,6472380951,exact ENA fastq_bytes,true,2026-08-01,RNA-Seq
mouseneo,raw,ENA,SRR24107530,https://ftp.sra.ebi.ac.uk/vol1/fastq/SRR241/030/SRR24107530/SRR24107530_1.fastq.gz,true,FASTQ,21124707211,exact ENA fastq_bytes,true,2026-08-01,RNA-Seq
mouseneo,raw,ENA,SRR24107530,https://ftp.sra.ebi.ac.uk/vol1/fastq/SRR241/030/SRR24107530/SRR24107530_2.fastq.gz,true,FASTQ,21116359058,exact ENA fastq_bytes,true,2026-08-01,RNA-Seq
mouseneo,raw,ENA,SRR24107538,https://ftp.sra.ebi.ac.uk/vol1/fastq/SRR241/038/SRR24107538/SRR24107538_1.fastq.gz,true,FASTQ,4948584018,exact ENA fastq_bytes,true,2026-08-01,ATAC-seq
mouseneo,raw,ENA,SRR24107538,https://ftp.sra.ebi.ac.uk/vol1/fastq/SRR241/038/SRR24107538/SRR24107538_2.fastq.gz,true,FASTQ,4961789205,exact ENA fastq_bytes,true,2026-08-01,ATAC-seq
mouseneo,raw,ENA,SRR24107540,https://ftp.sra.ebi.ac.uk/vol1/fastq/SRR241/040/SRR24107540/SRR24107540_1.fastq.gz,true,FASTQ,4243657726,exact ENA fastq_bytes,true,2026-08-01,RNA-Seq
mouseneo,raw,ENA,SRR24107540,https://ftp.sra.ebi.ac.uk/vol1/fastq/SRR241/040/SRR24107540/SRR24107540_2.fastq.gz,true,FASTQ,4208692842,exact ENA fastq_bytes,true,2026-08-01,RNA-Seq
mouseneo,raw,ENA,SRR24107544,https://ftp.sra.ebi.ac.uk/vol1/fastq/SRR241/044/SRR24107544/SRR24107544_1.fastq.gz,true,FASTQ,3579744732,exact ENA fastq_bytes,true,2026-08-01,ATAC-seq
mouseneo,raw,ENA,SRR24107544,https://ftp.sra.ebi.ac.uk/vol1/fastq/SRR241/044/SRR24107544/SRR24107544_2.fastq.gz,true,FASTQ,3603641767,exact ENA fastq_bytes,true,2026-08-01,ATAC-seq
mouseneo,raw,ENA,SRR24107546,https://ftp.sra.ebi.ac.uk/vol1/fastq/SRR241/046/SRR24107546/SRR24107546_1.fastq.gz,true,FASTQ,7811862475,exact ENA fastq_bytes,true,2026-08-01,ATAC-seq
mouseneo,raw,ENA,SRR24107546,https://ftp.sra.ebi.ac.uk/vol1/fastq/SRR241/046/SRR24107546/SRR24107546_2.fastq.gz,true,FASTQ,7850066599,exact ENA fastq_bytes,true,2026-08-01,ATAC-seq
mouseneo,raw,ENA,SRR24107548,https://ftp.sra.ebi.ac.uk/vol1/fastq/SRR241/048/SRR24107548/SRR24107548_1.fastq.gz,true,FASTQ,4646768033,exact ENA fastq_bytes,true,2026-08-01,RNA-Seq
mouseneo,raw,ENA,SRR24107548,https://ftp.sra.ebi.ac.uk/vol1/fastq/SRR241/048/SRR24107548/SRR24107548_2.fastq.gz,true,FASTQ,4654849269,exact ENA fastq_bytes,true,2026-08-01,RNA-Seq
mouseneo,raw,ENA,SRR24107550,https://ftp.sra.ebi.ac.uk/vol1/fastq/SRR241/050/SRR24107550/SRR24107550_1.fastq.gz,true,FASTQ,4956561888,exact ENA fastq_bytes,true,2026-08-01,ATAC-seq
mouseneo,raw,ENA,SRR24107550,https://ftp.sra.ebi.ac.uk/vol1/fastq/SRR241/050/SRR24107550/SRR24107550_2.fastq.gz,true,FASTQ,4968986755,exact ENA fastq_bytes,true,2026-08-01,ATAC-seq
mouseneo,processed,GEO,GSE229169,https://ftp.ncbi.nlm.nih.gov/geo/series/GSE229nnn/GSE229169/suppl/GSE229169_mouse_filtered_barcodes.tsv.gz,true,GZ,0,not exposed (HTTPError),false,2026-08-01,
mouseneo,processed,GEO,GSE229169,https://ftp.ncbi.nlm.nih.gov/geo/series/GSE229nnn/GSE229169/suppl/GSE229169_mouse_filtered_features.tsv.gz,true,GZ,0,not exposed (HTTPError),false,2026-08-01,
mouseneo,processed,GEO,GSE229169,https://ftp.ncbi.nlm.nih.gov/geo/series/GSE229nnn/GSE229169/suppl/GSE229169_mouse_filtered_matrix.mtx.gz,true,MTX,0,not exposed (HTTPError),false,2026-08-01,
mouseneo,processed,GEO,GSE229169,https://ftp.ncbi.nlm.nih.gov/geo/series/GSE229nnn/GSE229169/suppl/GSE229169_mouse_filtered_metadata.tsv.gz,true,GZ,0,not exposed (HTTPError),false,2026-08-01,
mousetissues,raw,repository,,https://www.ncbi.nlm.nih.gov/bioproject/PRJNA415654,false,repository landing page,0,not exposed,false,2026-08-01,
mousetissues,raw,ENA,SRR6819217,https://ftp.sra.ebi.ac.uk/vol1/fastq/SRR681/007/SRR6819217/SRR6819217_1.fastq.gz,true,FASTQ,4542738243,exact ENA fastq_bytes,true,2026-08-01,ATAC-seq
mousetissues,raw,ENA,SRR6819217,https://ftp.sra.ebi.ac.uk/vol1/fastq/SRR681/007/SRR6819217/SRR6819217_2.fastq.gz,true,FASTQ,4548404631,exact ENA fastq_bytes,true,2026-08-01,ATAC-seq
mousetissues,raw,ENA,SRR6819220,https://ftp.sra.ebi.ac.uk/vol1/fastq/SRR681/000/SRR6819220/SRR6819220_1.fastq.gz,true,FASTQ,1000114614,exact ENA fastq_bytes,true,2026-08-01,ATAC-seq
mousetissues,raw,ENA,SRR6819220,https://ftp.sra.ebi.ac.uk/vol1/fastq/SRR681/000/SRR6819220/SRR6819220_2.fastq.gz,true,FASTQ,1000156128,exact ENA fastq_bytes,true,2026-08-01,ATAC-seq
mousetissues,raw,ENA,SRR6819228,https://ftp.sra.ebi.ac.uk/vol1/fastq/SRR681/008/SRR6819228/SRR6819228_1.fastq.gz,true,FASTQ,4236500905,exact ENA fastq_bytes,true,2026-08-01,ATAC-seq
mousetissues,raw,ENA,SRR6819228,https://ftp.sra.ebi.ac.uk/vol1/fastq/SRR681/008/SRR6819228/SRR6819228_2.fastq.gz,true,FASTQ,4248338544,exact ENA fastq_bytes,true,2026-08-01,ATAC-seq
mousetissues,raw,ENA,SRR6819232,https://ftp.sra.ebi.ac.uk/vol1/fastq/SRR681/002/SRR6819232/SRR6819232_1.fastq.gz,true,FASTQ,3816947109,exact ENA fastq_bytes,true,2026-08-01,ATAC-seq
mousetissues,raw,ENA,SRR6819232,https://ftp.sra.ebi.ac.uk/vol1/fastq/SRR681/002/SRR6819232/SRR6819232_2.fastq.gz,true,FASTQ,3833038776,exact ENA fastq_bytes,true,2026-08-01,ATAC-seq
mousetissues,raw,ENA,SRR6819236,https://ftp.sra.ebi.ac.uk/vol1/fastq/SRR681/006/SRR6819236/SRR6819236_1.fastq.gz,true,FASTQ,3618892133,exact ENA fastq_bytes,true,2026-08-01,ATAC-seq
mousetissues,raw,ENA,SRR6819236,https://ftp.sra.ebi.ac.uk/vol1/fastq/SRR681/006/SRR6819236/SRR6819236_2.fastq.gz,true,FASTQ,3622666926,exact ENA fastq_bytes,true,2026-08-01,ATAC-seq
mousetissues,raw,ENA,SRR6819239,https://ftp.sra.ebi.ac.uk/vol1/fastq/SRR681/009/SRR6819239/SRR6819239_1.fastq.gz,true,FASTQ,4469802449,exact ENA fastq_bytes,true,2026-08-01,ATAC-seq
mousetissues,raw,ENA,SRR6819239,https://ftp.sra.ebi.ac.uk/vol1/fastq/SRR681/009/SRR6819239/SRR6819239_2.fastq.gz,true,FASTQ,4484082757,exact ENA fastq_bytes,true,2026-08-01,ATAC-seq
mousetissues,raw,ENA,SRR6819242,https://ftp.sra.ebi.ac.uk/vol1/fastq/SRR681/002/SRR6819242/SRR6819242_1.fastq.gz,true,FASTQ,4455606539,exact ENA fastq_bytes,true,2026-08-01,ATAC-seq
mousetissues,raw,ENA,SRR6819242,https://ftp.sra.ebi.ac.uk/vol1/fastq/SRR681/002/SRR6819242/SRR6819242_2.fastq.gz,true,FASTQ,4466172854,exact ENA fastq_bytes,true,2026-08-01,ATAC-seq
mousetissues,raw,ENA,SRR6819243,https://ftp.sra.ebi.ac.uk/vol1/fastq/SRR681/003/SRR6819243/SRR6819243_1.fastq.gz,true,FASTQ,5131225753,exact ENA fastq_bytes,true,2026-08-01,ATAC-seq
mousetissues,raw,ENA,SRR6819243,https://ftp.sra.ebi.ac.uk/vol1/fastq/SRR681/003/SRR6819243/SRR6819243_2.fastq.gz,true,FASTQ,5137956404,exact ENA fastq_bytes,true,2026-08-01,ATAC-seq
mousetissues,raw,ENA,SRR6819244,https://ftp.sra.ebi.ac.uk/vol1/fastq/SRR681/004/SRR6819244/SRR6819244_1.fastq.gz,true,FASTQ,5144900226,exact ENA fastq_bytes,true,2026-08-01,ATAC-seq
mousetissues,raw,ENA,SRR6819244,https://ftp.sra.ebi.ac.uk/vol1/fastq/SRR681/004/SRR6819244/SRR6819244_2.fastq.gz,true,FASTQ,5165733333,exact ENA fastq_bytes,true,2026-08-01,ATAC-seq
mousetissues,raw,ENA,SRR6819245,https://ftp.sra.ebi.ac.uk/vol1/fastq/SRR681/005/SRR6819245/SRR6819245_1.fastq.gz,true,FASTQ,5878080440,exact ENA fastq_bytes,true,2026-08-01,ATAC-seq
mousetissues,raw,ENA,SRR6819245,https://ftp.sra.ebi.ac.uk/vol1/fastq/SRR681/005/SRR6819245/SRR6819245_2.fastq.gz,true,FASTQ,5889938594,exact ENA fastq_bytes,true,2026-08-01,ATAC-seq
mousetissues,raw,ENA,SRR6819247,https://ftp.sra.ebi.ac.uk/vol1/fastq/SRR681/007/SRR6819247/SRR6819247_1.fastq.gz,true,FASTQ,4455678230,exact ENA fastq_bytes,true,2026-08-01,ATAC-seq
mousetissues,raw,ENA,SRR6819247,https://ftp.sra.ebi.ac.uk/vol1/fastq/SRR681/007/SRR6819247/SRR6819247_2.fastq.gz,true,FASTQ,4447068636,exact ENA fastq_bytes,true,2026-08-01,ATAC-seq
mousetissues,raw,ENA,SRR6819249,https://ftp.sra.ebi.ac.uk/vol1/fastq/SRR681/009/SRR6819249/SRR6819249_1.fastq.gz,true,FASTQ,2697800082,exact ENA fastq_bytes,true,2026-08-01,ATAC-seq
mousetissues,raw,ENA,SRR6819249,https://ftp.sra.ebi.ac.uk/vol1/fastq/SRR681/009/SRR6819249/SRR6819249_2.fastq.gz,true,FASTQ,2695882795,exact ENA fastq_bytes,true,2026-08-01,ATAC-seq
mousetissues,raw,ENA,SRR6819216,https://ftp.sra.ebi.ac.uk/vol1/fastq/SRR681/006/SRR6819216/SRR6819216_1.fastq.gz,true,FASTQ,3981927643,exact ENA fastq_bytes,true,2026-08-01,ATAC-seq
mousetissues,raw,ENA,SRR6819216,https://ftp.sra.ebi.ac.uk/vol1/fastq/SRR681/006/SRR6819216/SRR6819216_2.fastq.gz,true,FASTQ,3991357293,exact ENA fastq_bytes,true,2026-08-01,ATAC-seq
mousetissues,raw,ENA,SRR6819221,https://ftp.sra.ebi.ac.uk/vol1/fastq/SRR681/001/SRR6819221/SRR6819221_1.fastq.gz,true,FASTQ,1142449200,exact ENA fastq_bytes,true,2026-08-01,ATAC-seq
mousetissues,raw,ENA,SRR6819221,https://ftp.sra.ebi.ac.uk/vol1/fastq/SRR681/001/SRR6819221/SRR6819221_2.fastq.gz,true,FASTQ,1140649000,exact ENA fastq_bytes,true,2026-08-01,ATAC-seq
mousetissues,raw,ENA,SRR6819222,https://ftp.sra.ebi.ac.uk/vol1/fastq/SRR681/002/SRR6819222/SRR6819222_1.fastq.gz,true,FASTQ,2723608952,exact ENA fastq_bytes,true,2026-08-01,ATAC-seq
mousetissues,raw,ENA,SRR6819222,https://ftp.sra.ebi.ac.uk/vol1/fastq/SRR681/002/SRR6819222/SRR6819222_2.fastq.gz,true,FASTQ,2729488200,exact ENA fastq_bytes,true,2026-08-01,ATAC-seq
mousetissues,raw,ENA,SRR6819218,https://ftp.sra.ebi.ac.uk/vol1/fastq/SRR681/008/SRR6819218/SRR6819218_1.fastq.gz,true,FASTQ,3900275350,exact ENA fastq_bytes,true,2026-08-01,ATAC-seq
mousetissues,raw,ENA,SRR6819218,https://ftp.sra.ebi.ac.uk/vol1/fastq/SRR681/008/SRR6819218/SRR6819218_2.fastq.gz,true,FASTQ,3908471391,exact ENA fastq_bytes,true,2026-08-01,ATAC-seq
mousetissues,raw,ENA,SRR6819224,https://ftp.sra.ebi.ac.uk/vol1/fastq/SRR681/004/SRR6819224/SRR6819224_1.fastq.gz,true,FASTQ,3935500681,exact ENA fastq_bytes,true,2026-08-01,ATAC-seq
mousetissues,raw,ENA,SRR6819224,https://ftp.sra.ebi.ac.uk/vol1/fastq/SRR681/004/SRR6819224/SRR6819224_2.fastq.gz,true,FASTQ,3942023223,exact ENA fastq_bytes,true,2026-08-01,ATAC-seq
mousetissues,raw,ENA,SRR6819219,https://ftp.sra.ebi.ac.uk/vol1/fastq/SRR681/009/SRR6819219/SRR6819219_1.fastq.gz,true,FASTQ,4473572954,exact ENA fastq_bytes,true,2026-08-01,ATAC-seq
mousetissues,raw,ENA,SRR6819219,https://ftp.sra.ebi.ac.uk/vol1/fastq/SRR681/009/SRR6819219/SRR6819219_2.fastq.gz,true,FASTQ,4494693435,exact ENA fastq_bytes,true,2026-08-01,ATAC-seq
mousetissues,raw,ENA,SRR6819225,https://ftp.sra.ebi.ac.uk/vol1/fastq/SRR681/005/SRR6819225/SRR6819225_1.fastq.gz,true,FASTQ,4493323462,exact ENA fastq_bytes,true,2026-08-01,ATAC-seq
mousetissues,raw,ENA,SRR6819225,https://ftp.sra.ebi.ac.uk/vol1/fastq/SRR681/005/SRR6819225/SRR6819225_2.fastq.gz,true,FASTQ,4514740817,exact ENA fastq_bytes,true,2026-08-01,ATAC-seq
mousetissues,raw,ENA,SRR6819223,https://ftp.sra.ebi.ac.uk/vol1/fastq/SRR681/003/SRR6819223/SRR6819223_1.fastq.gz,true,FASTQ,3131284312,exact ENA fastq_bytes,true,2026-08-01,ATAC-seq
mousetissues,raw,ENA,SRR6819223,https://ftp.sra.ebi.ac.uk/vol1/fastq/SRR681/003/SRR6819223/SRR6819223_2.fastq.gz,true,FASTQ,3133731253,exact ENA fastq_bytes,true,2026-08-01,ATAC-seq
mousetissues,raw,ENA,SRR6819229,https://ftp.sra.ebi.ac.uk/vol1/fastq/SRR681/009/SRR6819229/SRR6819229_1.fastq.gz,true,FASTQ,4843174024,exact ENA fastq_bytes,true,2026-08-01,ATAC-seq
mousetissues,raw,ENA,SRR6819229,https://ftp.sra.ebi.ac.uk/vol1/fastq/SRR681/009/SRR6819229/SRR6819229_2.fastq.gz,true,FASTQ,4852395691,exact ENA fastq_bytes,true,2026-08-01,ATAC-seq
mousetissues,raw,ENA,SRR6819226,https://ftp.sra.ebi.ac.uk/vol1/fastq/SRR681/006/SRR6819226/SRR6819226_1.fastq.gz,true,FASTQ,5234749773,exact ENA fastq_bytes,true,2026-08-01,ATAC-seq
mousetissues,raw,ENA,SRR6819226,https://ftp.sra.ebi.ac.uk/vol1/fastq/SRR681/006/SRR6819226/SRR6819226_2.fastq.gz,true,FASTQ,5237540792,exact ENA fastq_bytes,true,2026-08-01,ATAC-seq
mousetissues,raw,ENA,SRR6819230,https://ftp.sra.ebi.ac.uk/vol1/fastq/SRR681/000/SRR6819230/SRR6819230_1.fastq.gz,true,FASTQ,3932652344,exact ENA fastq_bytes,true,2026-08-01,ATAC-seq
mousetissues,raw,ENA,SRR6819230,https://ftp.sra.ebi.ac.uk/vol1/fastq/SRR681/000/SRR6819230/SRR6819230_2.fastq.gz,true,FASTQ,3932652435,exact ENA fastq_bytes,true,2026-08-01,ATAC-seq
mousetissues,raw,ENA,SRR6819233,https://ftp.sra.ebi.ac.uk/vol1/fastq/SRR681/003/SRR6819233/SRR6819233_1.fastq.gz,true,FASTQ,4373242083,exact ENA fastq_bytes,true,2026-08-01,ATAC-seq
mousetissues,raw,ENA,SRR6819233,https://ftp.sra.ebi.ac.uk/vol1/fastq/SRR681/003/SRR6819233/SRR6819233_2.fastq.gz,true,FASTQ,4385149726,exact ENA fastq_bytes,true,2026-08-01,ATAC-seq
mousetissues,raw,ENA,SRR6819227,https://ftp.sra.ebi.ac.uk/vol1/fastq/SRR681/007/SRR6819227/SRR6819227_1.fastq.gz,true,FASTQ,5982682454,exact ENA fastq_bytes,true,2026-08-01,ATAC-seq
mousetissues,raw,ENA,SRR6819227,https://ftp.sra.ebi.ac.uk/vol1/fastq/SRR681/007/SRR6819227/SRR6819227_2.fastq.gz,true,FASTQ,6000049054,exact ENA fastq_bytes,true,2026-08-01,ATAC-seq
mousetissues,raw,ENA,SRR6819246,https://ftp.sra.ebi.ac.uk/vol1/fastq/SRR681/006/SRR6819246/SRR6819246_1.fastq.gz,true,FASTQ,3901423074,exact ENA fastq_bytes,true,2026-08-01,ATAC-seq
mousetissues,raw,ENA,SRR6819246,https://ftp.sra.ebi.ac.uk/vol1/fastq/SRR681/006/SRR6819246/SRR6819246_2.fastq.gz,true,FASTQ,3901837544,exact ENA fastq_bytes,true,2026-08-01,ATAC-seq
mousetissues,raw,ENA,SRR6819231,https://ftp.sra.ebi.ac.uk/vol1/fastq/SRR681/001/SRR6819231/SRR6819231_1.fastq.gz,true,FASTQ,4503426942,exact ENA fastq_bytes,true,2026-08-01,ATAC-seq
mousetissues,raw,ENA,SRR6819231,https://ftp.sra.ebi.ac.uk/vol1/fastq/SRR681/001/SRR6819231/SRR6819231_2.fastq.gz,true,FASTQ,4513068555,exact ENA fastq_bytes,true,2026-08-01,ATAC-seq
mousetissues,raw,ENA,SRR6819248,https://ftp.sra.ebi.ac.uk/vol1/fastq/SRR681/008/SRR6819248/SRR6819248_1.fastq.gz,true,FASTQ,2374414028,exact ENA fastq_bytes,true,2026-08-01,ATAC-seq
mousetissues,raw,ENA,SRR6819248,https://ftp.sra.ebi.ac.uk/vol1/fastq/SRR681/008/SRR6819248/SRR6819248_2.fastq.gz,true,FASTQ,2376095558,exact ENA fastq_bytes,true,2026-08-01,ATAC-seq
mousetissues,raw,ENA,SRR6819234,https://ftp.sra.ebi.ac.uk/vol1/fastq/SRR681/004/SRR6819234/SRR6819234_1.fastq.gz,true,FASTQ,3904965876,exact ENA fastq_bytes,true,2026-08-01,ATAC-seq
mousetissues,raw,ENA,SRR6819234,https://ftp.sra.ebi.ac.uk/vol1/fastq/SRR681/004/SRR6819234/SRR6819234_2.fastq.gz,true,FASTQ,3905565922,exact ENA fastq_bytes,true,2026-08-01,ATAC-seq
mousetissues,raw,ENA,SRR6819235,https://ftp.sra.ebi.ac.uk/vol1/fastq/SRR681/005/SRR6819235/SRR6819235_1.fastq.gz,true,FASTQ,4458648058,exact ENA fastq_bytes,true,2026-08-01,ATAC-seq
mousetissues,raw,ENA,SRR6819235,https://ftp.sra.ebi.ac.uk/vol1/fastq/SRR681/005/SRR6819235/SRR6819235_2.fastq.gz,true,FASTQ,4449536052,exact ENA fastq_bytes,true,2026-08-01,ATAC-seq
mousetissues,raw,ENA,SRR6819237,https://ftp.sra.ebi.ac.uk/vol1/fastq/SRR681/007/SRR6819237/SRR6819237_1.fastq.gz,true,FASTQ,4146566309,exact ENA fastq_bytes,true,2026-08-01,ATAC-seq
mousetissues,raw,ENA,SRR6819237,https://ftp.sra.ebi.ac.uk/vol1/fastq/SRR681/007/SRR6819237/SRR6819237_2.fastq.gz,true,FASTQ,4144411582,exact ENA fastq_bytes,true,2026-08-01,ATAC-seq
mousetissues,raw,ENA,SRR6819238,https://ftp.sra.ebi.ac.uk/vol1/fastq/SRR681/008/SRR6819238/SRR6819238_1.fastq.gz,true,FASTQ,3926195641,exact ENA fastq_bytes,true,2026-08-01,ATAC-seq
mousetissues,raw,ENA,SRR6819238,https://ftp.sra.ebi.ac.uk/vol1/fastq/SRR681/008/SRR6819238/SRR6819238_2.fastq.gz,true,FASTQ,3928895120,exact ENA fastq_bytes,true,2026-08-01,ATAC-seq
mousetissues,raw,ENA,SRR6819240,https://ftp.sra.ebi.ac.uk/vol1/fastq/SRR681/000/SRR6819240/SRR6819240_1.fastq.gz,true,FASTQ,3646326481,exact ENA fastq_bytes,true,2026-08-01,ATAC-seq
mousetissues,raw,ENA,SRR6819240,https://ftp.sra.ebi.ac.uk/vol1/fastq/SRR681/000/SRR6819240/SRR6819240_2.fastq.gz,true,FASTQ,3645904632,exact ENA fastq_bytes,true,2026-08-01,ATAC-seq
mousetissues,raw,ENA,SRR6819241,https://ftp.sra.ebi.ac.uk/vol1/fastq/SRR681/001/SRR6819241/SRR6819241_1.fastq.gz,true,FASTQ,4142863719,exact ENA fastq_bytes,true,2026-08-01,ATAC-seq
mousetissues,raw,ENA,SRR6819241,https://ftp.sra.ebi.ac.uk/vol1/fastq/SRR681/001/SRR6819241/SRR6819241_2.fastq.gz,true,FASTQ,4132741506,exact ENA fastq_bytes,true,2026-08-01,ATAC-seq
mousetissues,processed,GEO,GSE111586,https://ftp.ncbi.nlm.nih.gov/geo/series/GSE111nnn/GSE111586/suppl/GSE111586_RAW.tar,true,TAR,3620403200,exact GEO file listing,true,2026-08-01,
wholemousebrain,raw,NEMO Archive,dat-bej4ymm,https://assets.nemoarchive.org/dat-bej4ymm,false,collection,4890000000000,exact NEMO manifest total,true,2026-08-01,Collection landing page; download is packaged by NEMO.
wholemousebrain,processed,GEO,GSE246791,https://ftp.ncbi.nlm.nih.gov/geo/series/GSE246nnn/GSE246791/suppl/GSE246791_RAW.tar,true,TAR,160894914560,exact GEO file listing,true,2026-08-01,
wholemousebrain,processed,GEO,GSE246791,https://ftp.ncbi.nlm.nih.gov/geo/series/GSE246nnn/GSE246791/suppl/GSE246791_wmb_bigwigs.tar.gz,true,bigwig,0,not exposed (HTTPError),false,2026-08-01,
wholemousebrain,processed,GEO,GSE246791,https://ftp.ncbi.nlm.nih.gov/geo/series/GSE246nnn/GSE246791/suppl/GSE246791_wmb_enhancer.tar.gz,true,GZ,0,not exposed (HTTPError),false,2026-08-01,
wholemousebrain,processed,GEO,GSE246791,https://ftp.ncbi.nlm.nih.gov/geo/series/GSE246nnn/GSE246791/suppl/GSE246791_sa2.subclass.names.map.csv.gz,true,GZ,0,not exposed (HTTPError),false,2026-08-01,
