source,source_record_id,collection_id,collection_title,dataset_title,tissues,species,assays,is_multiome_only,cell_count,primary_cell_count,multiome_cell_count,multiome_primary_cell_count,multiome_cell_count_basis,doi,portal_url,raw_data_urls,raw_data_status,processed_data_urls,other_data_urls,available_file_types,has_adata,has_bigwig,has_fragments,has_bed,raw_storage_bytes,raw_storage_basis,processed_storage_bytes,processed_storage_basis,total_storage_bytes,access,retrieved_date
CELLxGENE Discover,e95b508e-0275-4b12-82c6-0cda7ee89bf9,67d26b1d-2b78-4489-ac5e-0f33909a76cb,A convergent cell state of lethal disease in rhabdomyosarcoma,"Extension Cohort: 36 samples containing normal & malignant nuclei from 30 patients with different tumours, including: 26 RMS, 2 Osteosarcoma, 1 Desmoplastic small round cell tumour and 1 Isolated Myofibroma.",abdomen; craniocervical region; genitourinary system; limb; orbital region; pelvis connective tissue; thoracic segment connective tissue,Homo sapiens,10x multiome,true,172370,172370,172370,172370,exact current H5AD obs assay labels,,https://cellxgene.cziscience.com/collections/67d26b1d-2b78-4489-ac5e-0f33909a76cb,,not supplied by provider or publication,https://datasets.cellxgene.cziscience.com/1fcaa501-0d1d-4e65-bf67-cbde93c6e111-fragment.tsv.bgz; https://datasets.cellxgene.cziscience.com/1fcaa501-0d1d-4e65-bf67-cbde93c6e111-fragment.tsv.bgz.tbi; https://datasets.cellxgene.cziscience.com/85d71c48-fc85-44a0-a476-71561a21ba2e.h5ad,,H5AD; fragment; fragment_index,true,false,true,false,1692519068063,modeled from 9.82 MB/multiome primary cell,32843241130,exact sum of CELLxGENE asset sizes,1725362309193,public,2026-08-01
CELLxGENE Discover,e88a8e7c-0586-4690-8aa6-34efd7076f7a,16876983-d454-43db-a8ec-77fafca9bf38,Multi-Region Brain Single-Cell Atlas of Parkinson's Disease and Control Samples,Single-Cell Atlas of Parkinson's Disease and Control: Complete RNA data,cerebellum; cingulate gyrus; middle temporal gyrus; putamen; substantia nigra,Homo sapiens,10x multiome,true,4502568,4502568,4502568,4502568,exact current H5AD obs assay labels,10.64898/2026.03.05.709922,https://cellxgene.cziscience.com/collections/16876983-d454-43db-a8ec-77fafca9bf38,,not supplied by provider or publication,https://datasets.cellxgene.cziscience.com/02e1d36f-3019-49c9-aa3d-3a7df7ae9fd8.h5ad,,H5AD,true,false,false,false,44211186373802,modeled from 9.82 MB/multiome primary cell,33998142156,exact sum of CELLxGENE asset sizes,44245184515958,public,2026-08-01
CELLxGENE Discover,5fa72b3e-999e-4560-a105-391d109574da,16876983-d454-43db-a8ec-77fafca9bf38,Multi-Region Brain Single-Cell Atlas of Parkinson's Disease and Control Samples,Single-Cell Atlas of Parkinson's Disease and Control: Subsampled 4.3 million RNA data,cerebellum; cingulate gyrus; middle temporal gyrus; putamen; substantia nigra,Homo sapiens,10x multiome,true,4300000,0,4300000,0,exact current H5AD obs assay labels,10.64898/2026.03.05.709922,https://cellxgene.cziscience.com/collections/16876983-d454-43db-a8ec-77fafca9bf38,,not supplied by provider or publication,https://datasets.cellxgene.cziscience.com/5451683b-f184-4bd5-8fb1-401bf1a467c6.h5ad,,H5AD,true,false,false,false,0,0: no multiome primary cells (derived row; avoids duplicate accounting),33219989200,exact sum of CELLxGENE asset sizes,33219989200,public,2026-08-01
CELLxGENE Discover,0df5d172-5888-4cec-9a96-e637636bbfef,0e9fd1d3-ef4c-47c6-a2e4-ef4bfadf7c79,Single-Cell Multiomic Atlas of Human Cortical Development in Down Syndrome,"Human fetal cortex in Down syndrome, 10X-Multiome (snRNA/ATACseq), complete dataset",brain,Homo sapiens,10x multiome,true,248998,248998,248998,248998,exact current H5AD obs assay labels,10.1038/s41591-026-04211-1,https://cellxgene.cziscience.com/collections/0e9fd1d3-ef4c-47c6-a2e4-ef4bfadf7c79,https://www.ncbi.nlm.nih.gov/geo/query/acc.cgi?acc=GSE305153,collection/repository link supplied,https://datasets.cellxgene.cziscience.com/46b43994-2af5-4359-bf75-3314a0d3a7a5-fragment.tsv.bgz; https://datasets.cellxgene.cziscience.com/46b43994-2af5-4359-bf75-3314a0d3a7a5-fragment.tsv.bgz.tbi; https://datasets.cellxgene.cziscience.com/f16c25da-15bd-46a4-9a3f-17093f27a2f1.h5ad,,H5AD; fragment; fragment_index,true,false,true,false,2444937418980,modeled from 9.82 MB/multiome primary cell,27089835017,exact sum of CELLxGENE asset sizes,2472027253997,public,2026-08-01
CELLxGENE Discover,0b024b1e-7588-45fc-b794-6fc7192f31ab,0e9fd1d3-ef4c-47c6-a2e4-ef4bfadf7c79,Single-Cell Multiomic Atlas of Human Cortical Development in Down Syndrome,"Human fetal cortex in Down syndrome, 10X-Multiome (snRNA/ATACseq), subsetted excitatory lineage",brain,Homo sapiens,10x multiome,true,215680,0,215680,0,exact current H5AD obs assay labels,10.1038/s41591-026-04211-1,https://cellxgene.cziscience.com/collections/0e9fd1d3-ef4c-47c6-a2e4-ef4bfadf7c79,https://www.ncbi.nlm.nih.gov/geo/query/acc.cgi?acc=GSE305153,collection/repository link supplied,https://datasets.cellxgene.cziscience.com/54ad14be-a4df-4683-8c69-6346e2a25db9.h5ad,,H5AD,true,false,false,false,0,0: no multiome primary cells (derived row; avoids duplicate accounting),1353712966,exact sum of CELLxGENE asset sizes,1353712966,public,2026-08-01
CELLxGENE Discover,e80b654f-37f3-43d0-a78a-8b9ff93c36a9,4624894f-6cf7-45d2-91ff-51fff9da9f13,A multimodal single-cell atlas of the adolescent brain reveals gene regulatory networks linking development to disease risk,Histologically normal brain tissue from human pediatric epilepsy patients,amygdala; frontal lobe; hippocampal formation; temporal cortex,Homo sapiens,10x multiome,true,88658,0,88658,0,exact current H5AD obs assay labels,10.64898/2026.02.20.707029,https://cellxgene.cziscience.com/collections/4624894f-6cf7-45d2-91ff-51fff9da9f13,https://explore.data.humancellatlas.org/projects/984ce0a2-682d-47a3-b80e-1354dfe51ca3,collection/repository link supplied,https://datasets.cellxgene.cziscience.com/82cfc40e-77a4-4740-9210-78dc374acb3e.h5ad,,H5AD,true,false,false,false,0,0: no multiome primary cells (derived row; avoids duplicate accounting),1009594235,exact sum of CELLxGENE asset sizes,1009594235,public,2026-08-01
CELLxGENE Discover,835fa5c4-3278-4abd-b0bd-71d7f498b2dc,4624894f-6cf7-45d2-91ff-51fff9da9f13,A multimodal single-cell atlas of the adolescent brain reveals gene regulatory networks linking development to disease risk,Histologically normal brain tissue from human pediatric epilepsy patients (fragment files included),amygdala; hippocampal formation; temporal cortex,Homo sapiens,10x multiome,true,77358,77358,77358,77358,exact current H5AD obs assay labels,10.64898/2026.02.20.707029,https://cellxgene.cziscience.com/collections/4624894f-6cf7-45d2-91ff-51fff9da9f13,https://explore.data.humancellatlas.org/projects/984ce0a2-682d-47a3-b80e-1354dfe51ca3,collection/repository link supplied,https://datasets.cellxgene.cziscience.com/91f2ea10-284f-40a3-963d-e9ccce237138-fragment.tsv.bgz; https://datasets.cellxgene.cziscience.com/91f2ea10-284f-40a3-963d-e9ccce237138-fragment.tsv.bgz.tbi; https://datasets.cellxgene.cziscience.com/f8dbb700-1e9c-4a96-a45c-b360a5cc9176.h5ad,,H5AD; fragment; fragment_index,true,false,true,false,759586297310,modeled from 9.82 MB/multiome primary cell,9486469775,exact sum of CELLxGENE asset sizes,769072767085,public,2026-08-01
CELLxGENE Discover,f9ef78fc-700f-4e97-8a4c-85df06a2c583,690fb28b-e364-4d3d-8934-bae50ae93857,Gene expression patterns of the developing human and mouse face at single cell resolution,Human Craniofacial Expression Mesenchymal Celltypes,pharyngeal arch system,Homo sapiens,10x multiome,true,58417,0,58417,0,exact current H5AD obs assay labels,10.1038/s41467-026-70232-6,https://cellxgene.cziscience.com/collections/690fb28b-e364-4d3d-8934-bae50ae93857,https://doi.org/10.25550/8D-2JQ0; https://doi.org/10.25550/7N-54BY,collection/repository link supplied,https://datasets.cellxgene.cziscience.com/4d76b7b4-4d67-4016-b881-ab86e7f4d7f5.h5ad,https://doi.org/10.5281/zenodo.14343226,H5AD,true,false,false,false,0,0: no multiome primary cells (derived row; avoids duplicate accounting),870870971,exact sum of CELLxGENE asset sizes,870870971,public,2026-08-01
CELLxGENE Discover,db63e37d-3f18-467b-98c8-089b271454c3,690fb28b-e364-4d3d-8934-bae50ae93857,Gene expression patterns of the developing human and mouse face at single cell resolution,Mouse Craniofacial Expression All Celltypes,pharyngeal arch system,Mus musculus,10x 3' v3; 10x multiome,false,79402,79402,72382,72382,exact current H5AD obs assay labels,10.1038/s41467-026-70232-6,https://cellxgene.cziscience.com/collections/690fb28b-e364-4d3d-8934-bae50ae93857,https://doi.org/10.25550/8D-2JQ0; https://doi.org/10.25550/7N-54BY,collection/repository link supplied,https://datasets.cellxgene.cziscience.com/c4163664-f020-4fd9-b8ba-4d459355ba12.h5ad,https://doi.org/10.5281/zenodo.14343226,H5AD,true,false,false,false,710726432584,modeled from 9.82 MB/multiome primary cell,811590288,exact sum of CELLxGENE asset sizes,711538022872,public,2026-08-01
CELLxGENE Discover,c85b715e-6eff-409b-aa8f-cb0147171c27,690fb28b-e364-4d3d-8934-bae50ae93857,Gene expression patterns of the developing human and mouse face at single cell resolution,Human Craniofacial Expression Ectodermal Celltypes,pharyngeal arch system,Homo sapiens,10x multiome,true,9652,0,9652,0,exact current H5AD obs assay labels,10.1038/s41467-026-70232-6,https://cellxgene.cziscience.com/collections/690fb28b-e364-4d3d-8934-bae50ae93857,https://doi.org/10.25550/8D-2JQ0; https://doi.org/10.25550/7N-54BY,collection/repository link supplied,https://datasets.cellxgene.cziscience.com/bfa9ec37-f92b-4fd8-a5c1-6838268c22cc.h5ad,https://doi.org/10.5281/zenodo.14343226,H5AD,true,false,false,false,0,0: no multiome primary cells (derived row; avoids duplicate accounting),143885339,exact sum of CELLxGENE asset sizes,143885339,public,2026-08-01
CELLxGENE Discover,c3bf8bcf-abb7-4d71-8491-bd4901b474cf,690fb28b-e364-4d3d-8934-bae50ae93857,Gene expression patterns of the developing human and mouse face at single cell resolution,Human Craniofacial Expression All Celltypes,pharyngeal arch system,Homo sapiens,10x multiome,true,95892,95892,95892,95892,exact current H5AD obs assay labels,10.1038/s41467-026-70232-6,https://cellxgene.cziscience.com/collections/690fb28b-e364-4d3d-8934-bae50ae93857,https://doi.org/10.25550/8D-2JQ0; https://doi.org/10.25550/7N-54BY,collection/repository link supplied,https://datasets.cellxgene.cziscience.com/0ba987e4-3040-448d-a3db-49e0ea73c80b.h5ad,https://doi.org/10.5281/zenodo.14343226,H5AD,true,false,false,false,941573582844,modeled from 9.82 MB/multiome primary cell,1292625086,exact sum of CELLxGENE asset sizes,942866207930,public,2026-08-01
CELLxGENE Discover,805832dc-92fc-4445-9016-067b1baa282d,690fb28b-e364-4d3d-8934-bae50ae93857,Gene expression patterns of the developing human and mouse face at single cell resolution,Human Craniofacial Expression Cranial Neural Crest,cranial neural crest,Homo sapiens,10x multiome,true,3294,0,3294,0,exact current H5AD obs assay labels,10.1038/s41467-026-70232-6,https://cellxgene.cziscience.com/collections/690fb28b-e364-4d3d-8934-bae50ae93857,https://doi.org/10.25550/8D-2JQ0; https://doi.org/10.25550/7N-54BY,collection/repository link supplied,https://datasets.cellxgene.cziscience.com/e815de8f-359a-4b47-b29c-a05990b92f9b.h5ad,https://doi.org/10.5281/zenodo.14343226,H5AD,true,false,false,false,0,0: no multiome primary cells (derived row; avoids duplicate accounting),53688035,exact sum of CELLxGENE asset sizes,53688035,public,2026-08-01
CELLxGENE Discover,5106ea1a-947c-4a51-b29f-9db107392588,690fb28b-e364-4d3d-8934-bae50ae93857,Gene expression patterns of the developing human and mouse face at single cell resolution,Mouse Craniofacial Expression Ectodermal Celltypes,pharyngeal arch system,Mus musculus,10x 3' v3; 10x multiome,false,9563,0,8894,0,exact current H5AD obs assay labels,10.1038/s41467-026-70232-6,https://cellxgene.cziscience.com/collections/690fb28b-e364-4d3d-8934-bae50ae93857,https://doi.org/10.25550/8D-2JQ0; https://doi.org/10.25550/7N-54BY,collection/repository link supplied,https://datasets.cellxgene.cziscience.com/63098223-737c-43e2-938b-2d8d4e545124.h5ad,https://doi.org/10.5281/zenodo.14343226,H5AD,true,false,false,false,0,0: no multiome primary cells (derived row; avoids duplicate accounting),115795722,exact sum of CELLxGENE asset sizes,115795722,public,2026-08-01
CELLxGENE Discover,4d4c7412-9438-4508-a444-294762e8a00a,690fb28b-e364-4d3d-8934-bae50ae93857,Gene expression patterns of the developing human and mouse face at single cell resolution,Mouse Craniofacial Expression Cranial Neural Crest,cranial neural crest,Mus musculus,10x 3' v3; 10x multiome,false,1281,0,1075,0,exact current H5AD obs assay labels,10.1038/s41467-026-70232-6,https://cellxgene.cziscience.com/collections/690fb28b-e364-4d3d-8934-bae50ae93857,https://doi.org/10.25550/8D-2JQ0; https://doi.org/10.25550/7N-54BY,collection/repository link supplied,https://datasets.cellxgene.cziscience.com/79c5dfc7-0590-4db2-b218-46d1e381f71e.h5ad,https://doi.org/10.5281/zenodo.14343226,H5AD,true,false,false,false,0,0: no multiome primary cells (derived row; avoids duplicate accounting),18956692,exact sum of CELLxGENE asset sizes,18956692,public,2026-08-01
CELLxGENE Discover,1b9db9dc-e417-4dd4-8ce4-ff39a86c55a1,690fb28b-e364-4d3d-8934-bae50ae93857,Gene expression patterns of the developing human and mouse face at single cell resolution,Mouse Craniofacial Expression Mesenchymal Celltypes,pharyngeal arch system,Mus musculus,10x 3' v3; 10x multiome,false,60540,0,55013,0,exact current H5AD obs assay labels,10.1038/s41467-026-70232-6,https://cellxgene.cziscience.com/collections/690fb28b-e364-4d3d-8934-bae50ae93857,https://doi.org/10.25550/8D-2JQ0; https://doi.org/10.25550/7N-54BY,collection/repository link supplied,https://datasets.cellxgene.cziscience.com/791c3744-592e-43d8-84a5-5bce4bafd93d.h5ad,https://doi.org/10.5281/zenodo.14343226,H5AD,true,false,false,false,0,0: no multiome primary cells (derived row; avoids duplicate accounting),595753945,exact sum of CELLxGENE asset sizes,595753945,public,2026-08-01
CELLxGENE Discover,92594117-6e7c-47bd-bd6b-65c52cea167b,ad10cef8-9c6c-488f-9b50-d252d49b6837,Context-aware single-cell multiomics approach identifies cell-type specific lung cancer susceptibility genes,Context-aware single-cell multiomics approach identifies cell-type-specific lung cancer susceptibility genes.,lung,Homo sapiens,10x multiome,true,116778,116778,116778,116778,exact current H5AD obs assay labels,10.1038/s41467-024-52356-9,https://cellxgene.cziscience.com/collections/ad10cef8-9c6c-488f-9b50-d252d49b6837,https://www.ncbi.nlm.nih.gov/geo/query/acc.cgi?acc=GSE241468,collection/repository link supplied,https://datasets.cellxgene.cziscience.com/a1e971da-5c35-46fd-acc3-b742735ec7d9.h5ad,https://zenodo.org/records/13306592,H5AD,true,false,false,false,1146655402508,modeled from 9.82 MB/multiome primary cell,1494890484,exact sum of CELLxGENE asset sizes,1148150292992,public,2026-08-01
CELLxGENE Discover,e2a00644-0a48-4815-ae87-d562045114f5,0986e4cd-7a58-405d-9b91-4b199bb4124e,ALS motor cortex and spinal cord single-nucleus multiome dataset,Brain dataset,primary motor cortex,Homo sapiens,10x 3' v3; 10x multiome,false,75583,75583,35866,35866,exact current H5AD obs assay labels,10.1093/brain/awaf426,https://cellxgene.cziscience.com/collections/0986e4cd-7a58-405d-9b91-4b199bb4124e,,not supplied by provider or publication,https://datasets.cellxgene.cziscience.com/a1ccad25-1438-41f6-a09e-d4960ca36b67.h5ad,https://doi.org/10.6084/m9.figshare.29628653,H5AD,true,false,false,false,352172007282,modeled from 9.82 MB/multiome primary cell,1027207528,exact sum of CELLxGENE asset sizes,353199214810,public,2026-08-01
CELLxGENE Discover,b57462e3-1df5-463a-a3fa-4d67b93ef087,0986e4cd-7a58-405d-9b91-4b199bb4124e,ALS motor cortex and spinal cord single-nucleus multiome dataset,Spinal cord dataset,lumbar spinal cord,Homo sapiens,10x 3' v3; 10x multiome,false,62711,62711,26158,26158,exact current H5AD obs assay labels,10.1093/brain/awaf426,https://cellxgene.cziscience.com/collections/0986e4cd-7a58-405d-9b91-4b199bb4124e,,not supplied by provider or publication,https://datasets.cellxgene.cziscience.com/72dab565-a96b-4b06-a1b7-3413efeff523.h5ad,https://doi.org/10.6084/m9.figshare.29628653,H5AD,true,false,false,false,256848139365,modeled from 9.82 MB/multiome primary cell,839680333,exact sum of CELLxGENE asset sizes,257687819698,public,2026-08-01
CELLxGENE Discover,9ac3d74d-1d94-4ff9-abf9-fe5abe4bd2a6,9c9d04c4-8899-417f-bb6f-6107dcadf14f,Cellular and Spatial Drivers of Unresolved Injury and Functional Decline in the Human Kidney,Single-nucleus RNA-seq of the Mouse Kidney (Version 2.0),kidney,Mus musculus,10x 3' v2; 10x multiome,false,315764,315764,192616,192616,exact current H5AD obs assay labels,10.1101/2025.09.26.678707,https://cellxgene.cziscience.com/collections/9c9d04c4-8899-417f-bb6f-6107dcadf14f,,not supplied by provider or publication,https://datasets.cellxgene.cziscience.com/19aab2ef-654a-4047-8f60-3529c041851d.h5ad,,H5AD,true,false,false,false,1891316660754,modeled from 9.82 MB/multiome primary cell,1821316660,exact sum of CELLxGENE asset sizes,1893137977414,public,2026-08-01
CELLxGENE Discover,7ff0197b-d175-49bf-b4fa-150fe0995d93,9c9d04c4-8899-417f-bb6f-6107dcadf14f,Cellular and Spatial Drivers of Unresolved Injury and Functional Decline in the Human Kidney,Single-nucleus RNA-seq of the Adult Human Kidney (Version 2.0),cortex of kidney; kidney; renal medulla; renal papilla,Homo sapiens,10x 3' v3; 10x multiome,false,1388643,1388643,784561,784561,exact current H5AD obs assay labels,10.1101/2025.09.26.678707,https://cellxgene.cziscience.com/collections/9c9d04c4-8899-417f-bb6f-6107dcadf14f,,not supplied by provider or publication,https://datasets.cellxgene.cziscience.com/06b8d9c2-0bde-48bd-88d9-730993fc95e2.h5ad,,H5AD,true,false,false,false,7703686561228,modeled from 9.82 MB/multiome primary cell,13818560828,exact sum of CELLxGENE asset sizes,7717505122056,public,2026-08-01
CELLxGENE Discover,09b518f9-da64-44cc-aec8-70a89d55611f,4cbb929b-b03b-4aa8-a943-00f61dc22641,Multimodal benchmarking dataset for renal cortex characterization (mBDRC),multimodal benchmarking dataset for renal cortex characterization - multiome only (fragment files included),cortex of kidney,Homo sapiens,10x multiome,true,37717,37717,37717,37717,exact current H5AD obs assay labels,10.1101/2025.03.06.637075,https://cellxgene.cziscience.com/collections/4cbb929b-b03b-4aa8-a943-00f61dc22641,,not supplied by provider or publication,https://datasets.cellxgene.cziscience.com/e037f157-49b6-4a1b-b34f-51a928778a27-fragment.tsv.bgz; https://datasets.cellxgene.cziscience.com/e037f157-49b6-4a1b-b34f-51a928778a27-fragment.tsv.bgz.tbi; https://datasets.cellxgene.cziscience.com/46aada24-d005-4486-9e21-866da4fdbd7a.h5ad,,H5AD; fragment; fragment_index,true,false,true,false,370347169984,modeled from 9.82 MB/multiome primary cell,4403121263,exact sum of CELLxGENE asset sizes,374750291247,public,2026-08-01
CELLxGENE Discover,203025fe-fa99-4d57-81da-458ed8f0c334,433700dc-e8a5-48b0-b5cd-beb22f3f88fe,Brain vascular single-cell multi-omics elucidates disease risk associations,Brain vascular single-cell multi-omics elucidates disease risk associations - snRNA-seq,dorsolateral prefrontal cortex,Homo sapiens,10x multiome,true,65479,65479,65479,65479,exact current H5AD obs assay labels,,https://cellxgene.cziscience.com/collections/433700dc-e8a5-48b0-b5cd-beb22f3f88fe,,not supplied by provider or publication,https://datasets.cellxgene.cziscience.com/25da7ccb-04ca-49d2-b00b-a794ef8c766d.h5ad,,H5AD,true,false,false,false,642945153204,modeled from 9.82 MB/multiome primary cell,627654439,exact sum of CELLxGENE asset sizes,643572807643,public,2026-08-01
CELLxGENE Discover,f13b63f5-779f-478a-90a7-5ee65d9d6828,a66d41a7-f1de-4b70-b983-7a4b790a0d5d,Chromatin accessibility during human first-trimester neurodevelopment,All_Neuron_GABA,brain; cerebellum; diencephalon; hindbrain; medulla oblongata; midbrain; pons; telencephalon,Homo sapiens,10x multiome,true,29897,0,29897,0,exact current H5AD obs assay labels,10.1038/s41586-024-07234-1,https://cellxgene.cziscience.com/collections/a66d41a7-f1de-4b70-b983-7a4b790a0d5d,https://ega-archive.org/studies/EGAS00001007472,collection/repository link supplied,https://datasets.cellxgene.cziscience.com/a0971a2c-a7bd-4e68-a459-35b8ef343b8b.h5ad,,H5AD,true,false,false,false,0,0: no multiome primary cells (derived row; avoids duplicate accounting),230372529,exact sum of CELLxGENE asset sizes,230372529,public,2026-08-01
CELLxGENE Discover,e73e4eb8-d5f3-47c3-b446-330f37d042da,a66d41a7-f1de-4b70-b983-7a4b790a0d5d,Chromatin accessibility during human first-trimester neurodevelopment,All_Neuron_GLUT,brain; cerebellum; diencephalon; hindbrain; medulla oblongata; midbrain; pons; telencephalon,Homo sapiens,10x multiome,true,29523,0,29523,0,exact current H5AD obs assay labels,10.1038/s41586-024-07234-1,https://cellxgene.cziscience.com/collections/a66d41a7-f1de-4b70-b983-7a4b790a0d5d,https://ega-archive.org/studies/EGAS00001007472,collection/repository link supplied,https://datasets.cellxgene.cziscience.com/fbdd0e80-05a3-4b1a-baa7-7486398b5d58.h5ad,,H5AD,true,false,false,false,0,0: no multiome primary cells (derived row; avoids duplicate accounting),224017074,exact sum of CELLxGENE asset sizes,224017074,public,2026-08-01
CELLxGENE Discover,bdc7e498-c27d-4156-a342-8653e87001fb,a66d41a7-f1de-4b70-b983-7a4b790a0d5d,Chromatin accessibility during human first-trimester neurodevelopment,All_OPC,brain; cerebellum; diencephalon; hindbrain; medulla oblongata; midbrain; pons; telencephalon,Homo sapiens,10x multiome,true,4101,0,4101,0,exact current H5AD obs assay labels,10.1038/s41586-024-07234-1,https://cellxgene.cziscience.com/collections/a66d41a7-f1de-4b70-b983-7a4b790a0d5d,https://ega-archive.org/studies/EGAS00001007472,collection/repository link supplied,https://datasets.cellxgene.cziscience.com/70ba6bf7-d630-4274-baa2-9752924dcf56.h5ad,,H5AD,true,false,false,false,0,0: no multiome primary cells (derived row; avoids duplicate accounting),40085876,exact sum of CELLxGENE asset sizes,40085876,public,2026-08-01
CELLxGENE Discover,5e9fbc0b-16ff-4245-bd59-c22d4113c017,a66d41a7-f1de-4b70-b983-7a4b790a0d5d,Chromatin accessibility during human first-trimester neurodevelopment,All_Immune,brain; cerebellum; diencephalon; hindbrain; medulla oblongata; midbrain; pons; telencephalon,Homo sapiens,10x multiome,true,10845,0,10845,0,exact current H5AD obs assay labels,10.1038/s41586-024-07234-1,https://cellxgene.cziscience.com/collections/a66d41a7-f1de-4b70-b983-7a4b790a0d5d,https://ega-archive.org/studies/EGAS00001007472,collection/repository link supplied,https://datasets.cellxgene.cziscience.com/c3b4c13b-7a8e-4ea9-adeb-fbd5b3ee9271.h5ad,,H5AD,true,false,false,false,0,0: no multiome primary cells (derived row; avoids duplicate accounting),88475379,exact sum of CELLxGENE asset sizes,88475379,public,2026-08-01
CELLxGENE Discover,5662e542-8cf7-487b-8423-f50b64dc6421,a66d41a7-f1de-4b70-b983-7a4b790a0d5d,Chromatin accessibility during human first-trimester neurodevelopment,All_Vascular,brain; cerebellum; diencephalon; hindbrain; medulla oblongata; midbrain; pons; telencephalon,Homo sapiens,10x multiome,true,5683,0,5683,0,exact current H5AD obs assay labels,10.1038/s41586-024-07234-1,https://cellxgene.cziscience.com/collections/a66d41a7-f1de-4b70-b983-7a4b790a0d5d,https://ega-archive.org/studies/EGAS00001007472,collection/repository link supplied,https://datasets.cellxgene.cziscience.com/63a24ee0-03aa-4747-8fba-6673f04d86c6.h5ad,,H5AD,true,false,false,false,0,0: no multiome primary cells (derived row; avoids duplicate accounting),43190559,exact sum of CELLxGENE asset sizes,43190559,public,2026-08-01
CELLxGENE Discover,4398dcfc-f86b-4d52-aa9f-1f2cf902c0cf,a66d41a7-f1de-4b70-b983-7a4b790a0d5d,Chromatin accessibility during human first-trimester neurodevelopment,All_RGL,brain; cerebellum; diencephalon; hindbrain; medulla oblongata; midbrain; pons; telencephalon,Homo sapiens,10x multiome,true,70803,0,70803,0,exact current H5AD obs assay labels,10.1038/s41586-024-07234-1,https://cellxgene.cziscience.com/collections/a66d41a7-f1de-4b70-b983-7a4b790a0d5d,https://ega-archive.org/studies/EGAS00001007472,collection/repository link supplied,https://datasets.cellxgene.cziscience.com/ecaf3bd4-55a8-471a-9d94-bc3d64dae249.h5ad,,H5AD,true,false,false,false,0,0: no multiome primary cells (derived row; avoids duplicate accounting),545259999,exact sum of CELLxGENE asset sizes,545259999,public,2026-08-01
CELLxGENE Discover,2ad168af-ae8c-469e-b21f-dd7f93146d7e,a66d41a7-f1de-4b70-b983-7a4b790a0d5d,Chromatin accessibility during human first-trimester neurodevelopment,All_FBL,brain; cerebellum; diencephalon; hindbrain; medulla oblongata; midbrain; pons; telencephalon,Homo sapiens,10x multiome,true,8841,0,8841,0,exact current H5AD obs assay labels,10.1038/s41586-024-07234-1,https://cellxgene.cziscience.com/collections/a66d41a7-f1de-4b70-b983-7a4b790a0d5d,https://ega-archive.org/studies/EGAS00001007472,collection/repository link supplied,https://datasets.cellxgene.cziscience.com/274ed523-78e7-4ea5-85ec-b91a17497fbb.h5ad,,H5AD,true,false,false,false,0,0: no multiome primary cells (derived row; avoids duplicate accounting),73474136,exact sum of CELLxGENE asset sizes,73474136,public,2026-08-01
CELLxGENE Discover,19f1bec6-eeb7-4133-accc-992d745fef89,a66d41a7-f1de-4b70-b983-7a4b790a0d5d,Chromatin accessibility during human first-trimester neurodevelopment,Full_Dataset,brain; cerebellum; diencephalon; hindbrain; medulla oblongata; midbrain; pons; telencephalon,Homo sapiens,10x multiome,true,166785,166785,166785,166785,exact current H5AD obs assay labels,10.1038/s41586-024-07234-1,https://cellxgene.cziscience.com/collections/a66d41a7-f1de-4b70-b983-7a4b790a0d5d,https://ega-archive.org/studies/EGAS00001007472,collection/repository link supplied,https://datasets.cellxgene.cziscience.com/49a73aea-76d5-40a1-b5e4-fa6c0831e164-fragment.tsv.bgz; https://datasets.cellxgene.cziscience.com/49a73aea-76d5-40a1-b5e4-fa6c0831e164-fragment.tsv.bgz.tbi; https://datasets.cellxgene.cziscience.com/e88a34d0-d28a-4d10-a8c5-d59f86ba621a.h5ad,,H5AD; fragment; fragment_index,true,false,true,false,1637679368608,modeled from 9.82 MB/multiome primary cell,50534468887,exact sum of CELLxGENE asset sizes,1688213837495,public,2026-08-01
CELLxGENE Discover,00f15b43-f871-46d8-8105-814387ad8658,a66d41a7-f1de-4b70-b983-7a4b790a0d5d,Chromatin accessibility during human first-trimester neurodevelopment,All_Neuron_Peptidergic,brain; cerebellum; diencephalon; hindbrain; medulla oblongata; midbrain; pons; telencephalon,Homo sapiens,10x multiome,true,7092,0,7092,0,exact current H5AD obs assay labels,10.1038/s41586-024-07234-1,https://cellxgene.cziscience.com/collections/a66d41a7-f1de-4b70-b983-7a4b790a0d5d,https://ega-archive.org/studies/EGAS00001007472,collection/repository link supplied,https://datasets.cellxgene.cziscience.com/dc94c601-b19e-405b-a2aa-3f51554de0de.h5ad,,H5AD,true,false,false,false,0,0: no multiome primary cells (derived row; avoids duplicate accounting),59633476,exact sum of CELLxGENE asset sizes,59633476,public,2026-08-01
CELLxGENE Discover,25818bf7-e2a7-41ec-8ff2-bc369c0ff4f5,30af2f92-7d2d-440e-b81c-e66079b5728b,Multi-omic and spatial analysis of mouse kidneys highlights sex-specific differences in gene regulation across the lifespan,Multi-omic and spatial analysis of mouse kidneys highlights sex-specific differences in gene regulation across the lifespan,kidney,Mus musculus,10x multiome,true,203139,203139,203139,203139,exact current H5AD obs assay labels,10.1038/s41588-025-02161-x,https://cellxgene.cziscience.com/collections/30af2f92-7d2d-440e-b81c-e66079b5728b,https://www.ncbi.nlm.nih.gov/geo/query/acc.cgi?acc=GSE252772,collection/repository link supplied,https://datasets.cellxgene.cziscience.com/5e463ae4-57ff-40b8-9f4c-a249dd8e50e2-fragment.tsv.bgz; https://datasets.cellxgene.cziscience.com/5e463ae4-57ff-40b8-9f4c-a249dd8e50e2-fragment.tsv.bgz.tbi; https://datasets.cellxgene.cziscience.com/29eec938-c857-4dc0-a3c1-db864bdea6dd.h5ad,,H5AD; fragment; fragment_index,true,false,true,false,1994643098958,modeled from 9.82 MB/multiome primary cell,27470589217,exact sum of CELLxGENE asset sizes,2022113688175,public,2026-08-01
CELLxGENE Discover,867757c1-3b1a-49d9-a0cd-17767eb160cc,307ce143-7cc8-4813-99b1-3797834149c9,snRNA-seq of human kidney with ureteral obstruction,snRNA-seq of human kidney with ureteral obstruction,kidney,Homo sapiens,10x multiome,true,46957,46957,46957,46957,exact current H5AD obs assay labels,10.1038/s41467-025-59997-4,https://cellxgene.cziscience.com/collections/307ce143-7cc8-4813-99b1-3797834149c9,https://www.ncbi.nlm.nih.gov/geo/query/acc.cgi?acc=GSE254185,collection/repository link supplied,https://datasets.cellxgene.cziscience.com/9fc35867-5cf0-4c07-b54c-e5bc53fde7bf-fragment.tsv.bgz; https://datasets.cellxgene.cziscience.com/9fc35867-5cf0-4c07-b54c-e5bc53fde7bf-fragment.tsv.bgz.tbi; https://datasets.cellxgene.cziscience.com/0fe5eee4-380d-4bd9-8735-ada5e03021d9.h5ad,https://zenodo.org/records/15124887,H5AD; fragment; fragment_index,true,false,true,false,461075696926,modeled from 9.82 MB/multiome primary cell,10426817261,exact sum of CELLxGENE asset sizes,471502514187,public,2026-08-01
CELLxGENE Discover,67b6b9ac-b841-42ce-b2d4-ed2ec12327bd,4429f25e-5c91-4981-9cf2-6a1044c36732,Single cell atlas of large B-cell lymphoma,Single cell atlas of LBCL (LME),lymph node,Homo sapiens,10x multiome,true,598289,598289,598289,598289,exact current H5AD obs assay labels,10.1016/j.ccell.2025.06.002,https://cellxgene.cziscience.com/collections/4429f25e-5c91-4981-9cf2-6a1044c36732,https://ega-archive.org/datasets/EGAD50000001491,collection/repository link supplied,https://datasets.cellxgene.cziscience.com/777cf301-2f1a-4429-9bb9-19173ba586d2.h5ad,,H5AD,true,false,false,false,5874662300357,modeled from 9.82 MB/multiome primary cell,6505896722,exact sum of CELLxGENE asset sizes,5881168197079,public,2026-08-01
CELLxGENE Discover,8ef06ea4-8d0f-4303-a652-7d4604402b1f,0f7d022a-46c7-4e64-be4c-e34adbb78089,Single cell atlas of the human ocular surface,"scRNA-seq of human ocular surface: cornea, limbus, sclera – fetal data included",cornea; corneal endothelium; corneal epithelium; corneo-scleral junction; ocular surface region; sclera; substantia propria of cornea; tunica fibrosa of eyeball,Homo sapiens,10x 3' v2; 10x 3' v3; 10x multiome,false,815769,815769,83008,83008,exact current H5AD obs assay labels,,https://cellxgene.cziscience.com/collections/0f7d022a-46c7-4e64-be4c-e34adbb78089,,not supplied by provider or publication,https://datasets.cellxgene.cziscience.com/30127f02-d0b9-4b56-bf4c-e5b77e4989bd.h5ad,https://celltype.info/project/565,H5AD,true,false,false,false,815064238567,modeled from 9.82 MB/multiome primary cell,10293731327,exact sum of CELLxGENE asset sizes,825357969894,public,2026-08-01
CELLxGENE Discover,60a29d0b-1a37-4447-ac32-00d701580b47,4cbb929b-b03b-4aa8-a943-00f61dc22641,Multimodal benchmarking dataset for renal cortex characterization (mBDRC),multimodal benchmarking dataset for renal cortex characterization,cortex of kidney,Homo sapiens,10x 3' v3; 10x 5' v1; 10x multiome,false,97125,7813,53799,0,exact current H5AD obs assay labels,10.1101/2025.03.06.637075,https://cellxgene.cziscience.com/collections/4cbb929b-b03b-4aa8-a943-00f61dc22641,,not supplied by provider or publication,https://datasets.cellxgene.cziscience.com/32b68fe9-ecf9-4302-88e1-c5491e2bc180.h5ad,,H5AD,true,false,false,false,0,0: no multiome primary cells (derived row; avoids duplicate accounting),1405514555,exact sum of CELLxGENE asset sizes,1405514555,public,2026-08-01
CELLxGENE Discover,56a4bc14-9407-45fd-8786-f7f6fc87c9dd,f406a653-c079-4bf9-aab6-85846c27571d,Simultaneous profiling of transcription and chromatin accessibility at the single-cell level for postnatal human brain development,Postnatal human brain development: RNA,anterior cingulate cortex; caudate nucleus; dorsolateral prefrontal cortex; hippocampal formation,Homo sapiens,10x multiome,true,101924,101924,101924,101924,exact current H5AD obs assay labels,10.1038/s41588-025-02083-8,https://cellxgene.cziscience.com/collections/f406a653-c079-4bf9-aab6-85846c27571d,https://nda.nih.gov/edit_collection.html?id=5371,collection/repository link supplied,https://datasets.cellxgene.cziscience.com/e6ef2a07-1b8e-49a8-a771-15b81971eac7.h5ad,https://zenodo.org/records/14421659; https://zenodo.org/records/12752107,H5AD,true,false,false,false,1000802422076,modeled from 9.82 MB/multiome primary cell,1197926797,exact sum of CELLxGENE asset sizes,1002000348873,public,2026-08-01
CELLxGENE Discover,d7f5d8d0-6150-48d7-b094-c34286ad11a1,de379e5f-52d0-498c-9801-0f850823c847,An integrated transcriptomic cell atlas of human neural organoids,HNOCA Extended: The Human Neural Organoid Atlas,arcuate nucleus of hypothalamus; brain; cerebellum; cerebral cortex; choroid plexus; dorsal plus ventral thalamus; hindbrain; midbrain tectum; midbrain tegmentum; telencephalon; ventral part of telencephalon,Homo sapiens,10x 3' v2; 10x 3' v3; 10x multiome; BD Rhapsody Whole Transcriptome Analysis; Drop-seq; Quartz-seq; SPLiT-seq; Smart-seq2,false,1920454,1920454,109255,109255,exact current H5AD obs assay labels,10.1038/s41586-024-08172-8,https://cellxgene.cziscience.com/collections/de379e5f-52d0-498c-9801-0f850823c847,,not supplied by provider or publication,https://datasets.cellxgene.cziscience.com/a0866f01-2a0e-4984-8a93-e5e829685e75.h5ad,https://doi.org/10.5281/zenodo.11203684,H5AD,true,false,false,false,1072786278246,modeled from 9.82 MB/multiome primary cell,20088621029,exact sum of CELLxGENE asset sizes,1092874899275,public,2026-08-01
CELLxGENE Discover,3a805b8d-c9d8-4c9b-881f-0eefa635974d,de379e5f-52d0-498c-9801-0f850823c847,An integrated transcriptomic cell atlas of human neural organoids,The Human Neural Organoid Atlas,arcuate nucleus of hypothalamus; brain; cerebellum; cerebral cortex; choroid plexus; dorsal plus ventral thalamus; hindbrain; midbrain tectum; midbrain tegmentum; telencephalon; ventral part of telencephalon,Homo sapiens,10x 3' v2; 10x 3' v3; 10x multiome; BD Rhapsody Whole Transcriptome Analysis; Drop-seq; Quartz-seq; SPLiT-seq; Smart-seq2,false,1767346,0,109255,0,exact current H5AD obs assay labels,10.1038/s41586-024-08172-8,https://cellxgene.cziscience.com/collections/de379e5f-52d0-498c-9801-0f850823c847,,not supplied by provider or publication,https://datasets.cellxgene.cziscience.com/127a3c9a-7bcb-4362-a73e-e60fd67f5bae.h5ad,https://doi.org/10.5281/zenodo.11203684,H5AD,true,false,false,false,0,0: no multiome primary cells (derived row; avoids duplicate accounting),18777180012,exact sum of CELLxGENE asset sizes,18777180012,public,2026-08-01
CELLxGENE Discover,6725ee8e-ef5b-4e68-8901-61bd14a1fe73,6282a908-f162-44a2-99a3-8a942e4271b2,Integrated human endoderm-derived organoids cell atlas (HEOCA),human endoderm organoid cell atlas,alveolar sac; biliary system; bronchus; colon; common bile duct; corpus; duodenum; gallbladder; ileum; intestine; intrahepatic bile duct; liver; lung; lung epithelium; nasopharynx; pancreas; prostate gland; pyloric antrum; salivary gland epithelium; stomach; thyroid gland,Homo sapiens,10x 3' v2; 10x 3' v3; 10x 5' v1; 10x multiome; CEL-seq2; SORT-seq; Seq-Well S3; Smart-seq,false,806646,731294,65825,65825,exact current H5AD obs assay labels,10.1038/s41588-025-02182-6,https://cellxgene.cziscience.com/collections/6282a908-f162-44a2-99a3-8a942e4271b2,,not supplied by provider or publication,https://datasets.cellxgene.cziscience.com/40f7635e-7fcd-4ede-82e9-0d32753a6b82.h5ad,,H5AD,true,false,false,false,646342563412,modeled from 9.82 MB/multiome primary cell,12560986056,exact sum of CELLxGENE asset sizes,658903549468,public,2026-08-01
CELLxGENE Discover,01b84709-139c-4485-98a9-6e14c58fbbf6,9e4e8f1d-d905-4d4f-b343-84889d0f9ffe,Multimodal single-cell profiling reveals neuronal vulnerability and pathological cell states in focal cortical dysplasia,snRNA-seq data from eight focal cortical dysplasia donors,frontal lobe; lobe of cerebral hemisphere; parietal lobe; temporal lobe,Homo sapiens,10x multiome,true,61525,61525,61525,61525,exact current H5AD obs assay labels,10.1016/j.isci.2024.111337,https://cellxgene.cziscience.com/collections/9e4e8f1d-d905-4d4f-b343-84889d0f9ffe,https://www.ncbi.nlm.nih.gov/geo/query/acc.cgi?acc=GSE268807; https://explore.data.humancellatlas.org/projects/9762d70c-9b27-4f57-8cbc-377b9b92ea9b,collection/repository link supplied,https://datasets.cellxgene.cziscience.com/12aec133-5d19-4e0c-af4b-6450ec40b09b-fragment.tsv.bgz; https://datasets.cellxgene.cziscience.com/12aec133-5d19-4e0c-af4b-6450ec40b09b-fragment.tsv.bgz.tbi; https://datasets.cellxgene.cziscience.com/799e0777-8fe4-4d14-9183-01a7314923ec.h5ad,,H5AD; fragment; fragment_index,true,false,true,false,604120413428,modeled from 9.82 MB/multiome primary cell,9983930401,exact sum of CELLxGENE asset sizes,614104343829,public,2026-08-01
CELLxGENE Discover,61af564d-e5ea-4d34-a0f3-2668a00db376,77446b76-1c2d-4a71-8e59-0efd4374d98e,Single-nucleus chromatin accessibility and transcriptomic map of breast tissues of women of diverse genetic ancestry,snRNA-seq analyses of breast tissues of healthy women of diverse genetic ancestry,breast; upper outer quadrant of breast,Homo sapiens,10x multiome,true,51367,51367,51367,51367,exact current H5AD obs assay labels,10.1038/s41591-024-03011-9,https://cellxgene.cziscience.com/collections/77446b76-1c2d-4a71-8e59-0efd4374d98e,https://www.ncbi.nlm.nih.gov/geo/query/acc.cgi?acc=GSE244594; https://explore.data.humancellatlas.org/projects/815c5ef5-0fb1-4eb7-9882-1d160362468e,collection/repository link supplied,https://datasets.cellxgene.cziscience.com/cf603810-e4cf-42ca-acfe-20e40ec8f828-fragment.tsv.bgz; https://datasets.cellxgene.cziscience.com/cf603810-e4cf-42ca-acfe-20e40ec8f828-fragment.tsv.bgz.tbi; https://datasets.cellxgene.cziscience.com/31798b24-255e-4726-8805-66507589ccb8.h5ad,,H5AD; fragment; fragment_index,true,false,true,false,504377948420,modeled from 9.82 MB/multiome primary cell,17666367112,exact sum of CELLxGENE asset sizes,522044315532,public,2026-08-01
CELLxGENE Discover,aa369999-a034-4ad9-b459-8a93c86ea77b,ad2149fc-19c5-41de-8cfe-44710fbada73,Molecular and cellular dynamics of the developing human neocortex at single-cell resolution,snMultiome data of the developing human neocortex,Brodmann (1909) area 10; Brodmann (1909) area 17; Brodmann (1909) area 9; forebrain; neocortex; prefrontal cortex; telencephalon; visual cortex,Homo sapiens,10x multiome,true,232328,232328,232328,232328,exact current H5AD obs assay labels,10.1038/s41586-024-08351-7,https://cellxgene.cziscience.com/collections/ad2149fc-19c5-41de-8cfe-44710fbada73,https://assets.nemoarchive.org/dat-oiif74w,collection/repository link supplied,https://datasets.cellxgene.cziscience.com/c9ba15d8-45a1-4f68-ac91-a59ad2d44a2d-fragment.tsv.bgz; https://datasets.cellxgene.cziscience.com/c9ba15d8-45a1-4f68-ac91-a59ad2d44a2d-fragment.tsv.bgz.tbi; https://datasets.cellxgene.cziscience.com/a4310202-4dc8-4e1b-a96d-d9675f5b14d1.h5ad,,H5AD; fragment; fragment_index,true,false,true,false,2281252944509,modeled from 9.82 MB/multiome primary cell,45109697391,exact sum of CELLxGENE asset sizes,2326362641900,public,2026-08-01
CELLxGENE Discover,f8c4782a-5be8-4de6-81b6-ec57ead9c7b5,03608e22-227a-4492-910b-3cb3f16f952e,iPain atlas,iPain Atlas DRG Nociceptive Lineage Cells - SCENIC,dorsal root ganglion,Mus musculus,10x 3' transcription profiling; 10x 3' v2; 10x 3' v3; 10x multiome; Smart-seq2; Smart-seq3; inDrop,false,70963,0,821,0,exact current H5AD obs assay labels,10.1038/s41467-024-52052-8,https://cellxgene.cziscience.com/collections/03608e22-227a-4492-910b-3cb3f16f952e,https://www.ncbi.nlm.nih.gov/geo/query/acc.cgi?acc=GSE253345,collection/repository link supplied,https://datasets.cellxgene.cziscience.com/cd8f7735-09d8-4f58-b4d0-820184dc1b6b.h5ad,,H5AD,true,false,false,false,0,0: no multiome primary cells (derived row; avoids duplicate accounting),593900193,exact sum of CELLxGENE asset sizes,593900193,public,2026-08-01
CELLxGENE Discover,e1b09351-423f-471b-998f-ff865cd2ca74,03608e22-227a-4492-910b-3cb3f16f952e,iPain atlas,iPain Atlas DRG Nociceptive Lineage Cells - TF activity,dorsal root ganglion,Mus musculus,10x 3' transcription profiling; 10x 3' v2; 10x 3' v3; 10x multiome; Smart-seq2; Smart-seq3; inDrop,false,70963,0,821,0,exact current H5AD obs assay labels,10.1038/s41467-024-52052-8,https://cellxgene.cziscience.com/collections/03608e22-227a-4492-910b-3cb3f16f952e,https://www.ncbi.nlm.nih.gov/geo/query/acc.cgi?acc=GSE253345,collection/repository link supplied,https://datasets.cellxgene.cziscience.com/313a03f1-52d1-42aa-830c-d5185a7990a8.h5ad,,H5AD,true,false,false,false,0,0: no multiome primary cells (derived row; avoids duplicate accounting),987270398,exact sum of CELLxGENE asset sizes,987270398,public,2026-08-01
CELLxGENE Discover,b6f472f1-a58d-43a7-a898-2d6822a0b2b2,03608e22-227a-4492-910b-3cb3f16f952e,iPain atlas,iPain Atlas DRG All Cells - RNA,dorsal root ganglion,Mus musculus,10x 3' v2; 10x 3' v3; 10x multiome; Smart-seq2; Smart-seq3; inDrop,false,191798,191798,4468,4468,exact current H5AD obs assay labels,10.1038/s41467-024-52052-8,https://cellxgene.cziscience.com/collections/03608e22-227a-4492-910b-3cb3f16f952e,https://www.ncbi.nlm.nih.gov/geo/query/acc.cgi?acc=GSE253345,collection/repository link supplied,https://datasets.cellxgene.cziscience.com/9e592a91-b992-4f54-9bbe-2f53dd3308da.h5ad,,H5AD,true,false,false,false,43871759564,modeled from 9.82 MB/multiome primary cell,20964916720,exact sum of CELLxGENE asset sizes,64836676284,public,2026-08-01
CELLxGENE Discover,023d4d04-4671-4433-af8d-158a05c81d8b,03608e22-227a-4492-910b-3cb3f16f952e,iPain atlas,iPain Atlas DRG Nociceptive Lineage Cells - RNA,dorsal root ganglion,Mus musculus,10x 3' transcription profiling; 10x 3' v2; 10x 3' v3; 10x multiome; Smart-seq2; Smart-seq3; inDrop,false,70963,0,821,0,exact current H5AD obs assay labels,10.1038/s41467-024-52052-8,https://cellxgene.cziscience.com/collections/03608e22-227a-4492-910b-3cb3f16f952e,https://www.ncbi.nlm.nih.gov/geo/query/acc.cgi?acc=GSE253345,collection/repository link supplied,https://datasets.cellxgene.cziscience.com/8fc0b710-45f8-4cb8-b6db-fbadd5ed5ab5.h5ad,,H5AD,true,false,false,false,0,0: no multiome primary cells (derived row; avoids duplicate accounting),7948286220,exact sum of CELLxGENE asset sizes,7948286220,public,2026-08-01
CELLxGENE Discover,963a08cb-d995-4862-9614-f9d38a7d7540,5900dda8-2dc3-4770-b604-084eac1c2c82,Single Cell Multiome Atlas of the Human Fetal Retina,snRNA-seq of the developing human retina,macula lutea; peripheral region of retina; retina,Homo sapiens,10x multiome,true,226506,226506,226506,226506,exact current H5AD obs assay labels,10.1038/s41467-024-50853-5,https://cellxgene.cziscience.com/collections/5900dda8-2dc3-4770-b604-084eac1c2c82,https://explore.data.humancellatlas.org/projects/581de139-461f-4875-b408-56453a9082c7; https://www.ncbi.nlm.nih.gov/geo/query/acc.cgi?acc=GSE268630,collection/repository link supplied,https://datasets.cellxgene.cziscience.com/a15a0f26-a99d-4c5b-9729-8d563879da96-fragment.tsv.bgz; https://datasets.cellxgene.cziscience.com/a15a0f26-a99d-4c5b-9729-8d563879da96-fragment.tsv.bgz.tbi; https://datasets.cellxgene.cziscience.com/883270e9-41e6-4c2c-b352-b15c292d2a34.h5ad,,H5AD; fragment; fragment_index,true,false,true,false,2224086117252,modeled from 9.82 MB/multiome primary cell,41856497665,exact sum of CELLxGENE asset sizes,2265942614917,public,2026-08-01
CELLxGENE Discover,d567b692-c374-4628-a508-8008f6778f22,3116d060-0a8e-4767-99bb-e866badea1ed,Spatially resolved multiomics of human cardiac niches,Combined single cell and single nuclei RNA-Seq data - Heart Global,apex of heart; atrioventricular node; heart left ventricle; heart right ventricle; interventricular septum; left cardiac atrium; right cardiac atrium; sinoatrial node,Homo sapiens,10x 3' v2; 10x 3' v3; 10x multiome,false,704296,211061,211060,211060,exact current H5AD obs assay labels,10.1038/s41586-023-06311-1,https://cellxgene.cziscience.com/collections/3116d060-0a8e-4767-99bb-e866badea1ed,https://www.ebi.ac.uk/biostudies/arrayexpress/studies/E-MTAB-12916; https://www.ebi.ac.uk/biostudies/arrayexpress/studies/E-MTAB-12919; https://www.ebi.ac.uk/biostudies/arrayexpress/studies/E-MTAB-12975; https://explore.data.humancellatlas.org/projects/925f9a4c-cac0-444a-ad2c-612656ab3a85,collection/repository link supplied,https://datasets.cellxgene.cziscience.com/1e1e07c3-bfcb-4a0d-91de-c2614a891409.h5ad,,H5AD,true,false,false,false,2072420226869,modeled from 9.82 MB/multiome primary cell,4974173093,exact sum of CELLxGENE asset sizes,2077394399962,public,2026-08-01
CELLxGENE Discover,680029ee-29b3-4e03-bdb3-47d163540ef0,3116d060-0a8e-4767-99bb-e866badea1ed,Spatially resolved multiomics of human cardiac niches,snRNA-seq data - Heart AVN atrial cardiomyocytes,atrioventricular node,Homo sapiens,10x multiome,true,955,0,955,0,exact current H5AD obs assay labels,10.1038/s41586-023-06311-1,https://cellxgene.cziscience.com/collections/3116d060-0a8e-4767-99bb-e866badea1ed,https://www.ebi.ac.uk/biostudies/arrayexpress/studies/E-MTAB-12916; https://www.ebi.ac.uk/biostudies/arrayexpress/studies/E-MTAB-12919; https://www.ebi.ac.uk/biostudies/arrayexpress/studies/E-MTAB-12975; https://explore.data.humancellatlas.org/projects/925f9a4c-cac0-444a-ad2c-612656ab3a85,collection/repository link supplied,https://datasets.cellxgene.cziscience.com/937bc97a-a6b2-4ee2-ade6-43eb436b0f30.h5ad,,H5AD,true,false,false,false,0,0: no multiome primary cells (derived row; avoids duplicate accounting),19925487,exact sum of CELLxGENE asset sizes,19925487,public,2026-08-01
CELLxGENE Discover,47214e12-ee1e-4a89-ba9e-48136cfdeef8,3116d060-0a8e-4767-99bb-e866badea1ed,Spatially resolved multiomics of human cardiac niches,snRNA-seq data - Heart SAN atrial cardiomyocytes,sinoatrial node,Homo sapiens,10x multiome,true,9857,0,9857,0,exact current H5AD obs assay labels,10.1038/s41586-023-06311-1,https://cellxgene.cziscience.com/collections/3116d060-0a8e-4767-99bb-e866badea1ed,https://www.ebi.ac.uk/biostudies/arrayexpress/studies/E-MTAB-12916; https://www.ebi.ac.uk/biostudies/arrayexpress/studies/E-MTAB-12919; https://www.ebi.ac.uk/biostudies/arrayexpress/studies/E-MTAB-12975; https://explore.data.humancellatlas.org/projects/925f9a4c-cac0-444a-ad2c-612656ab3a85,collection/repository link supplied,https://datasets.cellxgene.cziscience.com/c0805c98-e2ea-4a14-907b-91a60bca7dc8.h5ad,,H5AD,true,false,false,false,0,0: no multiome primary cells (derived row; avoids duplicate accounting),140864596,exact sum of CELLxGENE asset sizes,140864596,public,2026-08-01
CELLxGENE Discover,1a38e762-2465-418f-b81c-6a4bce261c34,bacccb91-066d-4453-b70e-59de0b4598cd,Single-cell analysis of prenatal and postnatal human cortical development,Single-cell analysis of prenatal and postnatal human cortical development,caudal ganglionic eminence; cerebral cortex; cingulate cortex; frontal cortex; ganglionic eminence; insular cortex; lateral ganglionic eminence; medial ganglionic eminence; primary motor cortex; temporal cortex,Homo sapiens,10x 3' v2; 10x 3' v3; 10x multiome,false,709372,709372,8981,8981,exact current H5AD obs assay labels,10.1126/science.adf0834,https://cellxgene.cziscience.com/collections/bacccb91-066d-4453-b70e-59de0b4598cd,https://assets.nemoarchive.org/dat-3ah9h9x,collection/repository link supplied,https://datasets.cellxgene.cziscience.com/2001fbc7-de84-4e84-9a76-4290bcd65415.h5ad,https://zenodo.org/record/7245297; https://pre-postnatal-cortex.cells.ucsc.edu,H5AD,true,false,false,false,88185378838,modeled from 9.82 MB/multiome primary cell,5976097241,exact sum of CELLxGENE asset sizes,94161476079,public,2026-08-01
CELLxGENE Discover,53ce2631-3646-4172-bbd9-38b0a44d8214,ceb895f4-ff9f-403a-b7c3-187a9657ac2c,Multi-omic profiling of the developing human cerebral cortex at the single cell level,10x scRNA-seq from human cortex,cortical plate; dorsolateral prefrontal cortex,Homo sapiens,10x multiome,true,45549,45549,45549,45549,exact current H5AD obs assay labels,10.1126/sciadv.adg3754,https://cellxgene.cziscience.com/collections/ceb895f4-ff9f-403a-b7c3-187a9657ac2c,https://www.ncbi.nlm.nih.gov/geo/query/acc.cgi?acc=GSE204684,collection/repository link supplied,https://datasets.cellxgene.cziscience.com/06ee790a-829c-4c18-afa8-2dc9d3f1579b.h5ad,https://singlecell.broadinstitute.org/single_cell/study/SCP1859/multi-omic-profiling-of-the-developing-human-cerebral-cortex-at-the-single-cell-level#study-visualize; https://zenodo.org/records/7703253,H5AD,true,false,false,false,447250397582,modeled from 9.82 MB/multiome primary cell,394513295,exact sum of CELLxGENE asset sizes,447644910877,public,2026-08-01
CELLxGENE Discover,fc0ceb80-d2d9-47c1-9d78-b0e45c64c500,1ca90a2d-2943-483d-b678-b809bf464c30,SEA-AD: Seattle Alzheimer’s Disease Brain Cell Atlas,Sst Chodl - DLPFC: Seattle Alzheimer's Disease Atlas (SEA-AD),dorsolateral prefrontal cortex,Homo sapiens,10x 3' v3; 10x multiome,false,1877,0,105,0,exact current H5AD obs assay labels,10.1038/s41593-024-01774-5,https://cellxgene.cziscience.com/collections/1ca90a2d-2943-483d-b678-b809bf464c30,https://adknowledgeportal.synapse.org/Explore/Studies/DetailsPage/StudyData?Study=syn26223298,collection/repository link supplied,https://datasets.cellxgene.cziscience.com/feea960d-f81c-4815-8ec2-26592e82de80.h5ad,https://registry.opendata.aws/allen-sea-ad-atlas/,H5AD,true,false,false,false,0,0: no multiome primary cells (derived row; avoids duplicate accounting),79128479,exact sum of CELLxGENE asset sizes,79128479,public,2026-08-01
CELLxGENE Discover,d0ea3ec4-0f3b-4649-9146-1c0b5f303a55,1ca90a2d-2943-483d-b678-b809bf464c30,SEA-AD: Seattle Alzheimer’s Disease Brain Cell Atlas,L6b - DLPFC: Seattle Alzheimer's Disease Atlas (SEA-AD),dorsolateral prefrontal cortex,Homo sapiens,10x 3' v3; 10x multiome,false,18903,0,907,0,exact current H5AD obs assay labels,10.1038/s41593-024-01774-5,https://cellxgene.cziscience.com/collections/1ca90a2d-2943-483d-b678-b809bf464c30,https://adknowledgeportal.synapse.org/Explore/Studies/DetailsPage/StudyData?Study=syn26223298,collection/repository link supplied,https://datasets.cellxgene.cziscience.com/eddd7422-7f05-4c77-bfe0-4b3e8665a78f.h5ad,https://registry.opendata.aws/allen-sea-ad-atlas/,H5AD,true,false,false,false,0,0: no multiome primary cells (derived row; avoids duplicate accounting),976292496,exact sum of CELLxGENE asset sizes,976292496,public,2026-08-01
CELLxGENE Discover,b8920ef5-7d22-497b-abca-a7a9eb76d79a,1ca90a2d-2943-483d-b678-b809bf464c30,SEA-AD: Seattle Alzheimer’s Disease Brain Cell Atlas,L5/6 NP - DLPFC: Seattle Alzheimer's Disease Atlas (SEA-AD),dorsolateral prefrontal cortex,Homo sapiens,10x 3' v3; 10x multiome,false,19191,0,1037,0,exact current H5AD obs assay labels,10.1038/s41593-024-01774-5,https://cellxgene.cziscience.com/collections/1ca90a2d-2943-483d-b678-b809bf464c30,https://adknowledgeportal.synapse.org/Explore/Studies/DetailsPage/StudyData?Study=syn26223298,collection/repository link supplied,https://datasets.cellxgene.cziscience.com/9b16a223-c8f2-4697-b2f5-c2f339e0df0f.h5ad,https://registry.opendata.aws/allen-sea-ad-atlas/,H5AD,true,false,false,false,0,0: no multiome primary cells (derived row; avoids duplicate accounting),824874498,exact sum of CELLxGENE asset sizes,824874498,public,2026-08-01
CELLxGENE Discover,b1d37bbd-9ae4-4404-b2f9-f2fe66750e4e,1ca90a2d-2943-483d-b678-b809bf464c30,SEA-AD: Seattle Alzheimer’s Disease Brain Cell Atlas,Sncg - DLPFC: Seattle Alzheimer's Disease Atlas (SEA-AD),dorsolateral prefrontal cortex,Homo sapiens,10x 3' v3; 10x multiome,false,24792,0,1152,0,exact current H5AD obs assay labels,10.1038/s41593-024-01774-5,https://cellxgene.cziscience.com/collections/1ca90a2d-2943-483d-b678-b809bf464c30,https://adknowledgeportal.synapse.org/Explore/Studies/DetailsPage/StudyData?Study=syn26223298,collection/repository link supplied,https://datasets.cellxgene.cziscience.com/e6e74dde-2953-4691-86f8-6806c6d8f3b6.h5ad,https://registry.opendata.aws/allen-sea-ad-atlas/,H5AD,true,false,false,false,0,0: no multiome primary cells (derived row; avoids duplicate accounting),759962970,exact sum of CELLxGENE asset sizes,759962970,public,2026-08-01
CELLxGENE Discover,a4e89c26-e8d4-4471-9b06-16a1405880f0,1ca90a2d-2943-483d-b678-b809bf464c30,SEA-AD: Seattle Alzheimer’s Disease Brain Cell Atlas,L6 CT - DLPFC: Seattle Alzheimer's Disease Atlas (SEA-AD),dorsolateral prefrontal cortex,Homo sapiens,10x 3' v3; 10x multiome,false,29343,0,1889,0,exact current H5AD obs assay labels,10.1038/s41593-024-01774-5,https://cellxgene.cziscience.com/collections/1ca90a2d-2943-483d-b678-b809bf464c30,https://adknowledgeportal.synapse.org/Explore/Studies/DetailsPage/StudyData?Study=syn26223298,collection/repository link supplied,https://datasets.cellxgene.cziscience.com/29f02ab8-ac06-45d6-b610-ad1161d58453.h5ad,https://registry.opendata.aws/allen-sea-ad-atlas/,H5AD,true,false,false,false,0,0: no multiome primary cells (derived row; avoids duplicate accounting),1363222620,exact sum of CELLxGENE asset sizes,1363222620,public,2026-08-01
CELLxGENE Discover,a190b2e9-3796-4785-9a2f-013e2a9a43e6,1ca90a2d-2943-483d-b678-b809bf464c30,SEA-AD: Seattle Alzheimer’s Disease Brain Cell Atlas,Lamp5 Lhx6 - DLPFC: Seattle Alzheimer's Disease Atlas (SEA-AD),dorsolateral prefrontal cortex,Homo sapiens,10x 3' v3; 10x multiome,false,22891,0,1288,0,exact current H5AD obs assay labels,10.1038/s41593-024-01774-5,https://cellxgene.cziscience.com/collections/1ca90a2d-2943-483d-b678-b809bf464c30,https://adknowledgeportal.synapse.org/Explore/Studies/DetailsPage/StudyData?Study=syn26223298,collection/repository link supplied,https://datasets.cellxgene.cziscience.com/4a582497-f8a8-480d-a085-64fa2887b2c2.h5ad,https://registry.opendata.aws/allen-sea-ad-atlas/,H5AD,true,false,false,false,0,0: no multiome primary cells (derived row; avoids duplicate accounting),899544468,exact sum of CELLxGENE asset sizes,899544468,public,2026-08-01
CELLxGENE Discover,9ff9f9ba-016b-4cbb-8899-45dc20860b8b,1ca90a2d-2943-483d-b678-b809bf464c30,SEA-AD: Seattle Alzheimer’s Disease Brain Cell Atlas,L4 IT - DLPFC: Seattle Alzheimer's Disease Atlas (SEA-AD),dorsolateral prefrontal cortex,Homo sapiens,10x 3' v3; 10x multiome,false,81869,0,5674,0,exact current H5AD obs assay labels,10.1038/s41593-024-01774-5,https://cellxgene.cziscience.com/collections/1ca90a2d-2943-483d-b678-b809bf464c30,https://adknowledgeportal.synapse.org/Explore/Studies/DetailsPage/StudyData?Study=syn26223298,collection/repository link supplied,https://datasets.cellxgene.cziscience.com/5dbf014b-ac61-40a8-b836-8b56e55aa666.h5ad,https://registry.opendata.aws/allen-sea-ad-atlas/,H5AD,true,false,false,false,0,0: no multiome primary cells (derived row; avoids duplicate accounting),3671375166,exact sum of CELLxGENE asset sizes,3671375166,public,2026-08-01
CELLxGENE Discover,9940f951-3dc0-4579-bbb2-2392786e59a3,1ca90a2d-2943-483d-b678-b809bf464c30,SEA-AD: Seattle Alzheimer’s Disease Brain Cell Atlas,Oligodendrocyte - DLPFC: Seattle Alzheimer's Disease Atlas (SEA-AD),dorsolateral prefrontal cortex,Homo sapiens,10x 3' v3; 10x multiome,false,145995,0,9919,0,exact current H5AD obs assay labels,10.1038/s41593-024-01774-5,https://cellxgene.cziscience.com/collections/1ca90a2d-2943-483d-b678-b809bf464c30,https://adknowledgeportal.synapse.org/Explore/Studies/DetailsPage/StudyData?Study=syn26223298,collection/repository link supplied,https://datasets.cellxgene.cziscience.com/d847bbb8-9be5-473c-9f3a-4af707a2cd05.h5ad,https://registry.opendata.aws/allen-sea-ad-atlas/,H5AD,true,false,false,false,0,0: no multiome primary cells (derived row; avoids duplicate accounting),2586157019,exact sum of CELLxGENE asset sizes,2586157019,public,2026-08-01
CELLxGENE Discover,74d584f0-74fc-482e-b944-e76f29c1ab85,1ca90a2d-2943-483d-b678-b809bf464c30,SEA-AD: Seattle Alzheimer’s Disease Brain Cell Atlas,Astrocyte - DLPFC: Seattle Alzheimer's Disease Atlas (SEA-AD),dorsolateral prefrontal cortex,Homo sapiens,10x 3' v3; 10x multiome,false,87444,0,4508,0,exact current H5AD obs assay labels,10.1038/s41593-024-01774-5,https://cellxgene.cziscience.com/collections/1ca90a2d-2943-483d-b678-b809bf464c30,https://adknowledgeportal.synapse.org/Explore/Studies/DetailsPage/StudyData?Study=syn26223298,collection/repository link supplied,https://datasets.cellxgene.cziscience.com/c4675fdb-f3d1-45f7-85b2-ab7e70f5e4a1.h5ad,https://registry.opendata.aws/allen-sea-ad-atlas/,H5AD,true,false,false,false,0,0: no multiome primary cells (derived row; avoids duplicate accounting),2078625550,exact sum of CELLxGENE asset sizes,2078625550,public,2026-08-01
CELLxGENE Discover,6f7fd0f1-a2ed-4ff1-80d3-33dde731cbc3,1ca90a2d-2943-483d-b678-b809bf464c30,SEA-AD: Seattle Alzheimer’s Disease Brain Cell Atlas,Whole Taxonomy - DLPFC: Seattle Alzheimer's Disease Atlas (SEA-AD),dorsolateral prefrontal cortex,Homo sapiens,10x 3' v3; 10x multiome,false,1395601,1395601,86187,86187,exact current H5AD obs assay labels,10.1038/s41593-024-01774-5,https://cellxgene.cziscience.com/collections/1ca90a2d-2943-483d-b678-b809bf464c30,https://adknowledgeportal.synapse.org/Explore/Studies/DetailsPage/StudyData?Study=syn26223298,collection/repository link supplied,https://datasets.cellxgene.cziscience.com/c2b49431-9288-4d94-8ca5-f6723b72217e.h5ad,https://registry.opendata.aws/allen-sea-ad-atlas/,H5AD,true,false,false,false,846279172241,modeled from 9.82 MB/multiome primary cell,53187995660,exact sum of CELLxGENE asset sizes,899467167901,public,2026-08-01
CELLxGENE Discover,6cda07c7-5d7a-41ba-9799-5bb73da25a60,1ca90a2d-2943-483d-b678-b809bf464c30,SEA-AD: Seattle Alzheimer’s Disease Brain Cell Atlas,L5 ET - DLPFC: Seattle Alzheimer's Disease Atlas (SEA-AD),dorsolateral prefrontal cortex,Homo sapiens,10x 3' v3; 10x multiome,false,4097,0,249,0,exact current H5AD obs assay labels,10.1038/s41593-024-01774-5,https://cellxgene.cziscience.com/collections/1ca90a2d-2943-483d-b678-b809bf464c30,https://adknowledgeportal.synapse.org/Explore/Studies/DetailsPage/StudyData?Study=syn26223298,collection/repository link supplied,https://datasets.cellxgene.cziscience.com/0e107eec-5fe6-4eea-b2b3-e77b98fdfbad.h5ad,https://registry.opendata.aws/allen-sea-ad-atlas/,H5AD,true,false,false,false,0,0: no multiome primary cells (derived row; avoids duplicate accounting),263598009,exact sum of CELLxGENE asset sizes,263598009,public,2026-08-01
CELLxGENE Discover,646e3e87-e46b-4b12-85b5-8d8589e26088,1ca90a2d-2943-483d-b678-b809bf464c30,SEA-AD: Seattle Alzheimer’s Disease Brain Cell Atlas,L2/3 IT - DLPFC: Seattle Alzheimer's Disease Atlas (SEA-AD),dorsolateral prefrontal cortex,Homo sapiens,10x 3' v3; 10x multiome,false,341960,0,24844,0,exact current H5AD obs assay labels,10.1038/s41593-024-01774-5,https://cellxgene.cziscience.com/collections/1ca90a2d-2943-483d-b678-b809bf464c30,https://adknowledgeportal.synapse.org/Explore/Studies/DetailsPage/StudyData?Study=syn26223298,collection/repository link supplied,https://datasets.cellxgene.cziscience.com/76a28c5c-e70f-4b23-a072-51103e45f33c.h5ad,https://registry.opendata.aws/allen-sea-ad-atlas/,H5AD,true,false,false,false,0,0: no multiome primary cells (derived row; avoids duplicate accounting),16719739685,exact sum of CELLxGENE asset sizes,16719739685,public,2026-08-01
CELLxGENE Discover,6437bc9c-16cb-46c8-8f79-9a7384a0212a,1ca90a2d-2943-483d-b678-b809bf464c30,SEA-AD: Seattle Alzheimer’s Disease Brain Cell Atlas,L6 IT - DLPFC: Seattle Alzheimer's Disease Atlas (SEA-AD),dorsolateral prefrontal cortex,Homo sapiens,10x 3' v3; 10x multiome,false,47373,0,3199,0,exact current H5AD obs assay labels,10.1038/s41593-024-01774-5,https://cellxgene.cziscience.com/collections/1ca90a2d-2943-483d-b678-b809bf464c30,https://adknowledgeportal.synapse.org/Explore/Studies/DetailsPage/StudyData?Study=syn26223298,collection/repository link supplied,https://datasets.cellxgene.cziscience.com/b8dc7763-e917-42ae-ac8d-1d82e75aac24.h5ad,https://registry.opendata.aws/allen-sea-ad-atlas/,H5AD,true,false,false,false,0,0: no multiome primary cells (derived row; avoids duplicate accounting),2564934223,exact sum of CELLxGENE asset sizes,2564934223,public,2026-08-01
CELLxGENE Discover,58c43cc2-e00e-43c4-94eb-8501369264e1,1ca90a2d-2943-483d-b678-b809bf464c30,SEA-AD: Seattle Alzheimer’s Disease Brain Cell Atlas,OPC - DLPFC: Seattle Alzheimer's Disease Atlas (SEA-AD),dorsolateral prefrontal cortex,Homo sapiens,10x 3' v3; 10x multiome,false,29041,0,1371,0,exact current H5AD obs assay labels,10.1038/s41593-024-01774-5,https://cellxgene.cziscience.com/collections/1ca90a2d-2943-483d-b678-b809bf464c30,https://adknowledgeportal.synapse.org/Explore/Studies/DetailsPage/StudyData?Study=syn26223298,collection/repository link supplied,https://datasets.cellxgene.cziscience.com/92762ef7-6cb4-4946-ac81-f54c640a72a4.h5ad,https://registry.opendata.aws/allen-sea-ad-atlas/,H5AD,true,false,false,false,0,0: no multiome primary cells (derived row; avoids duplicate accounting),678927071,exact sum of CELLxGENE asset sizes,678927071,public,2026-08-01
CELLxGENE Discover,53bc5729-6202-4351-bc99-1f36139e9dc4,1ca90a2d-2943-483d-b678-b809bf464c30,SEA-AD: Seattle Alzheimer’s Disease Brain Cell Atlas,Vip - DLPFC: Seattle Alzheimer's Disease Atlas (SEA-AD),dorsolateral prefrontal cortex,Homo sapiens,10x 3' v3; 10x multiome,false,100215,0,5201,0,exact current H5AD obs assay labels,10.1038/s41593-024-01774-5,https://cellxgene.cziscience.com/collections/1ca90a2d-2943-483d-b678-b809bf464c30,https://adknowledgeportal.synapse.org/Explore/Studies/DetailsPage/StudyData?Study=syn26223298,collection/repository link supplied,https://datasets.cellxgene.cziscience.com/3118a841-51f1-469e-b6bc-84b9d4353ad9.h5ad,https://registry.opendata.aws/allen-sea-ad-atlas/,H5AD,true,false,false,false,0,0: no multiome primary cells (derived row; avoids duplicate accounting),3319935858,exact sum of CELLxGENE asset sizes,3319935858,public,2026-08-01
CELLxGENE Discover,44c83972-e5d2-4858-ac58-2df9f4bf564b,1ca90a2d-2943-483d-b678-b809bf464c30,SEA-AD: Seattle Alzheimer’s Disease Brain Cell Atlas,L5 IT - DLPFC: Seattle Alzheimer's Disease Atlas (SEA-AD),dorsolateral prefrontal cortex,Homo sapiens,10x 3' v3; 10x multiome,false,104106,0,6933,0,exact current H5AD obs assay labels,10.1038/s41593-024-01774-5,https://cellxgene.cziscience.com/collections/1ca90a2d-2943-483d-b678-b809bf464c30,https://adknowledgeportal.synapse.org/Explore/Studies/DetailsPage/StudyData?Study=syn26223298,collection/repository link supplied,https://datasets.cellxgene.cziscience.com/062b6690-0131-4745-b220-5b3749f0bd6e.h5ad,https://registry.opendata.aws/allen-sea-ad-atlas/,H5AD,true,false,false,false,0,0: no multiome primary cells (derived row; avoids duplicate accounting),5192905656,exact sum of CELLxGENE asset sizes,5192905656,public,2026-08-01
CELLxGENE Discover,2ecc72f8-085f-4e86-8692-771f316c54f6,1ca90a2d-2943-483d-b678-b809bf464c30,SEA-AD: Seattle Alzheimer’s Disease Brain Cell Atlas,Endothelial - DLPFC: Seattle Alzheimer's Disease Atlas (SEA-AD),dorsolateral prefrontal cortex,Homo sapiens,10x 3' v3; 10x multiome,false,2575,0,79,0,exact current H5AD obs assay labels,10.1038/s41593-024-01774-5,https://cellxgene.cziscience.com/collections/1ca90a2d-2943-483d-b678-b809bf464c30,https://adknowledgeportal.synapse.org/Explore/Studies/DetailsPage/StudyData?Study=syn26223298,collection/repository link supplied,https://datasets.cellxgene.cziscience.com/cdb842f8-e62d-449b-9d9b-21b4ad012fc7.h5ad,https://registry.opendata.aws/allen-sea-ad-atlas/,H5AD,true,false,false,false,0,0: no multiome primary cells (derived row; avoids duplicate accounting),55115421,exact sum of CELLxGENE asset sizes,55115421,public,2026-08-01
CELLxGENE Discover,2e5a9b5d-d31b-4e9f-a179-d5d70ba459fb,1ca90a2d-2943-483d-b678-b809bf464c30,SEA-AD: Seattle Alzheimer’s Disease Brain Cell Atlas,VLMC - DLPFC: Seattle Alzheimer's Disease Atlas (SEA-AD),dorsolateral prefrontal cortex,Homo sapiens,10x 3' v3; 10x multiome,false,4860,0,241,0,exact current H5AD obs assay labels,10.1038/s41593-024-01774-5,https://cellxgene.cziscience.com/collections/1ca90a2d-2943-483d-b678-b809bf464c30,https://adknowledgeportal.synapse.org/Explore/Studies/DetailsPage/StudyData?Study=syn26223298,collection/repository link supplied,https://datasets.cellxgene.cziscience.com/d9315841-b5c5-46cc-97bf-fd2804b0d310.h5ad,https://registry.opendata.aws/allen-sea-ad-atlas/,H5AD,true,false,false,false,0,0: no multiome primary cells (derived row; avoids duplicate accounting),95814914,exact sum of CELLxGENE asset sizes,95814914,public,2026-08-01
CELLxGENE Discover,1c9f5c6b-73da-4d17-95de-df080ffe0df1,1ca90a2d-2943-483d-b678-b809bf464c30,SEA-AD: Seattle Alzheimer’s Disease Brain Cell Atlas,L6 IT Car3 - DLPFC: Seattle Alzheimer's Disease Atlas (SEA-AD),dorsolateral prefrontal cortex,Homo sapiens,10x 3' v3; 10x multiome,false,13909,0,902,0,exact current H5AD obs assay labels,10.1038/s41593-024-01774-5,https://cellxgene.cziscience.com/collections/1ca90a2d-2943-483d-b678-b809bf464c30,https://adknowledgeportal.synapse.org/Explore/Studies/DetailsPage/StudyData?Study=syn26223298,collection/repository link supplied,https://datasets.cellxgene.cziscience.com/53bf0c0b-18cb-4b09-b895-43bc7aa91873.h5ad,https://registry.opendata.aws/allen-sea-ad-atlas/,H5AD,true,false,false,false,0,0: no multiome primary cells (derived row; avoids duplicate accounting),715314271,exact sum of CELLxGENE asset sizes,715314271,public,2026-08-01
CELLxGENE Discover,100c6145-7b0e-4ba6-81c1-ffebed0d1ac4,1ca90a2d-2943-483d-b678-b809bf464c30,SEA-AD: Seattle Alzheimer’s Disease Brain Cell Atlas,Microglia-PVM - DLPFC: Seattle Alzheimer's Disease Atlas (SEA-AD),dorsolateral prefrontal cortex,Homo sapiens,10x 3' v3; 10x multiome,false,42486,0,1861,0,exact current H5AD obs assay labels,10.1038/s41593-024-01774-5,https://cellxgene.cziscience.com/collections/1ca90a2d-2943-483d-b678-b809bf464c30,https://adknowledgeportal.synapse.org/Explore/Studies/DetailsPage/StudyData?Study=syn26223298,collection/repository link supplied,https://datasets.cellxgene.cziscience.com/a3092416-4409-4805-aacb-be6fab3d9fb4.h5ad,https://registry.opendata.aws/allen-sea-ad-atlas/,H5AD,true,false,false,false,0,0: no multiome primary cells (derived row; avoids duplicate accounting),715262151,exact sum of CELLxGENE asset sizes,715262151,public,2026-08-01
CELLxGENE Discover,0ed60482-a34f-4268-b576-d69cc30210f6,1ca90a2d-2943-483d-b678-b809bf464c30,SEA-AD: Seattle Alzheimer’s Disease Brain Cell Atlas,Lamp5 - DLPFC: Seattle Alzheimer's Disease Atlas (SEA-AD),dorsolateral prefrontal cortex,Homo sapiens,10x 3' v3; 10x multiome,false,55968,0,3140,0,exact current H5AD obs assay labels,10.1038/s41593-024-01774-5,https://cellxgene.cziscience.com/collections/1ca90a2d-2943-483d-b678-b809bf464c30,https://adknowledgeportal.synapse.org/Explore/Studies/DetailsPage/StudyData?Study=syn26223298,collection/repository link supplied,https://datasets.cellxgene.cziscience.com/5533d469-a735-4311-876a-a09481a6bf17.h5ad,https://registry.opendata.aws/allen-sea-ad-atlas/,H5AD,true,false,false,false,0,0: no multiome primary cells (derived row; avoids duplicate accounting),1819156289,exact sum of CELLxGENE asset sizes,1819156289,public,2026-08-01
CELLxGENE Discover,0eccaf0c-19d2-4900-9962-899378adf8be,1ca90a2d-2943-483d-b678-b809bf464c30,SEA-AD: Seattle Alzheimer’s Disease Brain Cell Atlas,Pax6 - DLPFC: Seattle Alzheimer's Disease Atlas (SEA-AD),dorsolateral prefrontal cortex,Homo sapiens,10x 3' v3; 10x multiome,false,9446,0,462,0,exact current H5AD obs assay labels,10.1038/s41593-024-01774-5,https://cellxgene.cziscience.com/collections/1ca90a2d-2943-483d-b678-b809bf464c30,https://adknowledgeportal.synapse.org/Explore/Studies/DetailsPage/StudyData?Study=syn26223298,collection/repository link supplied,https://datasets.cellxgene.cziscience.com/078b5995-18a2-46c8-bf6d-78c318ceeab0.h5ad,https://registry.opendata.aws/allen-sea-ad-atlas/,H5AD,true,false,false,false,0,0: no multiome primary cells (derived row; avoids duplicate accounting),383630332,exact sum of CELLxGENE asset sizes,383630332,public,2026-08-01
CELLxGENE Discover,04c94a7d-1133-42c9-bb48-c697bd302a8d,1ca90a2d-2943-483d-b678-b809bf464c30,SEA-AD: Seattle Alzheimer’s Disease Brain Cell Atlas,Pvalb - DLPFC: Seattle Alzheimer's Disease Atlas (SEA-AD),dorsolateral prefrontal cortex,Homo sapiens,10x 3' v3; 10x multiome,false,116142,0,6524,0,exact current H5AD obs assay labels,10.1038/s41593-024-01774-5,https://cellxgene.cziscience.com/collections/1ca90a2d-2943-483d-b678-b809bf464c30,https://adknowledgeportal.synapse.org/Explore/Studies/DetailsPage/StudyData?Study=syn26223298,collection/repository link supplied,https://datasets.cellxgene.cziscience.com/c71d47a1-3d67-4ed8-acbf-90491d872b26.h5ad,https://registry.opendata.aws/allen-sea-ad-atlas/,H5AD,true,false,false,false,0,0: no multiome primary cells (derived row; avoids duplicate accounting),4614479215,exact sum of CELLxGENE asset sizes,4614479215,public,2026-08-01
CELLxGENE Discover,0374f03c-62e2-4859-8a14-acb00b0627d5,1ca90a2d-2943-483d-b678-b809bf464c30,SEA-AD: Seattle Alzheimer’s Disease Brain Cell Atlas,Chandelier - DLPFC: Seattle Alzheimer's Disease Atlas (SEA-AD),dorsolateral prefrontal cortex,Homo sapiens,10x 3' v3; 10x multiome,false,15412,0,541,0,exact current H5AD obs assay labels,10.1038/s41593-024-01774-5,https://cellxgene.cziscience.com/collections/1ca90a2d-2943-483d-b678-b809bf464c30,https://adknowledgeportal.synapse.org/Explore/Studies/DetailsPage/StudyData?Study=syn26223298,collection/repository link supplied,https://datasets.cellxgene.cziscience.com/baa56093-bff9-48c7-9f31-bf667398ec58.h5ad,https://registry.opendata.aws/allen-sea-ad-atlas/,H5AD,true,false,false,false,0,0: no multiome primary cells (derived row; avoids duplicate accounting),516175666,exact sum of CELLxGENE asset sizes,516175666,public,2026-08-01
CELLxGENE Discover,03181d87-4769-41e7-8c39-d9a81835f0d2,1ca90a2d-2943-483d-b678-b809bf464c30,SEA-AD: Seattle Alzheimer’s Disease Brain Cell Atlas,Sst - DLPFC: Seattle Alzheimer's Disease Atlas (SEA-AD),dorsolateral prefrontal cortex,Homo sapiens,10x 3' v3; 10x multiome,false,75706,0,4161,0,exact current H5AD obs assay labels,10.1038/s41593-024-01774-5,https://cellxgene.cziscience.com/collections/1ca90a2d-2943-483d-b678-b809bf464c30,https://adknowledgeportal.synapse.org/Explore/Studies/DetailsPage/StudyData?Study=syn26223298,collection/repository link supplied,https://datasets.cellxgene.cziscience.com/8a0d2cd6-9c0f-4afa-be62-d3d3a7dd02a6.h5ad,https://registry.opendata.aws/allen-sea-ad-atlas/,H5AD,true,false,false,false,0,0: no multiome primary cells (derived row; avoids duplicate accounting),2284631641,exact sum of CELLxGENE asset sizes,2284631641,public,2026-08-01
CELLxGENE Discover,f171db61-e57e-4535-a06a-35d8b6ef8f2b,e2c257e7-6f79-487c-b81c-39451cd4ab3c,Spatial multiomics map of trophoblast development in early pregnancy,donor_p13_trophoblasts,decidua basalis,Homo sapiens,10x 3' v3; 10x multiome,false,37675,0,6178,0,exact current H5AD obs assay labels,10.1038/s41586-023-05869-0,https://cellxgene.cziscience.com/collections/e2c257e7-6f79-487c-b81c-39451cd4ab3c,https://www.ebi.ac.uk/biostudies/arrayexpress/studies/E-MTAB-12421; https://www.ebi.ac.uk/biostudies/arrayexpress/studies/E-MTAB-12595; https://ega-archive.org/datasets/EGAD00001010037; https://ega-archive.org/datasets/EGAD00001010038; https://ega-archive.org/datasets/EGAD00001010017; https://www.ebi.ac.uk/biostudies/arrayexpress/studies/E-MTAB-12650,collection/repository link supplied,https://datasets.cellxgene.cziscience.com/52340498-6bfb-41c0-b56f-d070d125e161.h5ad,,H5AD,true,false,false,false,0,0: no multiome primary cells (derived row; avoids duplicate accounting),495065502,exact sum of CELLxGENE asset sizes,495065502,public,2026-08-01
CELLxGENE Discover,ecf2e08e-2032-4a9e-b466-b65b395f4a02,e2c257e7-6f79-487c-b81c-39451cd4ab3c,Spatial multiomics map of trophoblast development in early pregnancy,All donors trophoblasts,decidua; decidua basalis; placenta,Homo sapiens,10x 3' v2; 10x 3' v3; 10x multiome,false,75042,0,7972,0,exact current H5AD obs assay labels,10.1038/s41586-023-05869-0,https://cellxgene.cziscience.com/collections/e2c257e7-6f79-487c-b81c-39451cd4ab3c,https://www.ebi.ac.uk/biostudies/arrayexpress/studies/E-MTAB-12421; https://www.ebi.ac.uk/biostudies/arrayexpress/studies/E-MTAB-12595; https://ega-archive.org/datasets/EGAD00001010037; https://ega-archive.org/datasets/EGAD00001010038; https://ega-archive.org/datasets/EGAD00001010017; https://www.ebi.ac.uk/biostudies/arrayexpress/studies/E-MTAB-12650,collection/repository link supplied,https://datasets.cellxgene.cziscience.com/6963899a-879d-4b63-abd5-b11ddb7f8bef.h5ad,,H5AD,true,false,false,false,0,0: no multiome primary cells (derived row; avoids duplicate accounting),1231865787,exact sum of CELLxGENE asset sizes,1231865787,public,2026-08-01
CELLxGENE Discover,74cff64f-9da9-4b2a-9b3b-8a04a1598040,e2c257e7-6f79-487c-b81c-39451cd4ab3c,Spatial multiomics map of trophoblast development in early pregnancy,All donors all cell states (in vivo),blood; decidua; decidua basalis; placenta,Homo sapiens,10x 3' v2; 10x 3' v3; 10x multiome,false,325665,325665,39339,39339,exact current H5AD obs assay labels,10.1038/s41586-023-05869-0,https://cellxgene.cziscience.com/collections/e2c257e7-6f79-487c-b81c-39451cd4ab3c,https://www.ebi.ac.uk/biostudies/arrayexpress/studies/E-MTAB-12421; https://www.ebi.ac.uk/biostudies/arrayexpress/studies/E-MTAB-12595; https://ega-archive.org/datasets/EGAD00001010037; https://ega-archive.org/datasets/EGAD00001010038; https://ega-archive.org/datasets/EGAD00001010017; https://www.ebi.ac.uk/biostudies/arrayexpress/studies/E-MTAB-12650,collection/repository link supplied,https://datasets.cellxgene.cziscience.com/7a4dd01b-96de-45cd-b4ac-c5892a8dc2bf.h5ad,,H5AD,true,false,false,false,386273757722,modeled from 9.82 MB/multiome primary cell,3603220538,exact sum of CELLxGENE asset sizes,389876978260,public,2026-08-01
CELLxGENE Discover,c2876b1b-06d8-4d96-a56b-5304f815b99a,1ca90a2d-2943-483d-b678-b809bf464c30,SEA-AD: Seattle Alzheimer’s Disease Brain Cell Atlas,Whole Taxonomy - MTG: Seattle Alzheimer's Disease Atlas (SEA-AD),middle temporal gyrus,Homo sapiens,10x 3' v3; 10x multiome,false,1378211,1301107,151356,151356,exact current H5AD obs assay labels,10.1038/s41593-024-01774-5,https://cellxgene.cziscience.com/collections/1ca90a2d-2943-483d-b678-b809bf464c30,https://adknowledgeportal.synapse.org/Explore/Studies/DetailsPage/StudyData?Study=syn26223298,collection/repository link supplied,https://datasets.cellxgene.cziscience.com/732b4aa7-e441-4196-b05e-127433425613.h5ad,https://registry.opendata.aws/allen-sea-ad-atlas/,H5AD,true,false,false,false,1486180403004,modeled from 9.82 MB/multiome primary cell,50775398656,exact sum of CELLxGENE asset sizes,1536955801660,public,2026-08-01
CELLxGENE Discover,322c816f-608a-4da1-99c4-36ca4ad45146,348da6dc-5bf6-435d-adc5-37747b9ae38a,Single-cell multiome of the human retina and deep learning nominate causal variants in complex eye diseases,Joint scRNA-seq and scATAC-seq atlas of the adult human retina,retina,Homo sapiens,10x multiome,true,51645,51645,51645,51645,exact current H5AD obs assay labels,10.1016/j.xgen.2022.100164,https://cellxgene.cziscience.com/collections/348da6dc-5bf6-435d-adc5-37747b9ae38a,https://www.ncbi.nlm.nih.gov/geo/query/acc.cgi?acc=GSE196235; https://explore.data.humancellatlas.org/projects/4f4f0193-ede8-4a82-8cb0-7a0a22f06e63,collection/repository link supplied,https://datasets.cellxgene.cziscience.com/324732a9-629a-40ea-8343-ded91dd722e5-fragment.tsv.bgz; https://datasets.cellxgene.cziscience.com/324732a9-629a-40ea-8343-ded91dd722e5-fragment.tsv.bgz.tbi; https://datasets.cellxgene.cziscience.com/74ec3a77-f1ff-4e90-af45-b8937cea0a8f.h5ad,https://singlecell.broadinstitute.org/single_cell/study/SCP1755/joint-scrna-seq-and-scatac-seq-atlas-of-the-adult-human-retina#study-download,H5AD; fragment; fragment_index,true,false,true,false,507107659512,modeled from 9.82 MB/multiome primary cell,9201964281,exact sum of CELLxGENE asset sizes,516309623793,public,2026-08-01
CELLxGENE Discover,f67f2cfa-ba45-4f77-8e26-64a15f666043,1ca90a2d-2943-483d-b678-b809bf464c30,SEA-AD: Seattle Alzheimer’s Disease Brain Cell Atlas,Pax6 - MTG: Seattle Alzheimer's Disease Atlas (SEA-AD),middle temporal gyrus,Homo sapiens,10x 3' v3; 10x multiome,false,9203,0,740,0,exact current H5AD obs assay labels,10.1038/s41593-024-01774-5,https://cellxgene.cziscience.com/collections/1ca90a2d-2943-483d-b678-b809bf464c30,https://adknowledgeportal.synapse.org/Explore/Studies/DetailsPage/StudyData?Study=syn26223298,collection/repository link supplied,https://datasets.cellxgene.cziscience.com/ed6e60fa-a085-4044-8535-b57ff0e788fe.h5ad,https://registry.opendata.aws/allen-sea-ad-atlas/,H5AD,true,false,false,false,0,0: no multiome primary cells (derived row; avoids duplicate accounting),239415993,exact sum of CELLxGENE asset sizes,239415993,public,2026-08-01
CELLxGENE Discover,eec3e37d-ed41-4881-bc6e-aaf39a2c6eb0,1ca90a2d-2943-483d-b678-b809bf464c30,SEA-AD: Seattle Alzheimer’s Disease Brain Cell Atlas,Lamp5 - MTG: Seattle Alzheimer's Disease Atlas (SEA-AD),middle temporal gyrus,Homo sapiens,10x 3' v3; 10x multiome,false,42921,0,4261,0,exact current H5AD obs assay labels,10.1038/s41593-024-01774-5,https://cellxgene.cziscience.com/collections/1ca90a2d-2943-483d-b678-b809bf464c30,https://adknowledgeportal.synapse.org/Explore/Studies/DetailsPage/StudyData?Study=syn26223298,collection/repository link supplied,https://datasets.cellxgene.cziscience.com/ffa13314-dc7c-4651-97c6-fc099e90ae64.h5ad,https://registry.opendata.aws/allen-sea-ad-atlas/,H5AD,true,false,false,false,0,0: no multiome primary cells (derived row; avoids duplicate accounting),869839575,exact sum of CELLxGENE asset sizes,869839575,public,2026-08-01
CELLxGENE Discover,e8ac3386-31d4-48ba-aa70-1bae0cf020e7,1ca90a2d-2943-483d-b678-b809bf464c30,SEA-AD: Seattle Alzheimer’s Disease Brain Cell Atlas,Lamp5 Lhx6 - MTG: Seattle Alzheimer's Disease Atlas (SEA-AD),middle temporal gyrus,Homo sapiens,10x 3' v3; 10x multiome,false,21443,0,2058,0,exact current H5AD obs assay labels,10.1038/s41593-024-01774-5,https://cellxgene.cziscience.com/collections/1ca90a2d-2943-483d-b678-b809bf464c30,https://adknowledgeportal.synapse.org/Explore/Studies/DetailsPage/StudyData?Study=syn26223298,collection/repository link supplied,https://datasets.cellxgene.cziscience.com/e9ecc60e-9de2-4a19-9b13-2af9666602b2.h5ad,https://registry.opendata.aws/allen-sea-ad-atlas/,H5AD,true,false,false,false,0,0: no multiome primary cells (derived row; avoids duplicate accounting),542048792,exact sum of CELLxGENE asset sizes,542048792,public,2026-08-01
CELLxGENE Discover,de104f7e-14fa-4795-bd19-b5ee2c1563e0,1ca90a2d-2943-483d-b678-b809bf464c30,SEA-AD: Seattle Alzheimer’s Disease Brain Cell Atlas,L6 IT - MTG: Seattle Alzheimer's Disease Atlas (SEA-AD),middle temporal gyrus,Homo sapiens,10x 3' v3; 10x multiome,false,45252,0,4983,0,exact current H5AD obs assay labels,10.1038/s41593-024-01774-5,https://cellxgene.cziscience.com/collections/1ca90a2d-2943-483d-b678-b809bf464c30,https://adknowledgeportal.synapse.org/Explore/Studies/DetailsPage/StudyData?Study=syn26223298,collection/repository link supplied,https://datasets.cellxgene.cziscience.com/db8fd714-0013-4b28-acfb-415219ddd1cb.h5ad,https://registry.opendata.aws/allen-sea-ad-atlas/,H5AD,true,false,false,false,0,0: no multiome primary cells (derived row; avoids duplicate accounting),1726290399,exact sum of CELLxGENE asset sizes,1726290399,public,2026-08-01
CELLxGENE Discover,d87f3f91-dca4-494b-8993-c4e3008a8fa5,1ca90a2d-2943-483d-b678-b809bf464c30,SEA-AD: Seattle Alzheimer’s Disease Brain Cell Atlas,Pvalb - MTG: Seattle Alzheimer's Disease Atlas (SEA-AD),middle temporal gyrus,Homo sapiens,10x 3' v3; 10x multiome,false,90804,0,8925,0,exact current H5AD obs assay labels,10.1038/s41593-024-01774-5,https://cellxgene.cziscience.com/collections/1ca90a2d-2943-483d-b678-b809bf464c30,https://adknowledgeportal.synapse.org/Explore/Studies/DetailsPage/StudyData?Study=syn26223298,collection/repository link supplied,https://datasets.cellxgene.cziscience.com/cf14bcbb-f691-4d39-98d1-59de53c666c4.h5ad,https://registry.opendata.aws/allen-sea-ad-atlas/,H5AD,true,false,false,false,0,0: no multiome primary cells (derived row; avoids duplicate accounting),2305593719,exact sum of CELLxGENE asset sizes,2305593719,public,2026-08-01
CELLxGENE Discover,d2fc9880-e6d3-4922-af5c-61f4f517adfa,1ca90a2d-2943-483d-b678-b809bf464c30,SEA-AD: Seattle Alzheimer’s Disease Brain Cell Atlas,Oligodendrocyte - MTG: Seattle Alzheimer's Disease Atlas (SEA-AD),middle temporal gyrus,Homo sapiens,10x 3' v3; 10x multiome,false,111194,0,11825,0,exact current H5AD obs assay labels,10.1038/s41593-024-01774-5,https://cellxgene.cziscience.com/collections/1ca90a2d-2943-483d-b678-b809bf464c30,https://adknowledgeportal.synapse.org/Explore/Studies/DetailsPage/StudyData?Study=syn26223298,collection/repository link supplied,https://datasets.cellxgene.cziscience.com/021a2e09-19c6-42eb-9e52-3ed2cf3d6032.h5ad,https://registry.opendata.aws/allen-sea-ad-atlas/,H5AD,true,false,false,false,0,0: no multiome primary cells (derived row; avoids duplicate accounting),1426772746,exact sum of CELLxGENE asset sizes,1426772746,public,2026-08-01
CELLxGENE Discover,c76098ba-eed3-45b1-98f2-96fcac55ed18,1ca90a2d-2943-483d-b678-b809bf464c30,SEA-AD: Seattle Alzheimer’s Disease Brain Cell Atlas,Microglia-PVM - MTG: Seattle Alzheimer's Disease Atlas (SEA-AD),middle temporal gyrus,Homo sapiens,10x 3' v3; 10x multiome,false,40000,0,4111,0,exact current H5AD obs assay labels,10.1038/s41593-024-01774-5,https://cellxgene.cziscience.com/collections/1ca90a2d-2943-483d-b678-b809bf464c30,https://adknowledgeportal.synapse.org/Explore/Studies/DetailsPage/StudyData?Study=syn26223298,collection/repository link supplied,https://datasets.cellxgene.cziscience.com/ab53c08f-03a3-4e0e-973a-44beabd78f60.h5ad,https://registry.opendata.aws/allen-sea-ad-atlas/,H5AD,true,false,false,false,0,0: no multiome primary cells (derived row; avoids duplicate accounting),510959572,exact sum of CELLxGENE asset sizes,510959572,public,2026-08-01
CELLxGENE Discover,c19275f5-739e-4796-ad5d-b0830b760db1,1ca90a2d-2943-483d-b678-b809bf464c30,SEA-AD: Seattle Alzheimer’s Disease Brain Cell Atlas,L6 CT - MTG: Seattle Alzheimer's Disease Atlas (SEA-AD),middle temporal gyrus,Homo sapiens,10x 3' v3; 10x multiome,false,18402,0,1984,0,exact current H5AD obs assay labels,10.1038/s41593-024-01774-5,https://cellxgene.cziscience.com/collections/1ca90a2d-2943-483d-b678-b809bf464c30,https://adknowledgeportal.synapse.org/Explore/Studies/DetailsPage/StudyData?Study=syn26223298,collection/repository link supplied,https://datasets.cellxgene.cziscience.com/10dd9ad4-c0fe-4918-8d35-04058f3a87ee.h5ad,https://registry.opendata.aws/allen-sea-ad-atlas/,H5AD,true,false,false,false,0,0: no multiome primary cells (derived row; avoids duplicate accounting),647804536,exact sum of CELLxGENE asset sizes,647804536,public,2026-08-01
CELLxGENE Discover,b74100ea-1a1a-486a-9cad-70ae44150935,1ca90a2d-2943-483d-b678-b809bf464c30,SEA-AD: Seattle Alzheimer’s Disease Brain Cell Atlas,L2/3 IT - MTG: Seattle Alzheimer's Disease Atlas (SEA-AD),middle temporal gyrus,Homo sapiens,10x 3' v3; 10x multiome,false,330085,0,40892,0,exact current H5AD obs assay labels,10.1038/s41593-024-01774-5,https://cellxgene.cziscience.com/collections/1ca90a2d-2943-483d-b678-b809bf464c30,https://adknowledgeportal.synapse.org/Explore/Studies/DetailsPage/StudyData?Study=syn26223298,collection/repository link supplied,https://datasets.cellxgene.cziscience.com/18a1753c-4c65-4bc8-a16c-420cf84ad435.h5ad,https://registry.opendata.aws/allen-sea-ad-atlas/,H5AD,true,false,false,false,0,0: no multiome primary cells (derived row; avoids duplicate accounting),10321736115,exact sum of CELLxGENE asset sizes,10321736115,public,2026-08-01
CELLxGENE Discover,ac0fee7e-0999-4319-b244-20278e1ff2fb,1ca90a2d-2943-483d-b678-b809bf464c30,SEA-AD: Seattle Alzheimer’s Disease Brain Cell Atlas,L4 IT - MTG: Seattle Alzheimer's Disease Atlas (SEA-AD),middle temporal gyrus,Homo sapiens,10x 3' v3; 10x multiome,false,168860,0,20328,0,exact current H5AD obs assay labels,10.1038/s41593-024-01774-5,https://cellxgene.cziscience.com/collections/1ca90a2d-2943-483d-b678-b809bf464c30,https://adknowledgeportal.synapse.org/Explore/Studies/DetailsPage/StudyData?Study=syn26223298,collection/repository link supplied,https://datasets.cellxgene.cziscience.com/67385399-fe99-4f46-b8df-aa18fa4bd82d.h5ad,https://registry.opendata.aws/allen-sea-ad-atlas/,H5AD,true,false,false,false,0,0: no multiome primary cells (derived row; avoids duplicate accounting),4777848496,exact sum of CELLxGENE asset sizes,4777848496,public,2026-08-01
CELLxGENE Discover,a0d173dd-bb10-4d13-8b9a-e13a4ee83c8c,1ca90a2d-2943-483d-b678-b809bf464c30,SEA-AD: Seattle Alzheimer’s Disease Brain Cell Atlas,Vip - MTG: Seattle Alzheimer's Disease Atlas (SEA-AD),middle temporal gyrus,Homo sapiens,10x 3' v3; 10x multiome,false,104514,0,9686,0,exact current H5AD obs assay labels,10.1038/s41593-024-01774-5,https://cellxgene.cziscience.com/collections/1ca90a2d-2943-483d-b678-b809bf464c30,https://adknowledgeportal.synapse.org/Explore/Studies/DetailsPage/StudyData?Study=syn26223298,collection/repository link supplied,https://datasets.cellxgene.cziscience.com/d9d217bf-9a57-440c-9b0b-885185f94240.h5ad,https://registry.opendata.aws/allen-sea-ad-atlas/,H5AD,true,false,false,false,0,0: no multiome primary cells (derived row; avoids duplicate accounting),2306063290,exact sum of CELLxGENE asset sizes,2306063290,public,2026-08-01
CELLxGENE Discover,8c6ed88f-11bf-4159-bad7-ff41fb1e1eca,1ca90a2d-2943-483d-b678-b809bf464c30,SEA-AD: Seattle Alzheimer’s Disease Brain Cell Atlas,Chandelier - MTG: Seattle Alzheimer's Disease Atlas (SEA-AD),middle temporal gyrus,Homo sapiens,10x 3' v3; 10x multiome,false,10928,0,1035,0,exact current H5AD obs assay labels,10.1038/s41593-024-01774-5,https://cellxgene.cziscience.com/collections/1ca90a2d-2943-483d-b678-b809bf464c30,https://adknowledgeportal.synapse.org/Explore/Studies/DetailsPage/StudyData?Study=syn26223298,collection/repository link supplied,https://datasets.cellxgene.cziscience.com/be12502e-5883-45da-b07a-3980c0bc6b04.h5ad,https://registry.opendata.aws/allen-sea-ad-atlas/,H5AD,true,false,false,false,0,0: no multiome primary cells (derived row; avoids duplicate accounting),238745004,exact sum of CELLxGENE asset sizes,238745004,public,2026-08-01
CELLxGENE Discover,8a8aedcb-5bb3-453d-a9f0-f37951ae1515,1ca90a2d-2943-483d-b678-b809bf464c30,SEA-AD: Seattle Alzheimer’s Disease Brain Cell Atlas,L6b - MTG: Seattle Alzheimer's Disease Atlas (SEA-AD),middle temporal gyrus,Homo sapiens,10x 3' v3; 10x multiome,false,16227,0,1441,0,exact current H5AD obs assay labels,10.1038/s41593-024-01774-5,https://cellxgene.cziscience.com/collections/1ca90a2d-2943-483d-b678-b809bf464c30,https://adknowledgeportal.synapse.org/Explore/Studies/DetailsPage/StudyData?Study=syn26223298,collection/repository link supplied,https://datasets.cellxgene.cziscience.com/e54d4c11-5f48-4c00-8462-424cb6559eb2.h5ad,https://registry.opendata.aws/allen-sea-ad-atlas/,H5AD,true,false,false,false,0,0: no multiome primary cells (derived row; avoids duplicate accounting),602061225,exact sum of CELLxGENE asset sizes,602061225,public,2026-08-01
CELLxGENE Discover,81e91ff8-f619-4ad1-a0c3-b45e1dc63f68,1ca90a2d-2943-483d-b678-b809bf464c30,SEA-AD: Seattle Alzheimer’s Disease Brain Cell Atlas,Sst Chodl - MTG: Seattle Alzheimer's Disease Atlas (SEA-AD),middle temporal gyrus,Homo sapiens,10x 3' v3; 10x multiome,false,1496,0,186,0,exact current H5AD obs assay labels,10.1038/s41593-024-01774-5,https://cellxgene.cziscience.com/collections/1ca90a2d-2943-483d-b678-b809bf464c30,https://adknowledgeportal.synapse.org/Explore/Studies/DetailsPage/StudyData?Study=syn26223298,collection/repository link supplied,https://datasets.cellxgene.cziscience.com/51e6c0b9-a11d-40d1-8818-b1f96b701b3f.h5ad,https://registry.opendata.aws/allen-sea-ad-atlas/,H5AD,true,false,false,false,0,0: no multiome primary cells (derived row; avoids duplicate accounting),45889150,exact sum of CELLxGENE asset sizes,45889150,public,2026-08-01
CELLxGENE Discover,79d485a8-b8b1-49f2-85aa-c44e5206aa53,1ca90a2d-2943-483d-b678-b809bf464c30,SEA-AD: Seattle Alzheimer’s Disease Brain Cell Atlas,L6 IT Car3 - MTG: Seattle Alzheimer's Disease Atlas (SEA-AD),middle temporal gyrus,Homo sapiens,10x 3' v3; 10x multiome,false,26129,0,2592,0,exact current H5AD obs assay labels,10.1038/s41593-024-01774-5,https://cellxgene.cziscience.com/collections/1ca90a2d-2943-483d-b678-b809bf464c30,https://adknowledgeportal.synapse.org/Explore/Studies/DetailsPage/StudyData?Study=syn26223298,collection/repository link supplied,https://datasets.cellxgene.cziscience.com/b2e8ac41-9b16-4bba-b54c-23077bda35de.h5ad,https://registry.opendata.aws/allen-sea-ad-atlas/,H5AD,true,false,false,false,0,0: no multiome primary cells (derived row; avoids duplicate accounting),893234849,exact sum of CELLxGENE asset sizes,893234849,public,2026-08-01
CELLxGENE Discover,75e6eee5-d0e3-4291-9360-f288ffe6c7c4,1ca90a2d-2943-483d-b678-b809bf464c30,SEA-AD: Seattle Alzheimer’s Disease Brain Cell Atlas,L5/6 NP - MTG: Seattle Alzheimer's Disease Atlas (SEA-AD),middle temporal gyrus,Homo sapiens,10x 3' v3; 10x multiome,false,20741,0,2174,0,exact current H5AD obs assay labels,10.1038/s41593-024-01774-5,https://cellxgene.cziscience.com/collections/1ca90a2d-2943-483d-b678-b809bf464c30,https://adknowledgeportal.synapse.org/Explore/Studies/DetailsPage/StudyData?Study=syn26223298,collection/repository link supplied,https://datasets.cellxgene.cziscience.com/2bc996ec-ff6c-4da0-8cbd-70df3cc8bcbc.h5ad,https://registry.opendata.aws/allen-sea-ad-atlas/,H5AD,true,false,false,false,0,0: no multiome primary cells (derived row; avoids duplicate accounting),599703488,exact sum of CELLxGENE asset sizes,599703488,public,2026-08-01
CELLxGENE Discover,605b89b1-c474-4180-8c0b-88afb5920991,1ca90a2d-2943-483d-b678-b809bf464c30,SEA-AD: Seattle Alzheimer’s Disease Brain Cell Atlas,L5 IT - MTG: Seattle Alzheimer's Disease Atlas (SEA-AD),middle temporal gyrus,Homo sapiens,10x 3' v3; 10x multiome,false,128090,0,14792,0,exact current H5AD obs assay labels,10.1038/s41593-024-01774-5,https://cellxgene.cziscience.com/collections/1ca90a2d-2943-483d-b678-b809bf464c30,https://adknowledgeportal.synapse.org/Explore/Studies/DetailsPage/StudyData?Study=syn26223298,collection/repository link supplied,https://datasets.cellxgene.cziscience.com/4776ed90-3953-4c30-bc24-092d258a443b.h5ad,https://registry.opendata.aws/allen-sea-ad-atlas/,H5AD,true,false,false,false,0,0: no multiome primary cells (derived row; avoids duplicate accounting),4259302566,exact sum of CELLxGENE asset sizes,4259302566,public,2026-08-01
CELLxGENE Discover,5ae6ab72-1927-4d5b-9826-86be65791293,1ca90a2d-2943-483d-b678-b809bf464c30,SEA-AD: Seattle Alzheimer’s Disease Brain Cell Atlas,Sncg - MTG: Seattle Alzheimer's Disease Atlas (SEA-AD),middle temporal gyrus,Homo sapiens,10x 3' v3; 10x multiome,false,22168,0,1987,0,exact current H5AD obs assay labels,10.1038/s41593-024-01774-5,https://cellxgene.cziscience.com/collections/1ca90a2d-2943-483d-b678-b809bf464c30,https://adknowledgeportal.synapse.org/Explore/Studies/DetailsPage/StudyData?Study=syn26223298,collection/repository link supplied,https://datasets.cellxgene.cziscience.com/66052eb8-f3d5-4244-8be6-1345943f84aa.h5ad,https://registry.opendata.aws/allen-sea-ad-atlas/,H5AD,true,false,false,false,0,0: no multiome primary cells (derived row; avoids duplicate accounting),444458349,exact sum of CELLxGENE asset sizes,444458349,public,2026-08-01
CELLxGENE Discover,5097d77d-08fa-4105-a18f-4072d61522a4,1ca90a2d-2943-483d-b678-b809bf464c30,SEA-AD: Seattle Alzheimer’s Disease Brain Cell Atlas,Astrocyte - MTG: Seattle Alzheimer's Disease Atlas (SEA-AD),middle temporal gyrus,Homo sapiens,10x 3' v3; 10x multiome,false,70009,0,7762,0,exact current H5AD obs assay labels,10.1038/s41593-024-01774-5,https://cellxgene.cziscience.com/collections/1ca90a2d-2943-483d-b678-b809bf464c30,https://adknowledgeportal.synapse.org/Explore/Studies/DetailsPage/StudyData?Study=syn26223298,collection/repository link supplied,https://datasets.cellxgene.cziscience.com/53f96bc7-3f23-444c-aa4f-4c69d62906bd.h5ad,https://registry.opendata.aws/allen-sea-ad-atlas/,H5AD,true,false,false,false,0,0: no multiome primary cells (derived row; avoids duplicate accounting),1218776009,exact sum of CELLxGENE asset sizes,1218776009,public,2026-08-01
CELLxGENE Discover,3e87b1fa-472a-401c-8fa8-f31c10437d5f,1ca90a2d-2943-483d-b678-b809bf464c30,SEA-AD: Seattle Alzheimer’s Disease Brain Cell Atlas,Endothelial - MTG: Seattle Alzheimer's Disease Atlas (SEA-AD),middle temporal gyrus,Homo sapiens,10x 3' v3; 10x multiome,false,2069,0,96,0,exact current H5AD obs assay labels,10.1038/s41593-024-01774-5,https://cellxgene.cziscience.com/collections/1ca90a2d-2943-483d-b678-b809bf464c30,https://adknowledgeportal.synapse.org/Explore/Studies/DetailsPage/StudyData?Study=syn26223298,collection/repository link supplied,https://datasets.cellxgene.cziscience.com/69d18d59-a55c-43cf-9abf-5ed7bb31b39b.h5ad,https://registry.opendata.aws/allen-sea-ad-atlas/,H5AD,true,false,false,false,0,0: no multiome primary cells (derived row; avoids duplicate accounting),33567319,exact sum of CELLxGENE asset sizes,33567319,public,2026-08-01
CELLxGENE Discover,236baeda-5fdd-41bf-8e32-bae21ac7d435,1ca90a2d-2943-483d-b678-b809bf464c30,SEA-AD: Seattle Alzheimer’s Disease Brain Cell Atlas,VLMC - MTG: Seattle Alzheimer's Disease Atlas (SEA-AD),middle temporal gyrus,Homo sapiens,10x 3' v3; 10x multiome,false,4328,0,391,0,exact current H5AD obs assay labels,10.1038/s41593-024-01774-5,https://cellxgene.cziscience.com/collections/1ca90a2d-2943-483d-b678-b809bf464c30,https://adknowledgeportal.synapse.org/Explore/Studies/DetailsPage/StudyData?Study=syn26223298,collection/repository link supplied,https://datasets.cellxgene.cziscience.com/60fdbb86-8c6e-48ec-9dd3-2bf2c9e883ea.h5ad,https://registry.opendata.aws/allen-sea-ad-atlas/,H5AD,true,false,false,false,0,0: no multiome primary cells (derived row; avoids duplicate accounting),63928770,exact sum of CELLxGENE asset sizes,63928770,public,2026-08-01
CELLxGENE Discover,1c05b7ae-4dfb-4c1b-a441-4b23c04b169e,1ca90a2d-2943-483d-b678-b809bf464c30,SEA-AD: Seattle Alzheimer’s Disease Brain Cell Atlas,OPC - MTG: Seattle Alzheimer's Disease Atlas (SEA-AD),middle temporal gyrus,Homo sapiens,10x 3' v3; 10x multiome,false,32493,0,3317,0,exact current H5AD obs assay labels,10.1038/s41593-024-01774-5,https://cellxgene.cziscience.com/collections/1ca90a2d-2943-483d-b678-b809bf464c30,https://adknowledgeportal.synapse.org/Explore/Studies/DetailsPage/StudyData?Study=syn26223298,collection/repository link supplied,https://datasets.cellxgene.cziscience.com/01a8996c-8817-43c5-ac45-d66342ddb97e.h5ad,https://registry.opendata.aws/allen-sea-ad-atlas/,H5AD,true,false,false,false,0,0: no multiome primary cells (derived row; avoids duplicate accounting),577626436,exact sum of CELLxGENE asset sizes,577626436,public,2026-08-01
CELLxGENE Discover,146216e1-ec30-4fee-a1fb-25defe801e2d,1ca90a2d-2943-483d-b678-b809bf464c30,SEA-AD: Seattle Alzheimer’s Disease Brain Cell Atlas,Sst - MTG: Seattle Alzheimer's Disease Atlas (SEA-AD),middle temporal gyrus,Homo sapiens,10x 3' v3; 10x multiome,false,58265,0,5561,0,exact current H5AD obs assay labels,10.1038/s41593-024-01774-5,https://cellxgene.cziscience.com/collections/1ca90a2d-2943-483d-b678-b809bf464c30,https://adknowledgeportal.synapse.org/Explore/Studies/DetailsPage/StudyData?Study=syn26223298,collection/repository link supplied,https://datasets.cellxgene.cziscience.com/c3e6574c-c9ed-4495-9ccd-44146565c8f0.h5ad,https://registry.opendata.aws/allen-sea-ad-atlas/,H5AD,true,false,false,false,0,0: no multiome primary cells (derived row; avoids duplicate accounting),1166990505,exact sum of CELLxGENE asset sizes,1166990505,public,2026-08-01
CELLxGENE Discover,07428d73-fdea-4bd4-a801-94b00c4d961c,1ca90a2d-2943-483d-b678-b809bf464c30,SEA-AD: Seattle Alzheimer’s Disease Brain Cell Atlas,L5 ET - MTG: Seattle Alzheimer's Disease Atlas (SEA-AD),middle temporal gyrus,Homo sapiens,10x 3' v3; 10x multiome,false,2590,0,229,0,exact current H5AD obs assay labels,10.1038/s41593-024-01774-5,https://cellxgene.cziscience.com/collections/1ca90a2d-2943-483d-b678-b809bf464c30,https://adknowledgeportal.synapse.org/Explore/Studies/DetailsPage/StudyData?Study=syn26223298,collection/repository link supplied,https://datasets.cellxgene.cziscience.com/823d1b25-bebd-4481-aab5-a302850aebf1.h5ad,https://registry.opendata.aws/allen-sea-ad-atlas/,H5AD,true,false,false,false,0,0: no multiome primary cells (derived row; avoids duplicate accounting),118638595,exact sum of CELLxGENE asset sizes,118638595,public,2026-08-01
10x Genomics,10-k-human-pbm-cs-multiome-v-1-0-chromium-controller-1-standard-2-0-0,,10x Genomics public datasets,"10k Human PBMCs, Multiome v1.0, Chromium Controller",Blood,Human,10x multiome,true,10691,10691,10691,10691,provider-reported recovered nuclei,,https://www.10xgenomics.com/datasets/10-k-human-pbm-cs-multiome-v-1-0-chromium-controller-1-standard-2-0-0,https://s3-us-west-2.amazonaws.com/10x.files/samples/cell-arc/2.0.0/10k_PBMC_Multiome_nextgem_Chromium_Controller/10k_PBMC_Multiome_nextgem_Chromium_Controller_fastqs.tar; https://cf.10xgenomics.com/samples/cell-arc/2.0.0/10k_PBMC_Multiome_nextgem_Chromium_Controller/10k_PBMC_Multiome_nextgem_Chromium_Controller_library.csv,direct FASTQ/input asset supplied,https://cf.10xgenomics.com/samples/cell-arc/2.0.0/10k_PBMC_Multiome_nextgem_Chromium_Controller/10k_PBMC_Multiome_nextgem_Chromium_Controller_cloupe.cloupe; https://cf.10xgenomics.com/samples/cell-arc/2.0.0/10k_PBMC_Multiome_nextgem_Chromium_Controller/10k_PBMC_Multiome_nextgem_Chromium_Controller_analysis.tar.gz; https://cf.10xgenomics.com/samples/cell-arc/2.0.0/10k_PBMC_Multiome_nextgem_Chromium_Controller/10k_PBMC_Multiome_nextgem_Chromium_Controller_web_summary.html; https://cf.10xgenomics.com/samples/cell-arc/2.0.0/10k_PBMC_Multiome_nextgem_Chromium_Controller/10k_PBMC_Multiome_nextgem_Chromium_Controller_summary.csv; https://cf.10xgenomics.com/samples/cell-arc/2.0.0/10k_PBMC_Multiome_nextgem_Chromium_Controller/10k_PBMC_Multiome_nextgem_Chromium_Controller_per_barcode_metrics.csv; https://cf.10xgenomics.com/samples/cell-arc/2.0.0/10k_PBMC_Multiome_nextgem_Chromium_Controller/10k_PBMC_Multiome_nextgem_Chromium_Controller_filtered_feature_bc_matrix.tar.gz; https://cf.10xgenomics.com/samples/cell-arc/2.0.0/10k_PBMC_Multiome_nextgem_Chromium_Controller/10k_PBMC_Multiome_nextgem_Chromium_Controller_filtered_feature_bc_matrix.h5; https://cf.10xgenomics.com/samples/cell-arc/2.0.0/10k_PBMC_Multiome_nextgem_Chromium_Controller/10k_PBMC_Multiome_nextgem_Chromium_Controller_raw_feature_bc_matrix.tar.gz; https://cf.10xgenomics.com/samples/cell-arc/2.0.0/10k_PBMC_Multiome_nextgem_Chromium_Controller/10k_PBMC_Multiome_nextgem_Chromium_Controller_raw_feature_bc_matrix.h5; https://s3-us-west-2.amazonaws.com/10x.files/samples/cell-arc/2.0.0/10k_PBMC_Multiome_nextgem_Chromium_Controller/10k_PBMC_Multiome_nextgem_Chromium_Controller_gex_possorted_bam.bam; https://cf.10xgenomics.com/samples/cell-arc/2.0.0/10k_PBMC_Multiome_nextgem_Chromium_Controller/10k_PBMC_Multiome_nextgem_Chromium_Controller_gex_possorted_bam.bam.bai; https://cf.10xgenomics.com/samples/cell-arc/2.0.0/10k_PBMC_Multiome_nextgem_Chromium_Controller/10k_PBMC_Multiome_nextgem_Chromium_Controller_gex_molecule_info.h5; https://s3-us-west-2.amazonaws.com/10x.files/samples/cell-arc/2.0.0/10k_PBMC_Multiome_nextgem_Chromium_Controller/10k_PBMC_Multiome_nextgem_Chromium_Controller_atac_possorted_bam.bam; https://cf.10xgenomics.com/samples/cell-arc/2.0.0/10k_PBMC_Multiome_nextgem_Chromium_Controller/10k_PBMC_Multiome_nextgem_Chromium_Controller_atac_possorted_bam.bam.bai; https://cf.10xgenomics.com/samples/cell-arc/2.0.0/10k_PBMC_Multiome_nextgem_Chromium_Controller/10k_PBMC_Multiome_nextgem_Chromium_Controller_atac_fragments.tsv.gz; https://cf.10xgenomics.com/samples/cell-arc/2.0.0/10k_PBMC_Multiome_nextgem_Chromium_Controller/10k_PBMC_Multiome_nextgem_Chromium_Controller_atac_fragments.tsv.gz.tbi; https://cf.10xgenomics.com/samples/cell-arc/2.0.0/10k_PBMC_Multiome_nextgem_Chromium_Controller/10k_PBMC_Multiome_nextgem_Chromium_Controller_atac_peaks.bed; https://cf.10xgenomics.com/samples/cell-arc/2.0.0/10k_PBMC_Multiome_nextgem_Chromium_Controller/10k_PBMC_Multiome_nextgem_Chromium_Controller_atac_cut_sites.bigwig; https://cf.10xgenomics.com/samples/cell-arc/2.0.0/10k_PBMC_Multiome_nextgem_Chromium_Controller/10k_PBMC_Multiome_nextgem_Chromium_Controller_atac_peak_annotation.tsv,,BAI; BAM; BED; CLOUPE; CSV; FASTQ; GZ; H5; HTML; TBI; TSV; bigwig; fragment,false,true,true,true,106991974807,exact sum of 10x input asset sizes,105609976445,exact sum of 10x output/summary asset sizes,212601951252,public,2026-08-01
10x Genomics,10-k-human-pbm-cs-multiome-v-1-0-chromium-x-1-standard-2-0-0,,10x Genomics public datasets,"10k Human PBMCs, Multiome v1.0, Chromium X",Blood,Human,10x multiome,true,10970,10970,10970,10970,provider-reported recovered nuclei,,https://www.10xgenomics.com/datasets/10-k-human-pbm-cs-multiome-v-1-0-chromium-x-1-standard-2-0-0,https://s3-us-west-2.amazonaws.com/10x.files/samples/cell-arc/2.0.0/10k_PBMC_Multiome_nextgem_Chromium_X/10k_PBMC_Multiome_nextgem_Chromium_X_fastqs.tar; https://cf.10xgenomics.com/samples/cell-arc/2.0.0/10k_PBMC_Multiome_nextgem_Chromium_X/10k_PBMC_Multiome_nextgem_Chromium_X_library.csv,direct FASTQ/input asset supplied,https://cf.10xgenomics.com/samples/cell-arc/2.0.0/10k_PBMC_Multiome_nextgem_Chromium_X/10k_PBMC_Multiome_nextgem_Chromium_X_cloupe.cloupe; https://cf.10xgenomics.com/samples/cell-arc/2.0.0/10k_PBMC_Multiome_nextgem_Chromium_X/10k_PBMC_Multiome_nextgem_Chromium_X_analysis.tar.gz; https://cf.10xgenomics.com/samples/cell-arc/2.0.0/10k_PBMC_Multiome_nextgem_Chromium_X/10k_PBMC_Multiome_nextgem_Chromium_X_web_summary.html; https://cf.10xgenomics.com/samples/cell-arc/2.0.0/10k_PBMC_Multiome_nextgem_Chromium_X/10k_PBMC_Multiome_nextgem_Chromium_X_summary.csv; https://cf.10xgenomics.com/samples/cell-arc/2.0.0/10k_PBMC_Multiome_nextgem_Chromium_X/10k_PBMC_Multiome_nextgem_Chromium_X_per_barcode_metrics.csv; https://cf.10xgenomics.com/samples/cell-arc/2.0.0/10k_PBMC_Multiome_nextgem_Chromium_X/10k_PBMC_Multiome_nextgem_Chromium_X_filtered_feature_bc_matrix.tar.gz; https://cf.10xgenomics.com/samples/cell-arc/2.0.0/10k_PBMC_Multiome_nextgem_Chromium_X/10k_PBMC_Multiome_nextgem_Chromium_X_filtered_feature_bc_matrix.h5; https://cf.10xgenomics.com/samples/cell-arc/2.0.0/10k_PBMC_Multiome_nextgem_Chromium_X/10k_PBMC_Multiome_nextgem_Chromium_X_raw_feature_bc_matrix.tar.gz; https://cf.10xgenomics.com/samples/cell-arc/2.0.0/10k_PBMC_Multiome_nextgem_Chromium_X/10k_PBMC_Multiome_nextgem_Chromium_X_raw_feature_bc_matrix.h5; https://s3-us-west-2.amazonaws.com/10x.files/samples/cell-arc/2.0.0/10k_PBMC_Multiome_nextgem_Chromium_X/10k_PBMC_Multiome_nextgem_Chromium_X_gex_possorted_bam.bam; https://cf.10xgenomics.com/samples/cell-arc/2.0.0/10k_PBMC_Multiome_nextgem_Chromium_X/10k_PBMC_Multiome_nextgem_Chromium_X_gex_possorted_bam.bam.bai; https://cf.10xgenomics.com/samples/cell-arc/2.0.0/10k_PBMC_Multiome_nextgem_Chromium_X/10k_PBMC_Multiome_nextgem_Chromium_X_gex_molecule_info.h5; https://s3-us-west-2.amazonaws.com/10x.files/samples/cell-arc/2.0.0/10k_PBMC_Multiome_nextgem_Chromium_X/10k_PBMC_Multiome_nextgem_Chromium_X_atac_possorted_bam.bam; https://cf.10xgenomics.com/samples/cell-arc/2.0.0/10k_PBMC_Multiome_nextgem_Chromium_X/10k_PBMC_Multiome_nextgem_Chromium_X_atac_possorted_bam.bam.bai; https://cf.10xgenomics.com/samples/cell-arc/2.0.0/10k_PBMC_Multiome_nextgem_Chromium_X/10k_PBMC_Multiome_nextgem_Chromium_X_atac_fragments.tsv.gz; https://cf.10xgenomics.com/samples/cell-arc/2.0.0/10k_PBMC_Multiome_nextgem_Chromium_X/10k_PBMC_Multiome_nextgem_Chromium_X_atac_fragments.tsv.gz.tbi; https://cf.10xgenomics.com/samples/cell-arc/2.0.0/10k_PBMC_Multiome_nextgem_Chromium_X/10k_PBMC_Multiome_nextgem_Chromium_X_atac_peaks.bed; https://cf.10xgenomics.com/samples/cell-arc/2.0.0/10k_PBMC_Multiome_nextgem_Chromium_X/10k_PBMC_Multiome_nextgem_Chromium_X_atac_cut_sites.bigwig; https://cf.10xgenomics.com/samples/cell-arc/2.0.0/10k_PBMC_Multiome_nextgem_Chromium_X/10k_PBMC_Multiome_nextgem_Chromium_X_atac_peak_annotation.tsv,,BAI; BAM; BED; CLOUPE; CSV; FASTQ; GZ; H5; HTML; TBI; TSV; bigwig; fragment,false,true,true,true,107754854753,exact sum of 10x input asset sizes,106058860569,exact sum of 10x output/summary asset sizes,213813715322,public,2026-08-01
10x Genomics,fresh-embryonic-e-18-mouse-brain-5-k-1-standard-1-0-0,,10x Genomics public datasets,Fresh Embryonic E18 Mouse Brain (5k),Cortex; Hippocampus; Ventricular Zone; Brain,Mouse,10x multiome,true,4881,4881,4881,4881,provider-reported recovered nuclei,,https://www.10xgenomics.com/datasets/fresh-embryonic-e-18-mouse-brain-5-k-1-standard-1-0-0,https://s3-us-west-2.amazonaws.com/10x.files/samples/cell-arc/1.0.0/e18_mouse_brain_fresh_5k/e18_mouse_brain_fresh_5k_fastqs.tar; https://cf.10xgenomics.com/samples/cell-arc/1.0.0/e18_mouse_brain_fresh_5k/e18_mouse_brain_fresh_5k_library.csv,direct FASTQ/input asset supplied,https://cf.10xgenomics.com/samples/cell-arc/1.0.0/e18_mouse_brain_fresh_5k/e18_mouse_brain_fresh_5k_cloupe.cloupe; https://cf.10xgenomics.com/samples/cell-arc/1.0.0/e18_mouse_brain_fresh_5k/e18_mouse_brain_fresh_5k_analysis.tar.gz; https://cf.10xgenomics.com/samples/cell-arc/1.0.0/e18_mouse_brain_fresh_5k/e18_mouse_brain_fresh_5k_web_summary.html; https://cf.10xgenomics.com/samples/cell-arc/1.0.0/e18_mouse_brain_fresh_5k/e18_mouse_brain_fresh_5k_summary.csv; https://cf.10xgenomics.com/samples/cell-arc/1.0.0/e18_mouse_brain_fresh_5k/e18_mouse_brain_fresh_5k_per_barcode_metrics.csv; https://cf.10xgenomics.com/samples/cell-arc/1.0.0/e18_mouse_brain_fresh_5k/e18_mouse_brain_fresh_5k_filtered_feature_bc_matrix.tar.gz; https://cf.10xgenomics.com/samples/cell-arc/1.0.0/e18_mouse_brain_fresh_5k/e18_mouse_brain_fresh_5k_filtered_feature_bc_matrix.h5; https://cf.10xgenomics.com/samples/cell-arc/1.0.0/e18_mouse_brain_fresh_5k/e18_mouse_brain_fresh_5k_raw_feature_bc_matrix.tar.gz; https://cf.10xgenomics.com/samples/cell-arc/1.0.0/e18_mouse_brain_fresh_5k/e18_mouse_brain_fresh_5k_raw_feature_bc_matrix.h5; https://s3-us-west-2.amazonaws.com/10x.files/samples/cell-arc/1.0.0/e18_mouse_brain_fresh_5k/e18_mouse_brain_fresh_5k_gex_possorted_bam.bam; https://cf.10xgenomics.com/samples/cell-arc/1.0.0/e18_mouse_brain_fresh_5k/e18_mouse_brain_fresh_5k_gex_possorted_bam.bam.bai; https://cf.10xgenomics.com/samples/cell-arc/1.0.0/e18_mouse_brain_fresh_5k/e18_mouse_brain_fresh_5k_gex_molecule_info.h5; https://cf.10xgenomics.com/samples/cell-arc/1.0.0/e18_mouse_brain_fresh_5k/e18_mouse_brain_fresh_5k_atac_possorted_bam.bam; https://cf.10xgenomics.com/samples/cell-arc/1.0.0/e18_mouse_brain_fresh_5k/e18_mouse_brain_fresh_5k_atac_possorted_bam.bam.bai; https://cf.10xgenomics.com/samples/cell-arc/1.0.0/e18_mouse_brain_fresh_5k/e18_mouse_brain_fresh_5k_atac_fragments.tsv.gz; https://cf.10xgenomics.com/samples/cell-arc/1.0.0/e18_mouse_brain_fresh_5k/e18_mouse_brain_fresh_5k_atac_fragments.tsv.gz.tbi; https://cf.10xgenomics.com/samples/cell-arc/1.0.0/e18_mouse_brain_fresh_5k/e18_mouse_brain_fresh_5k_atac_peaks.bed; https://cf.10xgenomics.com/samples/cell-arc/1.0.0/e18_mouse_brain_fresh_5k/e18_mouse_brain_fresh_5k_atac_cut_sites.bigwig; https://cf.10xgenomics.com/samples/cell-arc/1.0.0/e18_mouse_brain_fresh_5k/e18_mouse_brain_fresh_5k_atac_peak_annotation.tsv,,BAI; BAM; BED; CLOUPE; CSV; FASTQ; GZ; H5; HTML; TBI; TSV; bigwig; fragment,false,true,true,true,60043028688,exact sum of 10x input asset sizes,52994778750,exact sum of 10x output/summary asset sizes,113037807438,public,2026-08-01
10x Genomics,fresh-embryonic-e-18-mouse-brain-5-k-1-standard-2-0-0,,10x Genomics public datasets,Fresh Embryonic E18 Mouse Brain (5k),Cortex; Hippocampus; Ventricular Zone; Brain,Mouse,10x multiome,true,4878,4878,4878,4878,provider-reported recovered nuclei,,https://www.10xgenomics.com/datasets/fresh-embryonic-e-18-mouse-brain-5-k-1-standard-2-0-0,https://s3-us-west-2.amazonaws.com/10x.files/samples/cell-arc/2.0.0/e18_mouse_brain_fresh_5k/e18_mouse_brain_fresh_5k_fastqs.tar; https://cf.10xgenomics.com/samples/cell-arc/2.0.0/e18_mouse_brain_fresh_5k/e18_mouse_brain_fresh_5k_library.csv,direct FASTQ/input asset supplied,https://cf.10xgenomics.com/samples/cell-arc/2.0.0/e18_mouse_brain_fresh_5k/e18_mouse_brain_fresh_5k_cloupe.cloupe; https://cf.10xgenomics.com/samples/cell-arc/2.0.0/e18_mouse_brain_fresh_5k/e18_mouse_brain_fresh_5k_analysis.tar.gz; https://cf.10xgenomics.com/samples/cell-arc/2.0.0/e18_mouse_brain_fresh_5k/e18_mouse_brain_fresh_5k_web_summary.html; https://cf.10xgenomics.com/samples/cell-arc/2.0.0/e18_mouse_brain_fresh_5k/e18_mouse_brain_fresh_5k_summary.csv; https://cf.10xgenomics.com/samples/cell-arc/2.0.0/e18_mouse_brain_fresh_5k/e18_mouse_brain_fresh_5k_per_barcode_metrics.csv; https://cf.10xgenomics.com/samples/cell-arc/2.0.0/e18_mouse_brain_fresh_5k/e18_mouse_brain_fresh_5k_filtered_feature_bc_matrix.tar.gz; https://cf.10xgenomics.com/samples/cell-arc/2.0.0/e18_mouse_brain_fresh_5k/e18_mouse_brain_fresh_5k_filtered_feature_bc_matrix.h5; https://cf.10xgenomics.com/samples/cell-arc/2.0.0/e18_mouse_brain_fresh_5k/e18_mouse_brain_fresh_5k_raw_feature_bc_matrix.tar.gz; https://cf.10xgenomics.com/samples/cell-arc/2.0.0/e18_mouse_brain_fresh_5k/e18_mouse_brain_fresh_5k_raw_feature_bc_matrix.h5; https://s3-us-west-2.amazonaws.com/10x.files/samples/cell-arc/2.0.0/e18_mouse_brain_fresh_5k/e18_mouse_brain_fresh_5k_gex_possorted_bam.bam; https://cf.10xgenomics.com/samples/cell-arc/2.0.0/e18_mouse_brain_fresh_5k/e18_mouse_brain_fresh_5k_gex_possorted_bam.bam.bai; https://cf.10xgenomics.com/samples/cell-arc/2.0.0/e18_mouse_brain_fresh_5k/e18_mouse_brain_fresh_5k_gex_molecule_info.h5; https://cf.10xgenomics.com/samples/cell-arc/2.0.0/e18_mouse_brain_fresh_5k/e18_mouse_brain_fresh_5k_atac_possorted_bam.bam; https://cf.10xgenomics.com/samples/cell-arc/2.0.0/e18_mouse_brain_fresh_5k/e18_mouse_brain_fresh_5k_atac_possorted_bam.bam.bai; https://cf.10xgenomics.com/samples/cell-arc/2.0.0/e18_mouse_brain_fresh_5k/e18_mouse_brain_fresh_5k_atac_fragments.tsv.gz; https://cf.10xgenomics.com/samples/cell-arc/2.0.0/e18_mouse_brain_fresh_5k/e18_mouse_brain_fresh_5k_atac_fragments.tsv.gz.tbi; https://cf.10xgenomics.com/samples/cell-arc/2.0.0/e18_mouse_brain_fresh_5k/e18_mouse_brain_fresh_5k_atac_peaks.bed; https://cf.10xgenomics.com/samples/cell-arc/2.0.0/e18_mouse_brain_fresh_5k/e18_mouse_brain_fresh_5k_atac_cut_sites.bigwig; https://cf.10xgenomics.com/samples/cell-arc/2.0.0/e18_mouse_brain_fresh_5k/e18_mouse_brain_fresh_5k_atac_peak_annotation.tsv,,BAI; BAM; BED; CLOUPE; CSV; FASTQ; GZ; H5; HTML; TBI; TSV; bigwig; fragment,false,true,true,true,60043028688,exact sum of 10x input asset sizes,51449145487,exact sum of 10x output/summary asset sizes,111492174175,public,2026-08-01
10x Genomics,fresh-frozen-lymph-node-with-b-cell-lymphoma-14-k-sorted-nuclei-1-standard-1-0-0,,10x Genomics public datasets,Flash-Frozen Lymph Node with B Cell Lymphoma (14k Sorted Nuclei),Lymph Node,Human,10x multiome,true,14645,14645,14645,14645,provider-reported recovered nuclei,,https://www.10xgenomics.com/datasets/fresh-frozen-lymph-node-with-b-cell-lymphoma-14-k-sorted-nuclei-1-standard-1-0-0,https://s3-us-west-2.amazonaws.com/10x.files/samples/cell-arc/1.0.0/lymph_node_lymphoma_14k/lymph_node_lymphoma_14k_fastqs.tar; https://cf.10xgenomics.com/samples/cell-arc/1.0.0/lymph_node_lymphoma_14k/lymph_node_lymphoma_14k_library.csv,direct FASTQ/input asset supplied,https://cf.10xgenomics.com/samples/cell-arc/1.0.0/lymph_node_lymphoma_14k/lymph_node_lymphoma_14k_cloupe.cloupe; https://cf.10xgenomics.com/samples/cell-arc/1.0.0/lymph_node_lymphoma_14k/lymph_node_lymphoma_14k_analysis.tar.gz; https://cf.10xgenomics.com/samples/cell-arc/1.0.0/lymph_node_lymphoma_14k/lymph_node_lymphoma_14k_web_summary.html; https://cf.10xgenomics.com/samples/cell-arc/1.0.0/lymph_node_lymphoma_14k/lymph_node_lymphoma_14k_summary.csv; https://cf.10xgenomics.com/samples/cell-arc/1.0.0/lymph_node_lymphoma_14k/lymph_node_lymphoma_14k_per_barcode_metrics.csv; https://cf.10xgenomics.com/samples/cell-arc/1.0.0/lymph_node_lymphoma_14k/lymph_node_lymphoma_14k_filtered_feature_bc_matrix.tar.gz; https://cf.10xgenomics.com/samples/cell-arc/1.0.0/lymph_node_lymphoma_14k/lymph_node_lymphoma_14k_filtered_feature_bc_matrix.h5; https://cf.10xgenomics.com/samples/cell-arc/1.0.0/lymph_node_lymphoma_14k/lymph_node_lymphoma_14k_raw_feature_bc_matrix.tar.gz; https://cf.10xgenomics.com/samples/cell-arc/1.0.0/lymph_node_lymphoma_14k/lymph_node_lymphoma_14k_raw_feature_bc_matrix.h5; https://cf.10xgenomics.com/samples/cell-arc/1.0.0/lymph_node_lymphoma_14k/lymph_node_lymphoma_14k_gex_possorted_bam.bam; https://cf.10xgenomics.com/samples/cell-arc/1.0.0/lymph_node_lymphoma_14k/lymph_node_lymphoma_14k_gex_possorted_bam.bam.bai; https://cf.10xgenomics.com/samples/cell-arc/1.0.0/lymph_node_lymphoma_14k/lymph_node_lymphoma_14k_gex_molecule_info.h5; https://s3-us-west-2.amazonaws.com/10x.files/samples/cell-arc/1.0.0/lymph_node_lymphoma_14k/lymph_node_lymphoma_14k_atac_possorted_bam.bam; https://cf.10xgenomics.com/samples/cell-arc/1.0.0/lymph_node_lymphoma_14k/lymph_node_lymphoma_14k_atac_possorted_bam.bam.bai; https://cf.10xgenomics.com/samples/cell-arc/1.0.0/lymph_node_lymphoma_14k/lymph_node_lymphoma_14k_atac_fragments.tsv.gz; https://cf.10xgenomics.com/samples/cell-arc/1.0.0/lymph_node_lymphoma_14k/lymph_node_lymphoma_14k_atac_fragments.tsv.gz.tbi; https://cf.10xgenomics.com/samples/cell-arc/1.0.0/lymph_node_lymphoma_14k/lymph_node_lymphoma_14k_atac_peaks.bed; https://cf.10xgenomics.com/samples/cell-arc/1.0.0/lymph_node_lymphoma_14k/lymph_node_lymphoma_14k_atac_cut_sites.bigwig; https://cf.10xgenomics.com/samples/cell-arc/1.0.0/lymph_node_lymphoma_14k/lymph_node_lymphoma_14k_atac_peak_annotation.tsv,,BAI; BAM; BED; CLOUPE; CSV; FASTQ; GZ; H5; HTML; TBI; TSV; bigwig; fragment,false,true,true,true,70527989918,exact sum of 10x input asset sizes,79042797851,exact sum of 10x output/summary asset sizes,149570787769,public,2026-08-01
10x Genomics,fresh-frozen-lymph-node-with-b-cell-lymphoma-14-k-sorted-nuclei-1-standard-2-0-0,,10x Genomics public datasets,Flash-Frozen Lymph Node with B Cell Lymphoma (14k sorted nuclei),Lymph Node,Human,10x multiome,true,14566,14566,14566,14566,provider-reported recovered nuclei,,https://www.10xgenomics.com/datasets/fresh-frozen-lymph-node-with-b-cell-lymphoma-14-k-sorted-nuclei-1-standard-2-0-0,https://s3-us-west-2.amazonaws.com/10x.files/samples/cell-arc/2.0.0/lymph_node_lymphoma_14k/lymph_node_lymphoma_14k_fastqs.tar; https://cf.10xgenomics.com/samples/cell-arc/2.0.0/lymph_node_lymphoma_14k/lymph_node_lymphoma_14k_library.csv,direct FASTQ/input asset supplied,https://cf.10xgenomics.com/samples/cell-arc/2.0.0/lymph_node_lymphoma_14k/lymph_node_lymphoma_14k_cloupe.cloupe; https://cf.10xgenomics.com/samples/cell-arc/2.0.0/lymph_node_lymphoma_14k/lymph_node_lymphoma_14k_analysis.tar.gz; https://cf.10xgenomics.com/samples/cell-arc/2.0.0/lymph_node_lymphoma_14k/lymph_node_lymphoma_14k_web_summary.html; https://cf.10xgenomics.com/samples/cell-arc/2.0.0/lymph_node_lymphoma_14k/lymph_node_lymphoma_14k_summary.csv; https://cf.10xgenomics.com/samples/cell-arc/2.0.0/lymph_node_lymphoma_14k/lymph_node_lymphoma_14k_per_barcode_metrics.csv; https://cf.10xgenomics.com/samples/cell-arc/2.0.0/lymph_node_lymphoma_14k/lymph_node_lymphoma_14k_filtered_feature_bc_matrix.tar.gz; https://cf.10xgenomics.com/samples/cell-arc/2.0.0/lymph_node_lymphoma_14k/lymph_node_lymphoma_14k_filtered_feature_bc_matrix.h5; https://cf.10xgenomics.com/samples/cell-arc/2.0.0/lymph_node_lymphoma_14k/lymph_node_lymphoma_14k_raw_feature_bc_matrix.tar.gz; https://cf.10xgenomics.com/samples/cell-arc/2.0.0/lymph_node_lymphoma_14k/lymph_node_lymphoma_14k_raw_feature_bc_matrix.h5; https://cf.10xgenomics.com/samples/cell-arc/2.0.0/lymph_node_lymphoma_14k/lymph_node_lymphoma_14k_gex_possorted_bam.bam; https://cf.10xgenomics.com/samples/cell-arc/2.0.0/lymph_node_lymphoma_14k/lymph_node_lymphoma_14k_gex_possorted_bam.bam.bai; https://cf.10xgenomics.com/samples/cell-arc/2.0.0/lymph_node_lymphoma_14k/lymph_node_lymphoma_14k_gex_molecule_info.h5; https://s3-us-west-2.amazonaws.com/10x.files/samples/cell-arc/2.0.0/lymph_node_lymphoma_14k/lymph_node_lymphoma_14k_atac_possorted_bam.bam; https://cf.10xgenomics.com/samples/cell-arc/2.0.0/lymph_node_lymphoma_14k/lymph_node_lymphoma_14k_atac_possorted_bam.bam.bai; https://cf.10xgenomics.com/samples/cell-arc/2.0.0/lymph_node_lymphoma_14k/lymph_node_lymphoma_14k_atac_fragments.tsv.gz; https://cf.10xgenomics.com/samples/cell-arc/2.0.0/lymph_node_lymphoma_14k/lymph_node_lymphoma_14k_atac_fragments.tsv.gz.tbi; https://cf.10xgenomics.com/samples/cell-arc/2.0.0/lymph_node_lymphoma_14k/lymph_node_lymphoma_14k_atac_peaks.bed; https://cf.10xgenomics.com/samples/cell-arc/2.0.0/lymph_node_lymphoma_14k/lymph_node_lymphoma_14k_atac_cut_sites.bigwig; https://cf.10xgenomics.com/samples/cell-arc/2.0.0/lymph_node_lymphoma_14k/lymph_node_lymphoma_14k_atac_peak_annotation.tsv,,BAI; BAM; BED; CLOUPE; CSV; FASTQ; GZ; H5; HTML; TBI; TSV; bigwig; fragment,false,true,true,true,70527989966,exact sum of 10x input asset sizes,74187406562,exact sum of 10x output/summary asset sizes,144715396528,public,2026-08-01
10x Genomics,frozen-human-healthy-brain-tissue-3-k-1-standard-1-0-0,,10x Genomics public datasets,Flash-Frozen Human Healthy Brain Tissue (3k),Brain; Cerebellum,Human,10x multiome,true,3332,3332,3332,3332,provider-reported recovered nuclei,,https://www.10xgenomics.com/datasets/frozen-human-healthy-brain-tissue-3-k-1-standard-1-0-0,https://s3-us-west-2.amazonaws.com/10x.files/samples/cell-arc/1.0.0/human_brain_3k/human_brain_3k_fastqs.tar; https://cf.10xgenomics.com/samples/cell-arc/1.0.0/human_brain_3k/human_brain_3k_library.csv,direct FASTQ/input asset supplied,https://cf.10xgenomics.com/samples/cell-arc/1.0.0/human_brain_3k/human_brain_3k_cloupe.cloupe; https://cf.10xgenomics.com/samples/cell-arc/1.0.0/human_brain_3k/human_brain_3k_analysis.tar.gz; https://cf.10xgenomics.com/samples/cell-arc/1.0.0/human_brain_3k/human_brain_3k_web_summary.html; https://cf.10xgenomics.com/samples/cell-arc/1.0.0/human_brain_3k/human_brain_3k_summary.csv; https://cf.10xgenomics.com/samples/cell-arc/1.0.0/human_brain_3k/human_brain_3k_per_barcode_metrics.csv; https://cf.10xgenomics.com/samples/cell-arc/1.0.0/human_brain_3k/human_brain_3k_filtered_feature_bc_matrix.tar.gz; https://cf.10xgenomics.com/samples/cell-arc/1.0.0/human_brain_3k/human_brain_3k_filtered_feature_bc_matrix.h5; https://cf.10xgenomics.com/samples/cell-arc/1.0.0/human_brain_3k/human_brain_3k_raw_feature_bc_matrix.tar.gz; https://cf.10xgenomics.com/samples/cell-arc/1.0.0/human_brain_3k/human_brain_3k_raw_feature_bc_matrix.h5; https://s3-us-west-2.amazonaws.com/10x.files/samples/cell-arc/1.0.0/human_brain_3k/human_brain_3k_gex_possorted_bam.bam; https://cf.10xgenomics.com/samples/cell-arc/1.0.0/human_brain_3k/human_brain_3k_gex_possorted_bam.bam.bai; https://cf.10xgenomics.com/samples/cell-arc/1.0.0/human_brain_3k/human_brain_3k_gex_molecule_info.h5; https://s3-us-west-2.amazonaws.com/10x.files/samples/cell-arc/1.0.0/human_brain_3k/human_brain_3k_atac_possorted_bam.bam; https://cf.10xgenomics.com/samples/cell-arc/1.0.0/human_brain_3k/human_brain_3k_atac_possorted_bam.bam.bai; https://cf.10xgenomics.com/samples/cell-arc/1.0.0/human_brain_3k/human_brain_3k_atac_fragments.tsv.gz; https://cf.10xgenomics.com/samples/cell-arc/1.0.0/human_brain_3k/human_brain_3k_atac_fragments.tsv.gz.tbi; https://cf.10xgenomics.com/samples/cell-arc/1.0.0/human_brain_3k/human_brain_3k_atac_peaks.bed; https://cf.10xgenomics.com/samples/cell-arc/1.0.0/human_brain_3k/human_brain_3k_atac_cut_sites.bigwig; https://cf.10xgenomics.com/samples/cell-arc/1.0.0/human_brain_3k/human_brain_3k_atac_peak_annotation.tsv,,BAI; BAM; BED; CLOUPE; CSV; FASTQ; GZ; H5; HTML; TBI; TSV; bigwig; fragment,false,true,true,true,60701716648,exact sum of 10x input asset sizes,57476930221,exact sum of 10x output/summary asset sizes,118178646869,public,2026-08-01
10x Genomics,frozen-human-healthy-brain-tissue-3-k-1-standard-2-0-0,,10x Genomics public datasets,Flash-Frozen Human Healthy Brain Tissue (3k),Brain; Cerebellum,Human,10x multiome,true,3233,3233,3233,3233,provider-reported recovered nuclei,,https://www.10xgenomics.com/datasets/frozen-human-healthy-brain-tissue-3-k-1-standard-2-0-0,https://s3-us-west-2.amazonaws.com/10x.files/samples/cell-arc/2.0.0/human_brain_3k/human_brain_3k_fastqs.tar; https://cf.10xgenomics.com/samples/cell-arc/2.0.0/human_brain_3k/human_brain_3k_library.csv,direct FASTQ/input asset supplied,https://cf.10xgenomics.com/samples/cell-arc/2.0.0/human_brain_3k/human_brain_3k_cloupe.cloupe; https://cf.10xgenomics.com/samples/cell-arc/2.0.0/human_brain_3k/human_brain_3k_analysis.tar.gz; https://cf.10xgenomics.com/samples/cell-arc/2.0.0/human_brain_3k/human_brain_3k_web_summary.html; https://cf.10xgenomics.com/samples/cell-arc/2.0.0/human_brain_3k/human_brain_3k_summary.csv; https://cf.10xgenomics.com/samples/cell-arc/2.0.0/human_brain_3k/human_brain_3k_per_barcode_metrics.csv; https://cf.10xgenomics.com/samples/cell-arc/2.0.0/human_brain_3k/human_brain_3k_filtered_feature_bc_matrix.tar.gz; https://cf.10xgenomics.com/samples/cell-arc/2.0.0/human_brain_3k/human_brain_3k_filtered_feature_bc_matrix.h5; https://cf.10xgenomics.com/samples/cell-arc/2.0.0/human_brain_3k/human_brain_3k_raw_feature_bc_matrix.tar.gz; https://cf.10xgenomics.com/samples/cell-arc/2.0.0/human_brain_3k/human_brain_3k_raw_feature_bc_matrix.h5; https://s3-us-west-2.amazonaws.com/10x.files/samples/cell-arc/2.0.0/human_brain_3k/human_brain_3k_gex_possorted_bam.bam; https://cf.10xgenomics.com/samples/cell-arc/2.0.0/human_brain_3k/human_brain_3k_gex_possorted_bam.bam.bai; https://cf.10xgenomics.com/samples/cell-arc/2.0.0/human_brain_3k/human_brain_3k_gex_molecule_info.h5; https://s3-us-west-2.amazonaws.com/10x.files/samples/cell-arc/2.0.0/human_brain_3k/human_brain_3k_atac_possorted_bam.bam; https://cf.10xgenomics.com/samples/cell-arc/2.0.0/human_brain_3k/human_brain_3k_atac_possorted_bam.bam.bai; https://cf.10xgenomics.com/samples/cell-arc/2.0.0/human_brain_3k/human_brain_3k_atac_fragments.tsv.gz; https://cf.10xgenomics.com/samples/cell-arc/2.0.0/human_brain_3k/human_brain_3k_atac_fragments.tsv.gz.tbi; https://cf.10xgenomics.com/samples/cell-arc/2.0.0/human_brain_3k/human_brain_3k_atac_peaks.bed; https://cf.10xgenomics.com/samples/cell-arc/2.0.0/human_brain_3k/human_brain_3k_atac_cut_sites.bigwig; https://cf.10xgenomics.com/samples/cell-arc/2.0.0/human_brain_3k/human_brain_3k_atac_peak_annotation.tsv,,BAI; BAM; BED; CLOUPE; CSV; FASTQ; GZ; H5; HTML; TBI; TSV; bigwig; fragment,false,true,true,true,60701716648,exact sum of 10x input asset sizes,54531119088,exact sum of 10x output/summary asset sizes,115232835736,public,2026-08-01
10x Genomics,human-jejunum-nuclei-isolated-with-chromium-nuclei-isolation-kit-saltyez-protocol-and-10x-complex-tissue-dp-ct-sorted-and-ct-unsorted-1-standard,,10x Genomics public datasets,"Human Jejunum Nuclei Isolated with Chromium Nuclei Isolation Kit, SaltyEZ Protocol, and 10x Complex Tissue DP (CT Sorted and CT Unsorted)",Jejunum,Human,10x multiome,true,not reported,not reported,not reported,not reported,provider-reported recovered nuclei,,https://www.10xgenomics.com/datasets/human-jejunum-nuclei-isolated-with-chromium-nuclei-isolation-kit-saltyez-protocol-and-10x-complex-tissue-dp-ct-sorted-and-ct-unsorted-1-standard,https://cf.10xgenomics.com/samples/cell-arc/2.0.2/M_Jejunum_Chromium_Nuc_Isolation_vs_SaltyEZ_vs_ComplexTissueDP/M_Jejunum_Chromium_Nuc_Isolation_vs_SaltyEZ_vs_ComplexTissueDP_aggregation.csv,direct FASTQ/input asset supplied,https://cf.10xgenomics.com/samples/cell-arc/2.0.2/M_Jejunum_Chromium_Nuc_Isolation_vs_SaltyEZ_vs_ComplexTissueDP/M_Jejunum_Chromium_Nuc_Isolation_vs_SaltyEZ_vs_ComplexTissueDP_cloupe.cloupe; https://cf.10xgenomics.com/samples/cell-arc/2.0.2/M_Jejunum_Chromium_Nuc_Isolation_vs_SaltyEZ_vs_ComplexTissueDP/M_Jejunum_Chromium_Nuc_Isolation_vs_SaltyEZ_vs_ComplexTissueDP_analysis.tar.gz; https://cf.10xgenomics.com/samples/cell-arc/2.0.2/M_Jejunum_Chromium_Nuc_Isolation_vs_SaltyEZ_vs_ComplexTissueDP/M_Jejunum_Chromium_Nuc_Isolation_vs_SaltyEZ_vs_ComplexTissueDP_web_summary.html; https://cf.10xgenomics.com/samples/cell-arc/2.0.2/M_Jejunum_Chromium_Nuc_Isolation_vs_SaltyEZ_vs_ComplexTissueDP/M_Jejunum_Chromium_Nuc_Isolation_vs_SaltyEZ_vs_ComplexTissueDP_summary.csv; https://cf.10xgenomics.com/samples/cell-arc/2.0.2/M_Jejunum_Chromium_Nuc_Isolation_vs_SaltyEZ_vs_ComplexTissueDP/M_Jejunum_Chromium_Nuc_Isolation_vs_SaltyEZ_vs_ComplexTissueDP_filtered_feature_bc_matrix.tar.gz; https://cf.10xgenomics.com/samples/cell-arc/2.0.2/M_Jejunum_Chromium_Nuc_Isolation_vs_SaltyEZ_vs_ComplexTissueDP/M_Jejunum_Chromium_Nuc_Isolation_vs_SaltyEZ_vs_ComplexTissueDP_filtered_feature_bc_matrix.h5; https://cf.10xgenomics.com/samples/cell-arc/2.0.2/M_Jejunum_Chromium_Nuc_Isolation_vs_SaltyEZ_vs_ComplexTissueDP/M_Jejunum_Chromium_Nuc_Isolation_vs_SaltyEZ_vs_ComplexTissueDP_raw_feature_bc_matrix.tar.gz; https://cf.10xgenomics.com/samples/cell-arc/2.0.2/M_Jejunum_Chromium_Nuc_Isolation_vs_SaltyEZ_vs_ComplexTissueDP/M_Jejunum_Chromium_Nuc_Isolation_vs_SaltyEZ_vs_ComplexTissueDP_raw_feature_bc_matrix.h5; https://cf.10xgenomics.com/samples/cell-arc/2.0.2/M_Jejunum_Chromium_Nuc_Isolation_vs_SaltyEZ_vs_ComplexTissueDP/M_Jejunum_Chromium_Nuc_Isolation_vs_SaltyEZ_vs_ComplexTissueDP_atac_fragments.tsv.gz; https://cf.10xgenomics.com/samples/cell-arc/2.0.2/M_Jejunum_Chromium_Nuc_Isolation_vs_SaltyEZ_vs_ComplexTissueDP/M_Jejunum_Chromium_Nuc_Isolation_vs_SaltyEZ_vs_ComplexTissueDP_atac_fragments.tsv.gz.tbi; https://cf.10xgenomics.com/samples/cell-arc/2.0.2/M_Jejunum_Chromium_Nuc_Isolation_vs_SaltyEZ_vs_ComplexTissueDP/M_Jejunum_Chromium_Nuc_Isolation_vs_SaltyEZ_vs_ComplexTissueDP_atac_peaks.bed; https://cf.10xgenomics.com/samples/cell-arc/2.0.2/M_Jejunum_Chromium_Nuc_Isolation_vs_SaltyEZ_vs_ComplexTissueDP/M_Jejunum_Chromium_Nuc_Isolation_vs_SaltyEZ_vs_ComplexTissueDP_atac_peak_annotation.tsv,,BED; CLOUPE; CSV; GZ; H5; HTML; TBI; TSV; fragment,false,false,true,true,948,exact sum of 10x input asset sizes,6253673011,exact sum of 10x output/summary asset sizes,6253673959,public,2026-08-01
10x Genomics,human-kidney-cancer-nuclei-isolated-with-chromium-nuclei-isolation-kit-saltyez-protocol-and-10x-complex-tissue-dp-ct-sorted-and-ct-unsorted-1-standard,,10x Genomics public datasets,"Human Kidney Cancer Nuclei isolated with Chromium Nuclei Isolation Kit, SaltyEZ Protocol, and 10x Complex Tissue DP (CT Sorted and CT Unsorted)",Kidney,Human,10x multiome,true,not reported,not reported,not reported,not reported,provider-reported recovered nuclei,,https://www.10xgenomics.com/datasets/human-kidney-cancer-nuclei-isolated-with-chromium-nuclei-isolation-kit-saltyez-protocol-and-10x-complex-tissue-dp-ct-sorted-and-ct-unsorted-1-standard,https://cf.10xgenomics.com/samples/cell-arc/2.0.2/H_Kidney_Cancer_Chromium_Nuc_Iso_vs_SaltyEZ_vs_ComplexTissueDP/H_Kidney_Cancer_Chromium_Nuc_Iso_vs_SaltyEZ_vs_ComplexTissueDP_aggregation.csv,direct FASTQ/input asset supplied,https://cf.10xgenomics.com/samples/cell-arc/2.0.2/H_Kidney_Cancer_Chromium_Nuc_Iso_vs_SaltyEZ_vs_ComplexTissueDP/H_Kidney_Cancer_Chromium_Nuc_Iso_vs_SaltyEZ_vs_ComplexTissueDP_cloupe.cloupe; https://cf.10xgenomics.com/samples/cell-arc/2.0.2/H_Kidney_Cancer_Chromium_Nuc_Iso_vs_SaltyEZ_vs_ComplexTissueDP/H_Kidney_Cancer_Chromium_Nuc_Iso_vs_SaltyEZ_vs_ComplexTissueDP_analysis.tar.gz; https://cf.10xgenomics.com/samples/cell-arc/2.0.2/H_Kidney_Cancer_Chromium_Nuc_Iso_vs_SaltyEZ_vs_ComplexTissueDP/H_Kidney_Cancer_Chromium_Nuc_Iso_vs_SaltyEZ_vs_ComplexTissueDP_web_summary.html; https://cf.10xgenomics.com/samples/cell-arc/2.0.2/H_Kidney_Cancer_Chromium_Nuc_Iso_vs_SaltyEZ_vs_ComplexTissueDP/H_Kidney_Cancer_Chromium_Nuc_Iso_vs_SaltyEZ_vs_ComplexTissueDP_summary.csv; https://cf.10xgenomics.com/samples/cell-arc/2.0.2/H_Kidney_Cancer_Chromium_Nuc_Iso_vs_SaltyEZ_vs_ComplexTissueDP/H_Kidney_Cancer_Chromium_Nuc_Iso_vs_SaltyEZ_vs_ComplexTissueDP_filtered_feature_bc_matrix.tar.gz; https://cf.10xgenomics.com/samples/cell-arc/2.0.2/H_Kidney_Cancer_Chromium_Nuc_Iso_vs_SaltyEZ_vs_ComplexTissueDP/H_Kidney_Cancer_Chromium_Nuc_Iso_vs_SaltyEZ_vs_ComplexTissueDP_filtered_feature_bc_matrix.h5; https://cf.10xgenomics.com/samples/cell-arc/2.0.2/H_Kidney_Cancer_Chromium_Nuc_Iso_vs_SaltyEZ_vs_ComplexTissueDP/H_Kidney_Cancer_Chromium_Nuc_Iso_vs_SaltyEZ_vs_ComplexTissueDP_raw_feature_bc_matrix.tar.gz; https://cf.10xgenomics.com/samples/cell-arc/2.0.2/H_Kidney_Cancer_Chromium_Nuc_Iso_vs_SaltyEZ_vs_ComplexTissueDP/H_Kidney_Cancer_Chromium_Nuc_Iso_vs_SaltyEZ_vs_ComplexTissueDP_raw_feature_bc_matrix.h5; https://cf.10xgenomics.com/samples/cell-arc/2.0.2/H_Kidney_Cancer_Chromium_Nuc_Iso_vs_SaltyEZ_vs_ComplexTissueDP/H_Kidney_Cancer_Chromium_Nuc_Iso_vs_SaltyEZ_vs_ComplexTissueDP_atac_fragments.tsv.gz; https://cf.10xgenomics.com/samples/cell-arc/2.0.2/H_Kidney_Cancer_Chromium_Nuc_Iso_vs_SaltyEZ_vs_ComplexTissueDP/H_Kidney_Cancer_Chromium_Nuc_Iso_vs_SaltyEZ_vs_ComplexTissueDP_atac_fragments.tsv.gz.tbi; https://cf.10xgenomics.com/samples/cell-arc/2.0.2/H_Kidney_Cancer_Chromium_Nuc_Iso_vs_SaltyEZ_vs_ComplexTissueDP/H_Kidney_Cancer_Chromium_Nuc_Iso_vs_SaltyEZ_vs_ComplexTissueDP_atac_peaks.bed; https://cf.10xgenomics.com/samples/cell-arc/2.0.2/H_Kidney_Cancer_Chromium_Nuc_Iso_vs_SaltyEZ_vs_ComplexTissueDP/H_Kidney_Cancer_Chromium_Nuc_Iso_vs_SaltyEZ_vs_ComplexTissueDP_atac_peak_annotation.tsv,,BED; CLOUPE; CSV; GZ; H5; HTML; TBI; TSV; fragment,false,false,true,true,1044,exact sum of 10x input asset sizes,9930321179,exact sum of 10x output/summary asset sizes,9930322223,public,2026-08-01
10x Genomics,mouse-brain-nuclei-isolated-with-chromium-nuclei-isolation-kit-saltyez-protocol-and-10x-complex-tissue-dp-ct-sorted-and-ct-unsorted-1-standard,,10x Genomics public datasets,"Mouse Brain Nuclei Isolated with Chromium Nuclei Isolation Kit, SaltyEZ Protocol, and 10x Complex Tissue DP (CT Sorted and CT Unsorted)",Brain,Mouse,10x multiome,true,not reported,not reported,not reported,not reported,provider-reported recovered nuclei,,https://www.10xgenomics.com/datasets/mouse-brain-nuclei-isolated-with-chromium-nuclei-isolation-kit-saltyez-protocol-and-10x-complex-tissue-dp-ct-sorted-and-ct-unsorted-1-standard,https://cf.10xgenomics.com/samples/cell-arc/2.0.2/M_Brain_Chromium_Nuc_Isolation_vs_SaltyEZ_vs_ComplexTissueDP/M_Brain_Chromium_Nuc_Isolation_vs_SaltyEZ_vs_ComplexTissueDP_aggregation.csv,direct FASTQ/input asset supplied,https://cf.10xgenomics.com/samples/cell-arc/2.0.2/M_Brain_Chromium_Nuc_Isolation_vs_SaltyEZ_vs_ComplexTissueDP/M_Brain_Chromium_Nuc_Isolation_vs_SaltyEZ_vs_ComplexTissueDP_cloupe.cloupe; https://cf.10xgenomics.com/samples/cell-arc/2.0.2/M_Brain_Chromium_Nuc_Isolation_vs_SaltyEZ_vs_ComplexTissueDP/M_Brain_Chromium_Nuc_Isolation_vs_SaltyEZ_vs_ComplexTissueDP_analysis.tar.gz; https://cf.10xgenomics.com/samples/cell-arc/2.0.2/M_Brain_Chromium_Nuc_Isolation_vs_SaltyEZ_vs_ComplexTissueDP/M_Brain_Chromium_Nuc_Isolation_vs_SaltyEZ_vs_ComplexTissueDP_web_summary.html; https://cf.10xgenomics.com/samples/cell-arc/2.0.2/M_Brain_Chromium_Nuc_Isolation_vs_SaltyEZ_vs_ComplexTissueDP/M_Brain_Chromium_Nuc_Isolation_vs_SaltyEZ_vs_ComplexTissueDP_summary.csv; https://cf.10xgenomics.com/samples/cell-arc/2.0.2/M_Brain_Chromium_Nuc_Isolation_vs_SaltyEZ_vs_ComplexTissueDP/M_Brain_Chromium_Nuc_Isolation_vs_SaltyEZ_vs_ComplexTissueDP_filtered_feature_bc_matrix.tar.gz; https://cf.10xgenomics.com/samples/cell-arc/2.0.2/M_Brain_Chromium_Nuc_Isolation_vs_SaltyEZ_vs_ComplexTissueDP/M_Brain_Chromium_Nuc_Isolation_vs_SaltyEZ_vs_ComplexTissueDP_filtered_feature_bc_matrix.h5; https://cf.10xgenomics.com/samples/cell-arc/2.0.2/M_Brain_Chromium_Nuc_Isolation_vs_SaltyEZ_vs_ComplexTissueDP/M_Brain_Chromium_Nuc_Isolation_vs_SaltyEZ_vs_ComplexTissueDP_raw_feature_bc_matrix.tar.gz; https://cf.10xgenomics.com/samples/cell-arc/2.0.2/M_Brain_Chromium_Nuc_Isolation_vs_SaltyEZ_vs_ComplexTissueDP/M_Brain_Chromium_Nuc_Isolation_vs_SaltyEZ_vs_ComplexTissueDP_raw_feature_bc_matrix.h5; https://cf.10xgenomics.com/samples/cell-arc/2.0.2/M_Brain_Chromium_Nuc_Isolation_vs_SaltyEZ_vs_ComplexTissueDP/M_Brain_Chromium_Nuc_Isolation_vs_SaltyEZ_vs_ComplexTissueDP_atac_fragments.tsv.gz; https://cf.10xgenomics.com/samples/cell-arc/2.0.2/M_Brain_Chromium_Nuc_Isolation_vs_SaltyEZ_vs_ComplexTissueDP/M_Brain_Chromium_Nuc_Isolation_vs_SaltyEZ_vs_ComplexTissueDP_atac_fragments.tsv.gz.tbi; https://cf.10xgenomics.com/samples/cell-arc/2.0.2/M_Brain_Chromium_Nuc_Isolation_vs_SaltyEZ_vs_ComplexTissueDP/M_Brain_Chromium_Nuc_Isolation_vs_SaltyEZ_vs_ComplexTissueDP_atac_peaks.bed; https://cf.10xgenomics.com/samples/cell-arc/2.0.2/M_Brain_Chromium_Nuc_Isolation_vs_SaltyEZ_vs_ComplexTissueDP/M_Brain_Chromium_Nuc_Isolation_vs_SaltyEZ_vs_ComplexTissueDP_atac_peak_annotation.tsv,,BED; CLOUPE; CSV; GZ; H5; HTML; TBI; TSV; fragment,false,false,true,true,876,exact sum of 10x input asset sizes,11200511522,exact sum of 10x output/summary asset sizes,11200512398,public,2026-08-01
10x Genomics,mouse-kidney-nuclei-isolated-with-chromium-nuclei-isolation-kit-saltyez-protocol-and-10x-complex-tissue-dp-ct-sorted-and-ct-unsorted-1-standard,,10x Genomics public datasets,"Mouse Kidney Nuclei Isolated with Chromium Nuclei Isolation Kit, SaltyEZ Protocol, and 10x Complex Tissue DP (CT Sorted and CT Unsorted)",Kidney,Mouse,10x multiome,true,not reported,not reported,not reported,not reported,provider-reported recovered nuclei,,https://www.10xgenomics.com/datasets/mouse-kidney-nuclei-isolated-with-chromium-nuclei-isolation-kit-saltyez-protocol-and-10x-complex-tissue-dp-ct-sorted-and-ct-unsorted-1-standard,https://cf.10xgenomics.com/samples/cell-arc/2.0.2/M_Kidney_Chromium_Nuc_Isolation_vs_SaltyEZ_vs_ComplexTissueDP/M_Kidney_Chromium_Nuc_Isolation_vs_SaltyEZ_vs_ComplexTissueDP_aggregation.csv,direct FASTQ/input asset supplied,https://cf.10xgenomics.com/samples/cell-arc/2.0.2/M_Kidney_Chromium_Nuc_Isolation_vs_SaltyEZ_vs_ComplexTissueDP/M_Kidney_Chromium_Nuc_Isolation_vs_SaltyEZ_vs_ComplexTissueDP_cloupe.cloupe; https://cf.10xgenomics.com/samples/cell-arc/2.0.2/M_Kidney_Chromium_Nuc_Isolation_vs_SaltyEZ_vs_ComplexTissueDP/M_Kidney_Chromium_Nuc_Isolation_vs_SaltyEZ_vs_ComplexTissueDP_analysis.tar.gz; https://cf.10xgenomics.com/samples/cell-arc/2.0.2/M_Kidney_Chromium_Nuc_Isolation_vs_SaltyEZ_vs_ComplexTissueDP/M_Kidney_Chromium_Nuc_Isolation_vs_SaltyEZ_vs_ComplexTissueDP_web_summary.html; https://cf.10xgenomics.com/samples/cell-arc/2.0.2/M_Kidney_Chromium_Nuc_Isolation_vs_SaltyEZ_vs_ComplexTissueDP/M_Kidney_Chromium_Nuc_Isolation_vs_SaltyEZ_vs_ComplexTissueDP_summary.csv; https://cf.10xgenomics.com/samples/cell-arc/2.0.2/M_Kidney_Chromium_Nuc_Isolation_vs_SaltyEZ_vs_ComplexTissueDP/M_Kidney_Chromium_Nuc_Isolation_vs_SaltyEZ_vs_ComplexTissueDP_filtered_feature_bc_matrix.tar.gz; https://cf.10xgenomics.com/samples/cell-arc/2.0.2/M_Kidney_Chromium_Nuc_Isolation_vs_SaltyEZ_vs_ComplexTissueDP/M_Kidney_Chromium_Nuc_Isolation_vs_SaltyEZ_vs_ComplexTissueDP_filtered_feature_bc_matrix.h5; https://cf.10xgenomics.com/samples/cell-arc/2.0.2/M_Kidney_Chromium_Nuc_Isolation_vs_SaltyEZ_vs_ComplexTissueDP/M_Kidney_Chromium_Nuc_Isolation_vs_SaltyEZ_vs_ComplexTissueDP_raw_feature_bc_matrix.tar.gz; https://cf.10xgenomics.com/samples/cell-arc/2.0.2/M_Kidney_Chromium_Nuc_Isolation_vs_SaltyEZ_vs_ComplexTissueDP/M_Kidney_Chromium_Nuc_Isolation_vs_SaltyEZ_vs_ComplexTissueDP_raw_feature_bc_matrix.h5; https://cf.10xgenomics.com/samples/cell-arc/2.0.2/M_Kidney_Chromium_Nuc_Isolation_vs_SaltyEZ_vs_ComplexTissueDP/M_Kidney_Chromium_Nuc_Isolation_vs_SaltyEZ_vs_ComplexTissueDP_atac_fragments.tsv.gz; https://cf.10xgenomics.com/samples/cell-arc/2.0.2/M_Kidney_Chromium_Nuc_Isolation_vs_SaltyEZ_vs_ComplexTissueDP/M_Kidney_Chromium_Nuc_Isolation_vs_SaltyEZ_vs_ComplexTissueDP_atac_fragments.tsv.gz.tbi; https://cf.10xgenomics.com/samples/cell-arc/2.0.2/M_Kidney_Chromium_Nuc_Isolation_vs_SaltyEZ_vs_ComplexTissueDP/M_Kidney_Chromium_Nuc_Isolation_vs_SaltyEZ_vs_ComplexTissueDP_atac_peaks.bed; https://cf.10xgenomics.com/samples/cell-arc/2.0.2/M_Kidney_Chromium_Nuc_Isolation_vs_SaltyEZ_vs_ComplexTissueDP/M_Kidney_Chromium_Nuc_Isolation_vs_SaltyEZ_vs_ComplexTissueDP_atac_peak_annotation.tsv,,BED; CLOUPE; CSV; GZ; H5; HTML; TBI; TSV; fragment,false,false,true,true,1044,exact sum of 10x input asset sizes,7113915413,exact sum of 10x output/summary asset sizes,7113916457,public,2026-08-01
10x Genomics,multiome-gemx-10k-human-brain,,10x Genomics public datasets,"10k Human Brain Nuclei, Chromium GEM-X Epi Multiome with Automated Cell Annotation",Brain,Human,10x multiome,true,not reported,not reported,not reported,not reported,provider-reported recovered nuclei,,https://www.10xgenomics.com/datasets/multiome-gemx-10k-human-brain,https://s3-us-west-2.amazonaws.com/10x.files/samples/cell-arc/2.2.0/10k_Human_Brain_MO_gemx/10k_Human_Brain_MO_gemx_fastqs.tar; https://cf.10xgenomics.com/samples/cell-arc/2.2.0/10k_Human_Brain_MO_gemx/10k_Human_Brain_MO_gemx_library.csv,direct FASTQ/input asset supplied,https://cf.10xgenomics.com/samples/cell-arc/2.2.0/10k_Human_Brain_MO_gemx/10k_Human_Brain_MO_gemx_cloupe.cloupe; https://cf.10xgenomics.com/samples/cell-arc/2.2.0/10k_Human_Brain_MO_gemx/10k_Human_Brain_MO_gemx_analysis.tar.gz; https://cf.10xgenomics.com/samples/cell-arc/2.2.0/10k_Human_Brain_MO_gemx/10k_Human_Brain_MO_gemx_web_summary.html; https://cf.10xgenomics.com/samples/cell-arc/2.2.0/10k_Human_Brain_MO_gemx/10k_Human_Brain_MO_gemx_cell_types.tar.gz; https://cf.10xgenomics.com/samples/cell-arc/2.2.0/10k_Human_Brain_MO_gemx/10k_Human_Brain_MO_gemx_summary.csv; https://cf.10xgenomics.com/samples/cell-arc/2.2.0/10k_Human_Brain_MO_gemx/10k_Human_Brain_MO_gemx_per_barcode_metrics.csv; https://cf.10xgenomics.com/samples/cell-arc/2.2.0/10k_Human_Brain_MO_gemx/10k_Human_Brain_MO_gemx_filtered_feature_bc_matrix.tar.gz; https://cf.10xgenomics.com/samples/cell-arc/2.2.0/10k_Human_Brain_MO_gemx/10k_Human_Brain_MO_gemx_filtered_feature_bc_matrix.h5; https://cf.10xgenomics.com/samples/cell-arc/2.2.0/10k_Human_Brain_MO_gemx/10k_Human_Brain_MO_gemx_raw_feature_bc_matrix.tar.gz; https://cf.10xgenomics.com/samples/cell-arc/2.2.0/10k_Human_Brain_MO_gemx/10k_Human_Brain_MO_gemx_raw_feature_bc_matrix.h5; https://s3-us-west-2.amazonaws.com/10x.files/samples/cell-arc/2.2.0/10k_Human_Brain_MO_gemx/10k_Human_Brain_MO_gemx_gex_possorted_bam.bam; https://cf.10xgenomics.com/samples/cell-arc/2.2.0/10k_Human_Brain_MO_gemx/10k_Human_Brain_MO_gemx_gex_possorted_bam.bam.bai; https://cf.10xgenomics.com/samples/cell-arc/2.2.0/10k_Human_Brain_MO_gemx/10k_Human_Brain_MO_gemx_gex_molecule_info.h5; https://s3-us-west-2.amazonaws.com/10x.files/samples/cell-arc/2.2.0/10k_Human_Brain_MO_gemx/10k_Human_Brain_MO_gemx_atac_possorted_bam.bam; https://cf.10xgenomics.com/samples/cell-arc/2.2.0/10k_Human_Brain_MO_gemx/10k_Human_Brain_MO_gemx_atac_possorted_bam.bam.bai; https://cf.10xgenomics.com/samples/cell-arc/2.2.0/10k_Human_Brain_MO_gemx/10k_Human_Brain_MO_gemx_atac_fragments.tsv.gz; https://cf.10xgenomics.com/samples/cell-arc/2.2.0/10k_Human_Brain_MO_gemx/10k_Human_Brain_MO_gemx_atac_fragments.tsv.gz.tbi; https://cf.10xgenomics.com/samples/cell-arc/2.2.0/10k_Human_Brain_MO_gemx/10k_Human_Brain_MO_gemx_atac_peaks.bed; https://cf.10xgenomics.com/samples/cell-arc/2.2.0/10k_Human_Brain_MO_gemx/10k_Human_Brain_MO_gemx_atac_cut_sites.bigwig; https://cf.10xgenomics.com/samples/cell-arc/2.2.0/10k_Human_Brain_MO_gemx/10k_Human_Brain_MO_gemx_atac_peak_annotation.tsv,,BAI; BAM; BED; CLOUPE; CSV; FASTQ; GZ; H5; HTML; TBI; TSV; bigwig; fragment,false,true,true,true,78225346712,exact sum of 10x input asset sizes,81665888276,exact sum of 10x output/summary asset sizes,159891234988,public,2026-08-01
10x Genomics,multiome-gemx-5k-mouse-kidney,,10x Genomics public datasets,"5k Mouse Kidney, Chromium GEM-X Epi Multiome with Automated Cell Annotation",Kidney,Mouse,10x multiome,true,not reported,not reported,not reported,not reported,provider-reported recovered nuclei,,https://www.10xgenomics.com/datasets/multiome-gemx-5k-mouse-kidney,https://s3-us-west-2.amazonaws.com/10x.files/samples/cell-arc/2.2.0/5k_Mouse_Kidney_MO_gemx/5k_Mouse_Kidney_MO_gemx_fastqs.tar; https://cf.10xgenomics.com/samples/cell-arc/2.2.0/5k_Mouse_Kidney_MO_gemx/5k_Mouse_Kidney_MO_gemx_library.csv,direct FASTQ/input asset supplied,https://cf.10xgenomics.com/samples/cell-arc/2.2.0/5k_Mouse_Kidney_MO_gemx/5k_Mouse_Kidney_MO_gemx_cloupe.cloupe; https://cf.10xgenomics.com/samples/cell-arc/2.2.0/5k_Mouse_Kidney_MO_gemx/5k_Mouse_Kidney_MO_gemx_analysis.tar.gz; https://cf.10xgenomics.com/samples/cell-arc/2.2.0/5k_Mouse_Kidney_MO_gemx/5k_Mouse_Kidney_MO_gemx_web_summary.html; https://cf.10xgenomics.com/samples/cell-arc/2.2.0/5k_Mouse_Kidney_MO_gemx/5k_Mouse_Kidney_MO_gemx_cell_types.tar.gz; https://cf.10xgenomics.com/samples/cell-arc/2.2.0/5k_Mouse_Kidney_MO_gemx/5k_Mouse_Kidney_MO_gemx_summary.csv; https://cf.10xgenomics.com/samples/cell-arc/2.2.0/5k_Mouse_Kidney_MO_gemx/5k_Mouse_Kidney_MO_gemx_per_barcode_metrics.csv; https://cf.10xgenomics.com/samples/cell-arc/2.2.0/5k_Mouse_Kidney_MO_gemx/5k_Mouse_Kidney_MO_gemx_filtered_feature_bc_matrix.tar.gz; https://cf.10xgenomics.com/samples/cell-arc/2.2.0/5k_Mouse_Kidney_MO_gemx/5k_Mouse_Kidney_MO_gemx_filtered_feature_bc_matrix.h5; https://cf.10xgenomics.com/samples/cell-arc/2.2.0/5k_Mouse_Kidney_MO_gemx/5k_Mouse_Kidney_MO_gemx_raw_feature_bc_matrix.tar.gz; https://cf.10xgenomics.com/samples/cell-arc/2.2.0/5k_Mouse_Kidney_MO_gemx/5k_Mouse_Kidney_MO_gemx_raw_feature_bc_matrix.h5; https://cf.10xgenomics.com/samples/cell-arc/2.2.0/5k_Mouse_Kidney_MO_gemx/5k_Mouse_Kidney_MO_gemx_gex_possorted_bam.bam; https://cf.10xgenomics.com/samples/cell-arc/2.2.0/5k_Mouse_Kidney_MO_gemx/5k_Mouse_Kidney_MO_gemx_gex_possorted_bam.bam.bai; https://cf.10xgenomics.com/samples/cell-arc/2.2.0/5k_Mouse_Kidney_MO_gemx/5k_Mouse_Kidney_MO_gemx_gex_molecule_info.h5; https://s3-us-west-2.amazonaws.com/10x.files/samples/cell-arc/2.2.0/5k_Mouse_Kidney_MO_gemx/5k_Mouse_Kidney_MO_gemx_atac_possorted_bam.bam; https://cf.10xgenomics.com/samples/cell-arc/2.2.0/5k_Mouse_Kidney_MO_gemx/5k_Mouse_Kidney_MO_gemx_atac_possorted_bam.bam.bai; https://cf.10xgenomics.com/samples/cell-arc/2.2.0/5k_Mouse_Kidney_MO_gemx/5k_Mouse_Kidney_MO_gemx_atac_fragments.tsv.gz; https://cf.10xgenomics.com/samples/cell-arc/2.2.0/5k_Mouse_Kidney_MO_gemx/5k_Mouse_Kidney_MO_gemx_atac_fragments.tsv.gz.tbi; https://cf.10xgenomics.com/samples/cell-arc/2.2.0/5k_Mouse_Kidney_MO_gemx/5k_Mouse_Kidney_MO_gemx_atac_peaks.bed; https://cf.10xgenomics.com/samples/cell-arc/2.2.0/5k_Mouse_Kidney_MO_gemx/5k_Mouse_Kidney_MO_gemx_atac_cut_sites.bigwig; https://cf.10xgenomics.com/samples/cell-arc/2.2.0/5k_Mouse_Kidney_MO_gemx/5k_Mouse_Kidney_MO_gemx_atac_peak_annotation.tsv,,BAI; BAM; BED; CLOUPE; CSV; FASTQ; GZ; H5; HTML; TBI; TSV; bigwig; fragment,false,true,true,true,39376138396,exact sum of 10x input asset sizes,40054757993,exact sum of 10x output/summary asset sizes,79430896389,public,2026-08-01
10x Genomics,multiomic-integration-neuroscience-application-note-single-cell-multiome-rna-atac-alzheimers-disease-mouse-model-brain-coronal-sections-from-one-hemisphere-over-a-time-course-1-standard,,10x Genomics public datasets,Multiomic Integration Neuroscience Application Note: Single Cell Multiome RNA + ATAC Alzheimer's Disease Mouse Model Brain Coronal Sections from One Hemisphere Over a Time Course,Brain,Mouse,10x multiome,true,not reported,not reported,not reported,not reported,provider-reported recovered nuclei,,https://www.10xgenomics.com/datasets/multiomic-integration-neuroscience-application-note-single-cell-multiome-rna-atac-alzheimers-disease-mouse-model-brain-coronal-sections-from-one-hemisphere-over-a-time-course-1-standard,https://cf.10xgenomics.com/samples/cell-arc/2.0.1/Multiome_RNA_ATAC_Mouse_Brain_Alzheimers_AppNote/Multiome_RNA_ATAC_Mouse_Brain_Alzheimers_AppNote_aggr.csv,direct FASTQ/input asset supplied,https://cf.10xgenomics.com/samples/cell-arc/2.0.1/Multiome_RNA_ATAC_Mouse_Brain_Alzheimers_AppNote/Multiome_RNA_ATAC_Mouse_Brain_Alzheimers_AppNote_cloupe.cloupe; https://cf.10xgenomics.com/samples/cell-arc/2.0.1/Multiome_RNA_ATAC_Mouse_Brain_Alzheimers_AppNote/Multiome_RNA_ATAC_Mouse_Brain_Alzheimers_AppNote_analysis.tar.gz; https://cf.10xgenomics.com/samples/cell-arc/2.0.1/Multiome_RNA_ATAC_Mouse_Brain_Alzheimers_AppNote/Multiome_RNA_ATAC_Mouse_Brain_Alzheimers_AppNote_web_summary.html; https://cf.10xgenomics.com/samples/cell-arc/2.0.1/Multiome_RNA_ATAC_Mouse_Brain_Alzheimers_AppNote/Multiome_RNA_ATAC_Mouse_Brain_Alzheimers_AppNote_summary.csv; https://cf.10xgenomics.com/samples/cell-arc/2.0.1/Multiome_RNA_ATAC_Mouse_Brain_Alzheimers_AppNote/Multiome_RNA_ATAC_Mouse_Brain_Alzheimers_AppNote_filtered_feature_bc_matrix.tar.gz; https://cf.10xgenomics.com/samples/cell-arc/2.0.1/Multiome_RNA_ATAC_Mouse_Brain_Alzheimers_AppNote/Multiome_RNA_ATAC_Mouse_Brain_Alzheimers_AppNote_filtered_feature_bc_matrix.h5; https://cf.10xgenomics.com/samples/cell-arc/2.0.1/Multiome_RNA_ATAC_Mouse_Brain_Alzheimers_AppNote/Multiome_RNA_ATAC_Mouse_Brain_Alzheimers_AppNote_raw_feature_bc_matrix.tar.gz; https://cf.10xgenomics.com/samples/cell-arc/2.0.1/Multiome_RNA_ATAC_Mouse_Brain_Alzheimers_AppNote/Multiome_RNA_ATAC_Mouse_Brain_Alzheimers_AppNote_raw_feature_bc_matrix.h5; https://cf.10xgenomics.com/samples/cell-arc/2.0.1/Multiome_RNA_ATAC_Mouse_Brain_Alzheimers_AppNote/Multiome_RNA_ATAC_Mouse_Brain_Alzheimers_AppNote_atac_fragments.tsv.gz; https://cf.10xgenomics.com/samples/cell-arc/2.0.1/Multiome_RNA_ATAC_Mouse_Brain_Alzheimers_AppNote/Multiome_RNA_ATAC_Mouse_Brain_Alzheimers_AppNote_atac_fragments.tsv.gz.tbi; https://cf.10xgenomics.com/samples/cell-arc/2.0.1/Multiome_RNA_ATAC_Mouse_Brain_Alzheimers_AppNote/Multiome_RNA_ATAC_Mouse_Brain_Alzheimers_AppNote_atac_peaks.bed; https://cf.10xgenomics.com/samples/cell-arc/2.0.1/Multiome_RNA_ATAC_Mouse_Brain_Alzheimers_AppNote/Multiome_RNA_ATAC_Mouse_Brain_Alzheimers_AppNote_atac_peak_annotation.tsv,,BED; CLOUPE; CSV; GZ; H5; HTML; TBI; TSV; fragment,false,false,true,true,3410,exact sum of 10x input asset sizes,10057329204,exact sum of 10x output/summary asset sizes,10057332614,public,2026-08-01
10x Genomics,pbmc-from-a-healthy-donor-granulocytes-removed-through-cell-sorting-10-k-1-standard-1-0-0,,10x Genomics public datasets,PBMC from a Healthy Donor - Granulocytes Removed Through Cell Sorting (10k),Blood,Human,10x multiome,true,11909,11909,11909,11909,provider-reported recovered nuclei,,https://www.10xgenomics.com/datasets/pbmc-from-a-healthy-donor-granulocytes-removed-through-cell-sorting-10-k-1-standard-1-0-0,https://s3-us-west-2.amazonaws.com/10x.files/samples/cell-arc/1.0.0/pbmc_granulocyte_sorted_10k/pbmc_granulocyte_sorted_10k_fastqs.tar; https://cf.10xgenomics.com/samples/cell-arc/1.0.0/pbmc_granulocyte_sorted_10k/pbmc_granulocyte_sorted_10k_library.csv,direct FASTQ/input asset supplied,https://cf.10xgenomics.com/samples/cell-arc/1.0.0/pbmc_granulocyte_sorted_10k/pbmc_granulocyte_sorted_10k_cloupe.cloupe; https://cf.10xgenomics.com/samples/cell-arc/1.0.0/pbmc_granulocyte_sorted_10k/pbmc_granulocyte_sorted_10k_analysis.tar.gz; https://cf.10xgenomics.com/samples/cell-arc/1.0.0/pbmc_granulocyte_sorted_10k/pbmc_granulocyte_sorted_10k_web_summary.html; https://cf.10xgenomics.com/samples/cell-arc/1.0.0/pbmc_granulocyte_sorted_10k/pbmc_granulocyte_sorted_10k_summary.csv; https://cf.10xgenomics.com/samples/cell-arc/1.0.0/pbmc_granulocyte_sorted_10k/pbmc_granulocyte_sorted_10k_per_barcode_metrics.csv; https://cf.10xgenomics.com/samples/cell-arc/1.0.0/pbmc_granulocyte_sorted_10k/pbmc_granulocyte_sorted_10k_filtered_feature_bc_matrix.tar.gz; https://cf.10xgenomics.com/samples/cell-arc/1.0.0/pbmc_granulocyte_sorted_10k/pbmc_granulocyte_sorted_10k_filtered_feature_bc_matrix.h5; https://cf.10xgenomics.com/samples/cell-arc/1.0.0/pbmc_granulocyte_sorted_10k/pbmc_granulocyte_sorted_10k_raw_feature_bc_matrix.tar.gz; https://cf.10xgenomics.com/samples/cell-arc/1.0.0/pbmc_granulocyte_sorted_10k/pbmc_granulocyte_sorted_10k_raw_feature_bc_matrix.h5; https://s3-us-west-2.amazonaws.com/10x.files/samples/cell-arc/1.0.0/pbmc_granulocyte_sorted_10k/pbmc_granulocyte_sorted_10k_gex_possorted_bam.bam; https://cf.10xgenomics.com/samples/cell-arc/1.0.0/pbmc_granulocyte_sorted_10k/pbmc_granulocyte_sorted_10k_gex_possorted_bam.bam.bai; https://cf.10xgenomics.com/samples/cell-arc/1.0.0/pbmc_granulocyte_sorted_10k/pbmc_granulocyte_sorted_10k_gex_molecule_info.h5; https://s3-us-west-2.amazonaws.com/10x.files/samples/cell-arc/1.0.0/pbmc_granulocyte_sorted_10k/pbmc_granulocyte_sorted_10k_atac_possorted_bam.bam; https://cf.10xgenomics.com/samples/cell-arc/1.0.0/pbmc_granulocyte_sorted_10k/pbmc_granulocyte_sorted_10k_atac_possorted_bam.bam.bai; https://cf.10xgenomics.com/samples/cell-arc/1.0.0/pbmc_granulocyte_sorted_10k/pbmc_granulocyte_sorted_10k_atac_fragments.tsv.gz; https://cf.10xgenomics.com/samples/cell-arc/1.0.0/pbmc_granulocyte_sorted_10k/pbmc_granulocyte_sorted_10k_atac_fragments.tsv.gz.tbi; https://cf.10xgenomics.com/samples/cell-arc/1.0.0/pbmc_granulocyte_sorted_10k/pbmc_granulocyte_sorted_10k_atac_peaks.bed; https://cf.10xgenomics.com/samples/cell-arc/1.0.0/pbmc_granulocyte_sorted_10k/pbmc_granulocyte_sorted_10k_atac_cut_sites.bigwig; https://cf.10xgenomics.com/samples/cell-arc/1.0.0/pbmc_granulocyte_sorted_10k/pbmc_granulocyte_sorted_10k_atac_peak_annotation.tsv,,BAI; BAM; BED; CLOUPE; CSV; FASTQ; GZ; H5; HTML; TBI; TSV; bigwig; fragment,false,true,true,true,95550382300,exact sum of 10x input asset sizes,90961714924,exact sum of 10x output/summary asset sizes,186512097224,public,2026-08-01
10x Genomics,pbmc-from-a-healthy-donor-granulocytes-removed-through-cell-sorting-10-k-1-standard-2-0-0,,10x Genomics public datasets,PBMC from a Healthy Donor - Granulocytes Removed Through Cell Sorting (10k),Blood,Human,10x multiome,true,11898,11898,11898,11898,provider-reported recovered nuclei,,https://www.10xgenomics.com/datasets/pbmc-from-a-healthy-donor-granulocytes-removed-through-cell-sorting-10-k-1-standard-2-0-0,https://s3-us-west-2.amazonaws.com/10x.files/samples/cell-arc/2.0.0/pbmc_granulocyte_sorted_10k/pbmc_granulocyte_sorted_10k_fastqs.tar; https://cf.10xgenomics.com/samples/cell-arc/2.0.0/pbmc_granulocyte_sorted_10k/pbmc_granulocyte_sorted_10k_library.csv,direct FASTQ/input asset supplied,https://cf.10xgenomics.com/samples/cell-arc/2.0.0/pbmc_granulocyte_sorted_10k/pbmc_granulocyte_sorted_10k_cloupe.cloupe; https://cf.10xgenomics.com/samples/cell-arc/2.0.0/pbmc_granulocyte_sorted_10k/pbmc_granulocyte_sorted_10k_analysis.tar.gz; https://cf.10xgenomics.com/samples/cell-arc/2.0.0/pbmc_granulocyte_sorted_10k/pbmc_granulocyte_sorted_10k_web_summary.html; https://cf.10xgenomics.com/samples/cell-arc/2.0.0/pbmc_granulocyte_sorted_10k/pbmc_granulocyte_sorted_10k_summary.csv; https://cf.10xgenomics.com/samples/cell-arc/2.0.0/pbmc_granulocyte_sorted_10k/pbmc_granulocyte_sorted_10k_per_barcode_metrics.csv; https://cf.10xgenomics.com/samples/cell-arc/2.0.0/pbmc_granulocyte_sorted_10k/pbmc_granulocyte_sorted_10k_filtered_feature_bc_matrix.tar.gz; https://cf.10xgenomics.com/samples/cell-arc/2.0.0/pbmc_granulocyte_sorted_10k/pbmc_granulocyte_sorted_10k_filtered_feature_bc_matrix.h5; https://cf.10xgenomics.com/samples/cell-arc/2.0.0/pbmc_granulocyte_sorted_10k/pbmc_granulocyte_sorted_10k_raw_feature_bc_matrix.tar.gz; https://cf.10xgenomics.com/samples/cell-arc/2.0.0/pbmc_granulocyte_sorted_10k/pbmc_granulocyte_sorted_10k_raw_feature_bc_matrix.h5; https://s3-us-west-2.amazonaws.com/10x.files/samples/cell-arc/2.0.0/pbmc_granulocyte_sorted_10k/pbmc_granulocyte_sorted_10k_gex_possorted_bam.bam; https://cf.10xgenomics.com/samples/cell-arc/2.0.0/pbmc_granulocyte_sorted_10k/pbmc_granulocyte_sorted_10k_gex_possorted_bam.bam.bai; https://cf.10xgenomics.com/samples/cell-arc/2.0.0/pbmc_granulocyte_sorted_10k/pbmc_granulocyte_sorted_10k_gex_molecule_info.h5; https://s3-us-west-2.amazonaws.com/10x.files/samples/cell-arc/2.0.0/pbmc_granulocyte_sorted_10k/pbmc_granulocyte_sorted_10k_atac_possorted_bam.bam; https://cf.10xgenomics.com/samples/cell-arc/2.0.0/pbmc_granulocyte_sorted_10k/pbmc_granulocyte_sorted_10k_atac_possorted_bam.bam.bai; https://cf.10xgenomics.com/samples/cell-arc/2.0.0/pbmc_granulocyte_sorted_10k/pbmc_granulocyte_sorted_10k_atac_fragments.tsv.gz; https://cf.10xgenomics.com/samples/cell-arc/2.0.0/pbmc_granulocyte_sorted_10k/pbmc_granulocyte_sorted_10k_atac_fragments.tsv.gz.tbi; https://cf.10xgenomics.com/samples/cell-arc/2.0.0/pbmc_granulocyte_sorted_10k/pbmc_granulocyte_sorted_10k_atac_peaks.bed; https://cf.10xgenomics.com/samples/cell-arc/2.0.0/pbmc_granulocyte_sorted_10k/pbmc_granulocyte_sorted_10k_atac_cut_sites.bigwig; https://cf.10xgenomics.com/samples/cell-arc/2.0.0/pbmc_granulocyte_sorted_10k/pbmc_granulocyte_sorted_10k_atac_peak_annotation.tsv,,BAI; BAM; BED; CLOUPE; CSV; FASTQ; GZ; H5; HTML; TBI; TSV; bigwig; fragment,false,true,true,true,95550382300,exact sum of 10x input asset sizes,86788827032,exact sum of 10x output/summary asset sizes,182339209332,public,2026-08-01
10x Genomics,pbmc-from-a-healthy-donor-granulocytes-removed-through-cell-sorting-3-k-1-standard-1-0-0,,10x Genomics public datasets,PBMC from a Healthy Donor - Granulocytes Removed Through Cell Sorting (3k),Blood,Human,10x multiome,true,2714,2714,2714,2714,provider-reported recovered nuclei,,https://www.10xgenomics.com/datasets/pbmc-from-a-healthy-donor-granulocytes-removed-through-cell-sorting-3-k-1-standard-1-0-0,https://s3-us-west-2.amazonaws.com/10x.files/samples/cell-arc/1.0.0/pbmc_granulocyte_sorted_3k/pbmc_granulocyte_sorted_3k_fastqs.tar; https://cf.10xgenomics.com/samples/cell-arc/1.0.0/pbmc_granulocyte_sorted_3k/pbmc_granulocyte_sorted_3k_library.csv,direct FASTQ/input asset supplied,https://cf.10xgenomics.com/samples/cell-arc/1.0.0/pbmc_granulocyte_sorted_3k/pbmc_granulocyte_sorted_3k_cloupe.cloupe; https://cf.10xgenomics.com/samples/cell-arc/1.0.0/pbmc_granulocyte_sorted_3k/pbmc_granulocyte_sorted_3k_analysis.tar.gz; https://cf.10xgenomics.com/samples/cell-arc/1.0.0/pbmc_granulocyte_sorted_3k/pbmc_granulocyte_sorted_3k_web_summary.html; https://cf.10xgenomics.com/samples/cell-arc/1.0.0/pbmc_granulocyte_sorted_3k/pbmc_granulocyte_sorted_3k_summary.csv; https://cf.10xgenomics.com/samples/cell-arc/1.0.0/pbmc_granulocyte_sorted_3k/pbmc_granulocyte_sorted_3k_per_barcode_metrics.csv; https://cf.10xgenomics.com/samples/cell-arc/1.0.0/pbmc_granulocyte_sorted_3k/pbmc_granulocyte_sorted_3k_filtered_feature_bc_matrix.tar.gz; https://cf.10xgenomics.com/samples/cell-arc/1.0.0/pbmc_granulocyte_sorted_3k/pbmc_granulocyte_sorted_3k_filtered_feature_bc_matrix.h5; https://cf.10xgenomics.com/samples/cell-arc/1.0.0/pbmc_granulocyte_sorted_3k/pbmc_granulocyte_sorted_3k_raw_feature_bc_matrix.tar.gz; https://cf.10xgenomics.com/samples/cell-arc/1.0.0/pbmc_granulocyte_sorted_3k/pbmc_granulocyte_sorted_3k_raw_feature_bc_matrix.h5; https://cf.10xgenomics.com/samples/cell-arc/1.0.0/pbmc_granulocyte_sorted_3k/pbmc_granulocyte_sorted_3k_gex_possorted_bam.bam; https://cf.10xgenomics.com/samples/cell-arc/1.0.0/pbmc_granulocyte_sorted_3k/pbmc_granulocyte_sorted_3k_gex_possorted_bam.bam.bai; https://cf.10xgenomics.com/samples/cell-arc/1.0.0/pbmc_granulocyte_sorted_3k/pbmc_granulocyte_sorted_3k_gex_molecule_info.h5; https://cf.10xgenomics.com/samples/cell-arc/1.0.0/pbmc_granulocyte_sorted_3k/pbmc_granulocyte_sorted_3k_atac_possorted_bam.bam; https://cf.10xgenomics.com/samples/cell-arc/1.0.0/pbmc_granulocyte_sorted_3k/pbmc_granulocyte_sorted_3k_atac_possorted_bam.bam.bai; https://cf.10xgenomics.com/samples/cell-arc/1.0.0/pbmc_granulocyte_sorted_3k/pbmc_granulocyte_sorted_3k_atac_fragments.tsv.gz; https://cf.10xgenomics.com/samples/cell-arc/1.0.0/pbmc_granulocyte_sorted_3k/pbmc_granulocyte_sorted_3k_atac_fragments.tsv.gz.tbi; https://cf.10xgenomics.com/samples/cell-arc/1.0.0/pbmc_granulocyte_sorted_3k/pbmc_granulocyte_sorted_3k_atac_peaks.bed; https://cf.10xgenomics.com/samples/cell-arc/1.0.0/pbmc_granulocyte_sorted_3k/pbmc_granulocyte_sorted_3k_atac_cut_sites.bigwig; https://cf.10xgenomics.com/samples/cell-arc/1.0.0/pbmc_granulocyte_sorted_3k/pbmc_granulocyte_sorted_3k_atac_peak_annotation.tsv,,BAI; BAM; BED; CLOUPE; CSV; FASTQ; GZ; H5; HTML; TBI; TSV; bigwig; fragment,false,true,true,true,22439577816,exact sum of 10x input asset sizes,20868607261,exact sum of 10x output/summary asset sizes,43308185077,public,2026-08-01
10x Genomics,pbmc-from-a-healthy-donor-granulocytes-removed-through-cell-sorting-3-k-1-standard-2-0-0,,10x Genomics public datasets,PBMC from a Healthy Donor - Granulocytes Removed Through Cell Sorting (3k),Blood,Human,10x multiome,true,2711,2711,2711,2711,provider-reported recovered nuclei,,https://www.10xgenomics.com/datasets/pbmc-from-a-healthy-donor-granulocytes-removed-through-cell-sorting-3-k-1-standard-2-0-0,https://s3-us-west-2.amazonaws.com/10x.files/samples/cell-arc/2.0.0/pbmc_granulocyte_sorted_3k/pbmc_granulocyte_sorted_3k_fastqs.tar; https://cf.10xgenomics.com/samples/cell-arc/2.0.0/pbmc_granulocyte_sorted_3k/pbmc_granulocyte_sorted_3k_library.csv,direct FASTQ/input asset supplied,https://cf.10xgenomics.com/samples/cell-arc/2.0.0/pbmc_granulocyte_sorted_3k/pbmc_granulocyte_sorted_3k_cloupe.cloupe; https://cf.10xgenomics.com/samples/cell-arc/2.0.0/pbmc_granulocyte_sorted_3k/pbmc_granulocyte_sorted_3k_analysis.tar.gz; https://cf.10xgenomics.com/samples/cell-arc/2.0.0/pbmc_granulocyte_sorted_3k/pbmc_granulocyte_sorted_3k_web_summary.html; https://cf.10xgenomics.com/samples/cell-arc/2.0.0/pbmc_granulocyte_sorted_3k/pbmc_granulocyte_sorted_3k_summary.csv; https://cf.10xgenomics.com/samples/cell-arc/2.0.0/pbmc_granulocyte_sorted_3k/pbmc_granulocyte_sorted_3k_per_barcode_metrics.csv; https://cf.10xgenomics.com/samples/cell-arc/2.0.0/pbmc_granulocyte_sorted_3k/pbmc_granulocyte_sorted_3k_filtered_feature_bc_matrix.tar.gz; https://cf.10xgenomics.com/samples/cell-arc/2.0.0/pbmc_granulocyte_sorted_3k/pbmc_granulocyte_sorted_3k_filtered_feature_bc_matrix.h5; https://cf.10xgenomics.com/samples/cell-arc/2.0.0/pbmc_granulocyte_sorted_3k/pbmc_granulocyte_sorted_3k_raw_feature_bc_matrix.tar.gz; https://cf.10xgenomics.com/samples/cell-arc/2.0.0/pbmc_granulocyte_sorted_3k/pbmc_granulocyte_sorted_3k_raw_feature_bc_matrix.h5; https://cf.10xgenomics.com/samples/cell-arc/2.0.0/pbmc_granulocyte_sorted_3k/pbmc_granulocyte_sorted_3k_gex_possorted_bam.bam; https://cf.10xgenomics.com/samples/cell-arc/2.0.0/pbmc_granulocyte_sorted_3k/pbmc_granulocyte_sorted_3k_gex_possorted_bam.bam.bai; https://cf.10xgenomics.com/samples/cell-arc/2.0.0/pbmc_granulocyte_sorted_3k/pbmc_granulocyte_sorted_3k_gex_molecule_info.h5; https://cf.10xgenomics.com/samples/cell-arc/2.0.0/pbmc_granulocyte_sorted_3k/pbmc_granulocyte_sorted_3k_atac_possorted_bam.bam; https://cf.10xgenomics.com/samples/cell-arc/2.0.0/pbmc_granulocyte_sorted_3k/pbmc_granulocyte_sorted_3k_atac_possorted_bam.bam.bai; https://cf.10xgenomics.com/samples/cell-arc/2.0.0/pbmc_granulocyte_sorted_3k/pbmc_granulocyte_sorted_3k_atac_fragments.tsv.gz; https://cf.10xgenomics.com/samples/cell-arc/2.0.0/pbmc_granulocyte_sorted_3k/pbmc_granulocyte_sorted_3k_atac_fragments.tsv.gz.tbi; https://cf.10xgenomics.com/samples/cell-arc/2.0.0/pbmc_granulocyte_sorted_3k/pbmc_granulocyte_sorted_3k_atac_peaks.bed; https://cf.10xgenomics.com/samples/cell-arc/2.0.0/pbmc_granulocyte_sorted_3k/pbmc_granulocyte_sorted_3k_atac_cut_sites.bigwig; https://cf.10xgenomics.com/samples/cell-arc/2.0.0/pbmc_granulocyte_sorted_3k/pbmc_granulocyte_sorted_3k_atac_peak_annotation.tsv,,BAI; BAM; BED; CLOUPE; CSV; FASTQ; GZ; H5; HTML; TBI; TSV; bigwig; fragment,false,true,true,true,22439577816,exact sum of 10x input asset sizes,19973885849,exact sum of 10x output/summary asset sizes,42413463665,public,2026-08-01
10x Genomics,pbmc-from-a-healthy-donor-no-cell-sorting-10-k-1-standard-1-0-0,,10x Genomics public datasets,PBMC from a Healthy Donor - No Cell Sorting (10k),Blood,Human,10x multiome,true,12016,12016,12016,12016,provider-reported recovered nuclei,,https://www.10xgenomics.com/datasets/pbmc-from-a-healthy-donor-no-cell-sorting-10-k-1-standard-1-0-0,https://s3-us-west-2.amazonaws.com/10x.files/samples/cell-arc/1.0.0/pbmc_unsorted_10k/pbmc_unsorted_10k_fastqs.tar; https://cf.10xgenomics.com/samples/cell-arc/1.0.0/pbmc_unsorted_10k/pbmc_unsorted_10k_library.csv,direct FASTQ/input asset supplied,https://cf.10xgenomics.com/samples/cell-arc/1.0.0/pbmc_unsorted_10k/pbmc_unsorted_10k_cloupe.cloupe; https://cf.10xgenomics.com/samples/cell-arc/1.0.0/pbmc_unsorted_10k/pbmc_unsorted_10k_analysis.tar.gz; https://cf.10xgenomics.com/samples/cell-arc/1.0.0/pbmc_unsorted_10k/pbmc_unsorted_10k_web_summary.html; https://cf.10xgenomics.com/samples/cell-arc/1.0.0/pbmc_unsorted_10k/pbmc_unsorted_10k_summary.csv; https://cf.10xgenomics.com/samples/cell-arc/1.0.0/pbmc_unsorted_10k/pbmc_unsorted_10k_per_barcode_metrics.csv; https://cf.10xgenomics.com/samples/cell-arc/1.0.0/pbmc_unsorted_10k/pbmc_unsorted_10k_filtered_feature_bc_matrix.tar.gz; https://cf.10xgenomics.com/samples/cell-arc/1.0.0/pbmc_unsorted_10k/pbmc_unsorted_10k_filtered_feature_bc_matrix.h5; https://cf.10xgenomics.com/samples/cell-arc/1.0.0/pbmc_unsorted_10k/pbmc_unsorted_10k_raw_feature_bc_matrix.tar.gz; https://cf.10xgenomics.com/samples/cell-arc/1.0.0/pbmc_unsorted_10k/pbmc_unsorted_10k_raw_feature_bc_matrix.h5; https://s3-us-west-2.amazonaws.com/10x.files/samples/cell-arc/1.0.0/pbmc_unsorted_10k/pbmc_unsorted_10k_gex_possorted_bam.bam; https://cf.10xgenomics.com/samples/cell-arc/1.0.0/pbmc_unsorted_10k/pbmc_unsorted_10k_gex_possorted_bam.bam.bai; https://cf.10xgenomics.com/samples/cell-arc/1.0.0/pbmc_unsorted_10k/pbmc_unsorted_10k_gex_molecule_info.h5; https://s3-us-west-2.amazonaws.com/10x.files/samples/cell-arc/1.0.0/pbmc_unsorted_10k/pbmc_unsorted_10k_atac_possorted_bam.bam; https://cf.10xgenomics.com/samples/cell-arc/1.0.0/pbmc_unsorted_10k/pbmc_unsorted_10k_atac_possorted_bam.bam.bai; https://cf.10xgenomics.com/samples/cell-arc/1.0.0/pbmc_unsorted_10k/pbmc_unsorted_10k_atac_fragments.tsv.gz; https://cf.10xgenomics.com/samples/cell-arc/1.0.0/pbmc_unsorted_10k/pbmc_unsorted_10k_atac_fragments.tsv.gz.tbi; https://cf.10xgenomics.com/samples/cell-arc/1.0.0/pbmc_unsorted_10k/pbmc_unsorted_10k_atac_peaks.bed; https://cf.10xgenomics.com/samples/cell-arc/1.0.0/pbmc_unsorted_10k/pbmc_unsorted_10k_atac_cut_sites.bigwig; https://cf.10xgenomics.com/samples/cell-arc/1.0.0/pbmc_unsorted_10k/pbmc_unsorted_10k_atac_peak_annotation.tsv,,BAI; BAM; BED; CLOUPE; CSV; FASTQ; GZ; H5; HTML; TBI; TSV; bigwig; fragment,false,true,true,true,114223646900,exact sum of 10x input asset sizes,106525252791,exact sum of 10x output/summary asset sizes,220748899691,public,2026-08-01
10x Genomics,pbmc-from-a-healthy-donor-no-cell-sorting-10-k-1-standard-2-0-0,,10x Genomics public datasets,PBMC from a Healthy Donor - No Cell Sorting (10k),Blood,Human,10x multiome,true,12012,12012,12012,12012,provider-reported recovered nuclei,,https://www.10xgenomics.com/datasets/pbmc-from-a-healthy-donor-no-cell-sorting-10-k-1-standard-2-0-0,https://s3-us-west-2.amazonaws.com/10x.files/samples/cell-arc/2.0.0/pbmc_unsorted_10k/pbmc_unsorted_10k_fastqs.tar; https://cf.10xgenomics.com/samples/cell-arc/2.0.0/pbmc_unsorted_10k/pbmc_unsorted_10k_library.csv,direct FASTQ/input asset supplied,https://cf.10xgenomics.com/samples/cell-arc/2.0.0/pbmc_unsorted_10k/pbmc_unsorted_10k_cloupe.cloupe; https://cf.10xgenomics.com/samples/cell-arc/2.0.0/pbmc_unsorted_10k/pbmc_unsorted_10k_analysis.tar.gz; https://cf.10xgenomics.com/samples/cell-arc/2.0.0/pbmc_unsorted_10k/pbmc_unsorted_10k_web_summary.html; https://cf.10xgenomics.com/samples/cell-arc/2.0.0/pbmc_unsorted_10k/pbmc_unsorted_10k_summary.csv; https://cf.10xgenomics.com/samples/cell-arc/2.0.0/pbmc_unsorted_10k/pbmc_unsorted_10k_per_barcode_metrics.csv; https://cf.10xgenomics.com/samples/cell-arc/2.0.0/pbmc_unsorted_10k/pbmc_unsorted_10k_filtered_feature_bc_matrix.tar.gz; https://cf.10xgenomics.com/samples/cell-arc/2.0.0/pbmc_unsorted_10k/pbmc_unsorted_10k_filtered_feature_bc_matrix.h5; https://cf.10xgenomics.com/samples/cell-arc/2.0.0/pbmc_unsorted_10k/pbmc_unsorted_10k_raw_feature_bc_matrix.tar.gz; https://cf.10xgenomics.com/samples/cell-arc/2.0.0/pbmc_unsorted_10k/pbmc_unsorted_10k_raw_feature_bc_matrix.h5; https://s3-us-west-2.amazonaws.com/10x.files/samples/cell-arc/2.0.0/pbmc_unsorted_10k/pbmc_unsorted_10k_gex_possorted_bam.bam; https://cf.10xgenomics.com/samples/cell-arc/2.0.0/pbmc_unsorted_10k/pbmc_unsorted_10k_gex_possorted_bam.bam.bai; https://cf.10xgenomics.com/samples/cell-arc/2.0.0/pbmc_unsorted_10k/pbmc_unsorted_10k_gex_molecule_info.h5; https://s3-us-west-2.amazonaws.com/10x.files/samples/cell-arc/2.0.0/pbmc_unsorted_10k/pbmc_unsorted_10k_atac_possorted_bam.bam; https://cf.10xgenomics.com/samples/cell-arc/2.0.0/pbmc_unsorted_10k/pbmc_unsorted_10k_atac_possorted_bam.bam.bai; https://cf.10xgenomics.com/samples/cell-arc/2.0.0/pbmc_unsorted_10k/pbmc_unsorted_10k_atac_fragments.tsv.gz; https://cf.10xgenomics.com/samples/cell-arc/2.0.0/pbmc_unsorted_10k/pbmc_unsorted_10k_atac_fragments.tsv.gz.tbi; https://cf.10xgenomics.com/samples/cell-arc/2.0.0/pbmc_unsorted_10k/pbmc_unsorted_10k_atac_peaks.bed; https://cf.10xgenomics.com/samples/cell-arc/2.0.0/pbmc_unsorted_10k/pbmc_unsorted_10k_atac_cut_sites.bigwig; https://cf.10xgenomics.com/samples/cell-arc/2.0.0/pbmc_unsorted_10k/pbmc_unsorted_10k_atac_peak_annotation.tsv,,BAI; BAM; BED; CLOUPE; CSV; FASTQ; GZ; H5; HTML; TBI; TSV; bigwig; fragment,false,true,true,true,114223646900,exact sum of 10x input asset sizes,102420410505,exact sum of 10x output/summary asset sizes,216644057405,public,2026-08-01
10x Genomics,pbmc-from-a-healthy-donor-no-cell-sorting-3-k-1-standard-1-0-0,,10x Genomics public datasets,PBMC from a Healthy Donor - No Cell Sorting (3k),Blood,Human,10x multiome,true,3012,3012,3012,3012,provider-reported recovered nuclei,,https://www.10xgenomics.com/datasets/pbmc-from-a-healthy-donor-no-cell-sorting-3-k-1-standard-1-0-0,https://s3-us-west-2.amazonaws.com/10x.files/samples/cell-arc/1.0.0/pbmc_unsorted_3k/pbmc_unsorted_3k_fastqs.tar; https://cf.10xgenomics.com/samples/cell-arc/1.0.0/pbmc_unsorted_3k/pbmc_unsorted_3k_library.csv,direct FASTQ/input asset supplied,https://cf.10xgenomics.com/samples/cell-arc/1.0.0/pbmc_unsorted_3k/pbmc_unsorted_3k_cloupe.cloupe; https://cf.10xgenomics.com/samples/cell-arc/1.0.0/pbmc_unsorted_3k/pbmc_unsorted_3k_analysis.tar.gz; https://cf.10xgenomics.com/samples/cell-arc/1.0.0/pbmc_unsorted_3k/pbmc_unsorted_3k_web_summary.html; https://cf.10xgenomics.com/samples/cell-arc/1.0.0/pbmc_unsorted_3k/pbmc_unsorted_3k_summary.csv; https://cf.10xgenomics.com/samples/cell-arc/1.0.0/pbmc_unsorted_3k/pbmc_unsorted_3k_per_barcode_metrics.csv; https://cf.10xgenomics.com/samples/cell-arc/1.0.0/pbmc_unsorted_3k/pbmc_unsorted_3k_filtered_feature_bc_matrix.tar.gz; https://cf.10xgenomics.com/samples/cell-arc/1.0.0/pbmc_unsorted_3k/pbmc_unsorted_3k_filtered_feature_bc_matrix.h5; https://cf.10xgenomics.com/samples/cell-arc/1.0.0/pbmc_unsorted_3k/pbmc_unsorted_3k_raw_feature_bc_matrix.tar.gz; https://cf.10xgenomics.com/samples/cell-arc/1.0.0/pbmc_unsorted_3k/pbmc_unsorted_3k_raw_feature_bc_matrix.h5; https://cf.10xgenomics.com/samples/cell-arc/1.0.0/pbmc_unsorted_3k/pbmc_unsorted_3k_gex_possorted_bam.bam; https://cf.10xgenomics.com/samples/cell-arc/1.0.0/pbmc_unsorted_3k/pbmc_unsorted_3k_gex_possorted_bam.bam.bai; https://cf.10xgenomics.com/samples/cell-arc/1.0.0/pbmc_unsorted_3k/pbmc_unsorted_3k_gex_molecule_info.h5; https://cf.10xgenomics.com/samples/cell-arc/1.0.0/pbmc_unsorted_3k/pbmc_unsorted_3k_atac_possorted_bam.bam; https://cf.10xgenomics.com/samples/cell-arc/1.0.0/pbmc_unsorted_3k/pbmc_unsorted_3k_atac_possorted_bam.bam.bai; https://cf.10xgenomics.com/samples/cell-arc/1.0.0/pbmc_unsorted_3k/pbmc_unsorted_3k_atac_fragments.tsv.gz; https://cf.10xgenomics.com/samples/cell-arc/1.0.0/pbmc_unsorted_3k/pbmc_unsorted_3k_atac_fragments.tsv.gz.tbi; https://cf.10xgenomics.com/samples/cell-arc/1.0.0/pbmc_unsorted_3k/pbmc_unsorted_3k_atac_peaks.bed; https://cf.10xgenomics.com/samples/cell-arc/1.0.0/pbmc_unsorted_3k/pbmc_unsorted_3k_atac_cut_sites.bigwig; https://cf.10xgenomics.com/samples/cell-arc/1.0.0/pbmc_unsorted_3k/pbmc_unsorted_3k_atac_peak_annotation.tsv,,BAI; BAM; BED; CLOUPE; CSV; FASTQ; GZ; H5; HTML; TBI; TSV; bigwig; fragment,false,true,true,true,23251579056,exact sum of 10x input asset sizes,21694423468,exact sum of 10x output/summary asset sizes,44946002524,public,2026-08-01
10x Genomics,pbmc-from-a-healthy-donor-no-cell-sorting-3-k-1-standard-2-0-0,,10x Genomics public datasets,PBMC from a Healthy Donor - No Cell Sorting (3k),Blood,Human,10x multiome,true,3009,3009,3009,3009,provider-reported recovered nuclei,,https://www.10xgenomics.com/datasets/pbmc-from-a-healthy-donor-no-cell-sorting-3-k-1-standard-2-0-0,https://s3-us-west-2.amazonaws.com/10x.files/samples/cell-arc/2.0.0/pbmc_unsorted_3k/pbmc_unsorted_3k_fastqs.tar; https://cf.10xgenomics.com/samples/cell-arc/2.0.0/pbmc_unsorted_3k/pbmc_unsorted_3k_library.csv,direct FASTQ/input asset supplied,https://cf.10xgenomics.com/samples/cell-arc/2.0.0/pbmc_unsorted_3k/pbmc_unsorted_3k_cloupe.cloupe; https://cf.10xgenomics.com/samples/cell-arc/2.0.0/pbmc_unsorted_3k/pbmc_unsorted_3k_analysis.tar.gz; https://cf.10xgenomics.com/samples/cell-arc/2.0.0/pbmc_unsorted_3k/pbmc_unsorted_3k_web_summary.html; https://cf.10xgenomics.com/samples/cell-arc/2.0.0/pbmc_unsorted_3k/pbmc_unsorted_3k_summary.csv; https://cf.10xgenomics.com/samples/cell-arc/2.0.0/pbmc_unsorted_3k/pbmc_unsorted_3k_per_barcode_metrics.csv; https://cf.10xgenomics.com/samples/cell-arc/2.0.0/pbmc_unsorted_3k/pbmc_unsorted_3k_filtered_feature_bc_matrix.tar.gz; https://cf.10xgenomics.com/samples/cell-arc/2.0.0/pbmc_unsorted_3k/pbmc_unsorted_3k_filtered_feature_bc_matrix.h5; https://cf.10xgenomics.com/samples/cell-arc/2.0.0/pbmc_unsorted_3k/pbmc_unsorted_3k_raw_feature_bc_matrix.tar.gz; https://cf.10xgenomics.com/samples/cell-arc/2.0.0/pbmc_unsorted_3k/pbmc_unsorted_3k_raw_feature_bc_matrix.h5; https://cf.10xgenomics.com/samples/cell-arc/2.0.0/pbmc_unsorted_3k/pbmc_unsorted_3k_gex_possorted_bam.bam; https://cf.10xgenomics.com/samples/cell-arc/2.0.0/pbmc_unsorted_3k/pbmc_unsorted_3k_gex_possorted_bam.bam.bai; https://cf.10xgenomics.com/samples/cell-arc/2.0.0/pbmc_unsorted_3k/pbmc_unsorted_3k_gex_molecule_info.h5; https://cf.10xgenomics.com/samples/cell-arc/2.0.0/pbmc_unsorted_3k/pbmc_unsorted_3k_atac_possorted_bam.bam; https://cf.10xgenomics.com/samples/cell-arc/2.0.0/pbmc_unsorted_3k/pbmc_unsorted_3k_atac_possorted_bam.bam.bai; https://cf.10xgenomics.com/samples/cell-arc/2.0.0/pbmc_unsorted_3k/pbmc_unsorted_3k_atac_fragments.tsv.gz; https://cf.10xgenomics.com/samples/cell-arc/2.0.0/pbmc_unsorted_3k/pbmc_unsorted_3k_atac_fragments.tsv.gz.tbi; https://cf.10xgenomics.com/samples/cell-arc/2.0.0/pbmc_unsorted_3k/pbmc_unsorted_3k_atac_peaks.bed; https://cf.10xgenomics.com/samples/cell-arc/2.0.0/pbmc_unsorted_3k/pbmc_unsorted_3k_atac_cut_sites.bigwig; https://cf.10xgenomics.com/samples/cell-arc/2.0.0/pbmc_unsorted_3k/pbmc_unsorted_3k_atac_peak_annotation.tsv,,BAI; BAM; BED; CLOUPE; CSV; FASTQ; GZ; H5; HTML; TBI; TSV; bigwig; fragment,false,true,true,true,23251579056,exact sum of 10x input asset sizes,20823091919,exact sum of 10x output/summary asset sizes,44074670975,public,2026-08-01
CATLAS,humanbrain,,CATLAS mammalian scATAC datasets,Human Brain,42 brain regions,Homo Sapiens,snATAC-Seq,false,>1.1 million,not reported,not reported,not reported,not applicable or not separable from mixed modalities,10.1126/science.adf7044,https://www.catlas.org/catlas/dataset_resource.php?ID=humanbrain,https://assets.nemoarchive.org/dat-d6r90fb; https://www.ncbi.nlm.nih.gov/geo/query/acc.cgi?acc=GSE244618,publication-linked repository located,https://ftp.ncbi.nlm.nih.gov/geo/series/GSE244nnn/GSE244618/suppl/GSE244618_RAW.tar,https://catlas.org/catlasv1/humanbrain/data/,BED; BEDPE; FASTQ; SNAP; TAR; TSV; bigwig,false,true,false,true,3690482691223,exact known repository assets; zero excludes controlled/unknown-size assets,402900213760,exact known direct assets; lower bound when repositories expose additional files,4093382904983,public,2026-08-01
CATLAS,humanbraindev,,CATLAS mammalian scATAC datasets,Human Brain Development,First-trimester,Homo Sapiens,10x multiome,true,"526,094",not reported,526094,not reported,provider-reported paired multiome nuclei,10.1038/s41586-024-07234-1,https://www.catlas.org/catlas/dataset_resource.php?ID=humanbraindev,https://ega-archive.org/studies/EGAS00001007472; https://ega-archive.org/datasets/EGAD00001011300,publication-linked repository located,https://www.dropbox.com/scl/fi/hozow8gaub1rjckgp93lp/Pool_peaks.loom.gz?rlkey=ssp97d68ktyv8ohpsf0mwxlz9&st=ub33iuq1&dl=1; https://www.dropbox.com/scl/fi/zotdkbjwcr7gjoif7ow3l/Pool_peaks.agg.loom.gz?rlkey=gu9ropm9qx5dqy1llsxvds5dl&st=o4077q29&dl=1; https://www.dropbox.com/scl/fi/vu2m6tfxzpahopk85q0bx/Pool_RNA.loom.gz?rlkey=kui3mr83ukojzjg4zsmobsh10&st=5kxv3oua&dl=1; https://www.dropbox.com/scl/fi/p3phh8n4nhtm4ou8x2r90/Pool_RNA.agg.loom?rlkey=uz6nkgok6blar49owvi7y8kxr&st=9i4j2rod&dl=1; https://www.dropbox.com/scl/fi/9ollr4avd508tc6dhx2hv/Pool_GA.loom?rlkey=h2gw3lj9ti7wne0uo29ztjwk0&st=owwrlrsp&dl=1; https://www.dropbox.com/scl/fi/ghl28tz0hqjcivzw3pp6j/Pool_GA.agg.loom?rlkey=i7eofvjjfzlhhc61yxuh3av0f&st=8in77okq&dl=1; https://www.dropbox.com/scl/fi/44jjsjcfybnum9xn3b63m/Pool_motifs.agg.loom?rlkey=z6jxocrm2iyjul769f8yrspxo&st=ygy2vo1q&dl=1; https://www.dropbox.com/scl/fi/9w3o2ddq6yg19zr5tfka2/Purkinje_RNA.loom.gz?rlkey=t22f4lttc2wocalb8b700knf4&st=eg1vaz5a&dl=1; https://www.dropbox.com/scl/fi/xxyu3ow907b77raszzc1u/Purkinje_RNA.agg.loom?rlkey=hmsref739z3dd53zvrt97fw77&st=s803ih66&dl=1; https://www.dropbox.com/scl/fi/j6bilrrbdv907gq5s0ygz/Purkinje_chromVAR.loom?rlkey=bpnbrmxipcqjjaqfhebs7zdxb&st=m70va4j9&dl=1; https://www.dropbox.com/scl/fi/bpqxlgzxsdj4h0f8d2k3y/Purkinje_peaks.loom.gz?rlkey=m0trhqzf3fe8iw5tr5ucrl35i&st=c0ohruf8&dl=1; https://www.dropbox.com/scl/fi/c7gm7slkc8rxlrqgn0oje/Purkinje_peaks.agg.loom?rlkey=xsn9tan47a7qwego2060ygtj3&st=sfbogjjl&dl=1; https://www.dropbox.com/scl/fi/n0lzymiyt4u42pzj4vzvj/refdata-cellranger-arc-hg38-final3.tgz?rlkey=3qrgtlpnrwge8zbx7wb9pwxia&st=bl7vnv4c&dl=1; https://github.com/linnarsson-lab/fetal_brain_multiomics,,BAM; LOOM; TGZ,false,false,false,false,7523077297528,exact known repository assets; zero excludes controlled/unknown-size assets,116587620738,exact known direct assets; lower bound when repositories expose additional files,7639664918266,controlled raw; public processed,2026-08-01
CATLAS,humanbrainscope,,CATLAS mammalian scATAC datasets,Human brainSCOPE,Frontal cortex,Homo Sapiens,snATAC-Seq and snRNA-Seq,false,>2.8 million,not reported,not reported,not reported,not applicable or not separable from mixed modalities,10.1126/science.adi5199,https://www.catlas.org/catlas/dataset_resource.php?ID=humanbrainscope,https://www.synapse.org/#!Synapse:syn51111084.5/datasets/; https://www.ncbi.nlm.nih.gov/bioproject/PRJNA1089984,publication-linked repository located,https://ftp.ncbi.nlm.nih.gov/geo/series/GSE261nnn/GSE261983/suppl/GSE261983_RAW.tar; https://ftp.ncbi.nlm.nih.gov/geo/series/GSE261nnn/GSE261983/suppl/GSE261983_ATAC_peakset.bed.gz; https://brainscope.gersteinlab.org/data/signal_tracks/Girgenti/Astro.bigwig; https://brainscope.gersteinlab.org/data/signal_tracks/Girgenti/Endo.bigwig; https://brainscope.gersteinlab.org/data/signal_tracks/Girgenti/Exc.bigwig; https://brainscope.gersteinlab.org/data/signal_tracks/Girgenti/Inh.bigwig; https://brainscope.gersteinlab.org/data/signal_tracks/Girgenti/Micro.bigwig; https://brainscope.gersteinlab.org/data/signal_tracks/Girgenti/OPC.bigwig; https://brainscope.gersteinlab.org/data/signal_tracks/Girgenti/Oligo.bigwig; https://brainscope.gersteinlab.org/data/signal_tracks/Girgenti/peakset.bigwig; https://brainscope.gersteinlab.org/data/signal_tracks/StanfordUrbanDLPFC_ATAC/Astro.bigwig; https://brainscope.gersteinlab.org/data/signal_tracks/StanfordUrbanDLPFC_ATAC/Endo.bigwig; https://brainscope.gersteinlab.org/data/signal_tracks/StanfordUrbanDLPFC_ATAC/Exc.bigwig; https://brainscope.gersteinlab.org/data/signal_tracks/StanfordUrbanDLPFC_ATAC/Inh.bigwig; https://brainscope.gersteinlab.org/data/signal_tracks/StanfordUrbanDLPFC_ATAC/Micro.bigwig; https://brainscope.gersteinlab.org/data/signal_tracks/StanfordUrbanDLPFC_ATAC/OPC.bigwig; https://brainscope.gersteinlab.org/data/signal_tracks/StanfordUrbanDLPFC_ATAC/Oligo.bigwig; https://brainscope.gersteinlab.org/data/signal_tracks/StanfordUrbanDLPFC_ATAC/peakset.bigwig; https://brainscope.gersteinlab.org/data/signal_tracks/UCLA_ASD/Astro.bigwig; https://brainscope.gersteinlab.org/data/signal_tracks/UCLA_ASD/Endo.bigwig; https://brainscope.gersteinlab.org/data/signal_tracks/UCLA_ASD/Exc.bigwig; https://brainscope.gersteinlab.org/data/signal_tracks/UCLA_ASD/Inh.bigwig; https://brainscope.gersteinlab.org/data/signal_tracks/UCLA_ASD/Micro.bigwig; https://brainscope.gersteinlab.org/data/signal_tracks/UCLA_ASD/OPC.bigwig; https://brainscope.gersteinlab.org/data/signal_tracks/UCLA_ASD/Oligo.bigwig; https://brainscope.gersteinlab.org/data/signal_tracks/UCLA_ASD/peakset.bigwig; https://brainscope.gersteinlab.org/data/atac_peaks/scCRE.PeakCalls.zip; https://brainscope.gersteinlab.org/data/atac_peaks/Astro.PeakCalls.bed; https://brainscope.gersteinlab.org/data/atac_peaks/Endo.PeakCalls.bed; https://brainscope.gersteinlab.org/data/atac_peaks/Exc.PeakCalls.bed; https://brainscope.gersteinlab.org/data/atac_peaks/Micro.PeakCalls.bed; https://brainscope.gersteinlab.org/data/atac_peaks/OPC.PeakCalls.bed; https://brainscope.gersteinlab.org/data/atac_peaks/Oligo.PeakCalls.bed; https://brainscope.gersteinlab.org/data/atac_peaks/All.celltypes.Union.PeakCalls.bed; https://brainscope.gersteinlab.org/atac_fragment_files.html; https://brainscope.gersteinlab.org/output-signal-peaks.html; https://brainscope.gersteinlab.org/output-ATAC-merge-peak.html,https://www.synapse.org/#!Synapse:syn53479857/version/1,BED; FASTQ; TAR; ZIP; bigwig; fragment,false,true,true,true,1340437154788,exact known repository assets; zero excludes controlled/unknown-size assets,5766943929,exact known direct assets; lower bound when repositories expose additional files,1346204098717,mixed: controlled PsychENCODE data; public Girgenti and processed assets,2026-08-01
CATLAS,humanfetal,,CATLAS mammalian scATAC datasets,Human tissues development,59 human fetal samples ranging from 89 to 125 days,Homo Sapiens,sci-ATAC-seq,false,"~800,000",not reported,not reported,not reported,not applicable or not separable from mixed modalities,10.1126/science.aba7612,https://www.catlas.org/catlas/dataset_resource.php?ID=humanfetal,https://www.ncbi.nlm.nih.gov/projects/gap/cgi-bin/study.cgi?study_id=phs002003.v1.p1,publication-linked repository located,https://ftp.ncbi.nlm.nih.gov/geo/series/GSE149nnn/GSE149683/suppl/GSE149683_RAW.tar; https://www.ncbi.nlm.nih.gov/geo/query/acc.cgi?acc=GSE149683,https://descartes.brotmanbaty.org/,BED; CSV; RDS; TAR; TSV,false,false,false,true,0,not exposed by controlled repository,31177328640,exact known direct assets; lower bound when repositories expose additional files,31177328640,controlled raw; public processed,2026-08-01
CATLAS,humanheart,,CATLAS mammalian scATAC datasets,Human Heart,Left/right Atria and ventricles from 4 donors,Homo Sapiens,snATAC-Seq and snRNA-Seq,false,80K snATAC cells and 36K snRNA cells,not reported,not reported,not reported,not applicable or not separable from mixed modalities,10.1126/sciadv.abf1444,https://www.catlas.org/catlas/dataset_resource.php?ID=humanheart,https://www.ncbi.nlm.nih.gov/projects/gap/cgi-bin/study.cgi?study_id=phs002204.v1.p1,publication-linked repository located,https://ftp.ncbi.nlm.nih.gov/geo/series/GSE165nnn/GSE165837/suppl/GSE165837_RAW.tar; https://ftp.ncbi.nlm.nih.gov/geo/series/GSE165nnn/GSE165837/suppl/GSE165837_CARE_ATAC_merged_matrix.mtx.gz; https://ftp.ncbi.nlm.nih.gov/geo/series/GSE165nnn/GSE165837/suppl/GSE165837_Union_peak_set_RAS.tsv.gz; https://www.ncbi.nlm.nih.gov/geo/query/acc.cgi?acc=GSE165837,,BED; GZ; MTX; TAR; TSV,false,false,false,true,0,not exposed by controlled repository,1839754721,exact known direct assets; lower bound when repositories expose additional files,1839754721,controlled raw; public processed,2026-08-01
CATLAS,humanneo,,CATLAS mammalian scATAC datasets,Human neocortex,primary motor cortex,Homo Sapiens,10x multiome and snm3C-seq,false,"49,135",not reported,not reported,not reported,not applicable or not separable from mixed modalities,10.1038/s41586-023-06819-6,https://www.catlas.org/catlas/dataset_resource.php?ID=humanneo,https://www.ncbi.nlm.nih.gov/bioproject/PRJNA953340,publication-linked repository located,https://ftp.ncbi.nlm.nih.gov/geo/series/GSE229nnn/GSE229169/suppl/GSE229169_human_filtered_barcodes.tsv.gz; https://ftp.ncbi.nlm.nih.gov/geo/series/GSE229nnn/GSE229169/suppl/GSE229169_human_filtered_features.tsv.gz; https://ftp.ncbi.nlm.nih.gov/geo/series/GSE229nnn/GSE229169/suppl/GSE229169_human_filtered_matrix.mtx.gz; https://ftp.ncbi.nlm.nih.gov/geo/series/GSE229nnn/GSE229169/suppl/GSE229169_human_filtered_metadata.tsv.gz,https://epigenome.wustl.edu/BrainComparativeEpigenome/,FASTQ; GZ; MTX; TSV,false,false,false,false,626889167026,exact known repository assets; zero excludes controlled/unknown-size assets,374815321,exact known direct assets; lower bound when repositories expose additional files,627263982347,public,2026-08-01
CATLAS,humantissues,,CATLAS mammalian scATAC datasets,Human Multi-tissues,30 adult tissues,Homo Sapiens,snATAC-Seq,false,>1.3 million,not reported,not reported,not reported,not applicable or not separable from mixed modalities,10.1016/j.cell.2021.10.024,https://www.catlas.org/catlas/dataset_resource.php?ID=humantissues,https://www.ncbi.nlm.nih.gov/bioproject/PRJNA764714,publication-linked repository located,https://ftp.ncbi.nlm.nih.gov/geo/series/GSE184nnn/GSE184462/suppl/GSE184462_RAW.tar; https://ftp.ncbi.nlm.nih.gov/geo/series/GSE184nnn/GSE184462/suppl/GSE184462_metadata.tsv.gz,https://data.mendeley.com/datasets/yv4fzv6cnm/5,BED; FASTQ; GZ; TAR; TSV; fragment,false,false,true,true,881478497325,exact known repository assets; zero excludes controlled/unknown-size assets,38222735661,exact known direct assets; lower bound when repositories expose additional files,919701232986,public,2026-08-01
CATLAS,macaqueneo,,CATLAS mammalian scATAC datasets,Macaque neocortex,primary motor cortex,Macaca mulatta,10x multiome and snm3C-seq,false,"40,510",not reported,not reported,not reported,not applicable or not separable from mixed modalities,10.1038/s41586-023-06819-6,https://www.catlas.org/catlas/dataset_resource.php?ID=macaqueneo,https://www.ncbi.nlm.nih.gov/bioproject/PRJNA953340,publication-linked repository located,https://ftp.ncbi.nlm.nih.gov/geo/series/GSE229nnn/GSE229169/suppl/GSE229169_macaque_filtered_barcodes.tsv.gz; https://ftp.ncbi.nlm.nih.gov/geo/series/GSE229nnn/GSE229169/suppl/GSE229169_macaque_filtered_features.tsv.gz; https://ftp.ncbi.nlm.nih.gov/geo/series/GSE229nnn/GSE229169/suppl/GSE229169_macaque_filtered_matrix.mtx.gz; https://ftp.ncbi.nlm.nih.gov/geo/series/GSE229nnn/GSE229169/suppl/GSE229169_macaque_filtered_metadata.tsv.gz,https://epigenome.wustl.edu/BrainComparativeEpigenome/,FASTQ; GZ; MTX; TSV,false,false,false,false,383562327460,exact known repository assets; zero excludes controlled/unknown-size assets,270796333,exact known direct assets; lower bound when repositories expose additional files,383833123793,public,2026-08-01
CATLAS,marmosetneo,,CATLAS mammalian scATAC datasets,Marmoset neocortex,primary motor cortex,Callithrix jacchus,10x multiome and snm3C-seq,false,"39,309",not reported,not reported,not reported,not applicable or not separable from mixed modalities,10.1038/s41586-023-06819-6,https://www.catlas.org/catlas/dataset_resource.php?ID=marmosetneo,https://www.ncbi.nlm.nih.gov/bioproject/PRJNA953340,publication-linked repository located,https://ftp.ncbi.nlm.nih.gov/geo/series/GSE229nnn/GSE229169/suppl/GSE229169_marmoset_filtered_barcodes.tsv.gz; https://ftp.ncbi.nlm.nih.gov/geo/series/GSE229nnn/GSE229169/suppl/GSE229169_marmoset_filtered_features.tsv.gz; https://ftp.ncbi.nlm.nih.gov/geo/series/GSE229nnn/GSE229169/suppl/GSE229169_marmoset_filtered_matrix.mtx.gz; https://ftp.ncbi.nlm.nih.gov/geo/series/GSE229nnn/GSE229169/suppl/GSE229169_marmoset_filtered_metadata.tsv.gz,https://epigenome.wustl.edu/BrainComparativeEpigenome/,FASTQ; GZ; MTX; TSV,false,false,false,false,533938619318,exact known repository assets; zero excludes controlled/unknown-size assets,267862739,exact known direct assets; lower bound when repositories expose additional files,534206482057,public,2026-08-01
CATLAS,mouseaging,,CATLAS mammalian scATAC datasets,Mouse Aging,"brains, hearts, skeletal muscles, and bone marrows from young, middle-aged, and old mice",Mus musculus,snATAC-Seq,false,"227,529",not reported,not reported,not reported,not applicable or not separable from mixed modalities,10.1038/s41422-022-00719-6,https://www.catlas.org/catlas/dataset_resource.php?ID=mouseaging,https://www.ncbi.nlm.nih.gov/bioproject/PRJNA778205,publication-linked repository located,https://ftp.ncbi.nlm.nih.gov/geo/series/GSE187nnn/GSE187332/suppl/GSE187332_BM.bigwigs.tar.gz; https://ftp.ncbi.nlm.nih.gov/geo/series/GSE187nnn/GSE187332/suppl/GSE187332_DH.bigwigs.tar.gz; https://ftp.ncbi.nlm.nih.gov/geo/series/GSE187nnn/GSE187332/suppl/GSE187332_FC.bigwigs.tar.gz; https://ftp.ncbi.nlm.nih.gov/geo/series/GSE187nnn/GSE187332/suppl/GSE187332_HT.bigwigs.tar.gz; https://ftp.ncbi.nlm.nih.gov/geo/series/GSE187nnn/GSE187332/suppl/GSE187332_LM.bigwigs.tar.gz; https://ftp.ncbi.nlm.nih.gov/geo/series/GSE187nnn/GSE187332/suppl/GSE187332_DH_final_seurat_object.RDS.gz; https://ftp.ncbi.nlm.nih.gov/geo/series/GSE187nnn/GSE187332/suppl/GSE187332_FC_final_seurat_object.RDS.gz,,FASTQ; RDS; bigwig,false,true,false,false,365954289420,exact known repository assets; zero excludes controlled/unknown-size assets,7978031866,exact known direct assets; lower bound when repositories expose additional files,373932321286,public,2026-08-01
CATLAS,mousebrain,,CATLAS mammalian scATAC datasets,Mouse Brain,45 brain sub-regions,Mus musculus,snATAC-Seq,false,">800,000",not reported,not reported,not reported,not applicable or not separable from mixed modalities,10.1038/s41586-021-03604-1,https://www.catlas.org/catlas/dataset_resource.php?ID=mousebrain,https://assets.nemoarchive.org/dat-wywv153,publication-linked repository located,https://ftp.ncbi.nlm.nih.gov/geo/series/GSE173nnn/GSE173650/suppl/GSE173650_RAW.tar,https://catlas.org/catlasv1/mousebrain/data/,FASTQ; SNAP; TAR; TSV; bigwig,false,true,false,false,863000000000,exact known repository assets; zero excludes controlled/unknown-size assets,3337379840,exact known direct assets; lower bound when repositories expose additional files,866337379840,public,2026-08-01
CATLAS,mouseneo,,CATLAS mammalian scATAC datasets,Mouse neocortex,primary motor cortex,Mus musculus,10x multiome and snm3C-seq,false,"52,753",not reported,not reported,not reported,not applicable or not separable from mixed modalities,10.1038/s41586-023-06819-6,https://www.catlas.org/catlas/dataset_resource.php?ID=mouseneo,https://www.ncbi.nlm.nih.gov/bioproject/PRJNA953340,publication-linked repository located,https://ftp.ncbi.nlm.nih.gov/geo/series/GSE229nnn/GSE229169/suppl/GSE229169_mouse_filtered_barcodes.tsv.gz; https://ftp.ncbi.nlm.nih.gov/geo/series/GSE229nnn/GSE229169/suppl/GSE229169_mouse_filtered_features.tsv.gz; https://ftp.ncbi.nlm.nih.gov/geo/series/GSE229nnn/GSE229169/suppl/GSE229169_mouse_filtered_matrix.mtx.gz; https://ftp.ncbi.nlm.nih.gov/geo/series/GSE229nnn/GSE229169/suppl/GSE229169_mouse_filtered_metadata.tsv.gz,https://epigenome.wustl.edu/BrainComparativeEpigenome/,FASTQ; GZ; MTX; TSV,false,false,false,false,949145566117,exact known repository assets; zero excludes controlled/unknown-size assets,355801555,exact known direct assets; lower bound when repositories expose additional files,949501367672,public,2026-08-01
CATLAS,mousetissues,,CATLAS mammalian scATAC datasets,Mouse tissues,13 distinct tissues of 8-week-old male C57BL/6J mice,Mus musculus,sci-ATAC-seq,false,"~100,000",not reported,not reported,not reported,not applicable or not separable from mixed modalities,10.1016/j.cell.2018.06.052,https://www.catlas.org/catlas/dataset_resource.php?ID=mousetissues,https://www.ncbi.nlm.nih.gov/bioproject/PRJNA415654,publication-linked repository located,https://ftp.ncbi.nlm.nih.gov/geo/series/GSE111nnn/GSE111586/suppl/GSE111586_RAW.tar,https://atlas.gs.washington.edu/mouse-atac/data/,BAM; BED; FASTQ; MTX; TAR; bigwig,false,true,false,true,273401999242,exact known repository assets; zero excludes controlled/unknown-size assets,3620403200,exact known direct assets; lower bound when repositories expose additional files,277022402442,public,2026-08-01
CATLAS,wholemousebrain,,CATLAS mammalian scATAC datasets,Whole Mouse Brain,117 brain sub-regions,Mus musculus,snATAC-Seq,false,>2.3 million,not reported,not reported,not reported,not applicable or not separable from mixed modalities,10.1038/s41586-023-06824-9,https://www.catlas.org/catlas/dataset_resource.php?ID=wholemousebrain,https://assets.nemoarchive.org/dat-bej4ymm,publication-linked repository located,https://ftp.ncbi.nlm.nih.gov/geo/series/GSE246nnn/GSE246791/suppl/GSE246791_RAW.tar; https://ftp.ncbi.nlm.nih.gov/geo/series/GSE246nnn/GSE246791/suppl/GSE246791_wmb_bigwigs.tar.gz; https://ftp.ncbi.nlm.nih.gov/geo/series/GSE246nnn/GSE246791/suppl/GSE246791_wmb_enhancer.tar.gz; https://ftp.ncbi.nlm.nih.gov/geo/series/GSE246nnn/GSE246791/suppl/GSE246791_sa2.subclass.names.map.csv.gz,https://catlas.org/catlasv1/wholemousebrain/data/,BED; BEDPE; CSV; FASTQ; GZ; H5AD; TAR; TSV; bigwig,true,true,false,true,4890000000000,exact known repository assets; zero excludes controlled/unknown-size assets,411246390322,exact known direct assets; lower bound when repositories expose additional files,5301246390322,public,2026-08-01
GEO source study,GSE194122,,Curated primary multiome source studies,"A sandbox for prediction and integration of DNA, RNA, and proteins in single cells",bone marrow mononuclear cells,Homo sapiens,10x multiome RNA + ATAC,true,not reported,not reported,not reported,not reported,not normalized at study level,,https://www.ncbi.nlm.nih.gov/geo/query/acc.cgi?acc=GSE194122,https://www.ncbi.nlm.nih.gov/bioproject/PRJNA799242,primary repository located; use selected GSM pairs in registry notes,https://ftp.ncbi.nlm.nih.gov/geo/series/GSE194nnn/GSE194122/suppl/GSE194122_openproblems_neurips2021_cite_BMMC_processed.h5ad.gz; https://ftp.ncbi.nlm.nih.gov/geo/series/GSE194nnn/GSE194122/suppl/GSE194122_openproblems_neurips2021_multiome_BMMC_processed.h5ad.gz,,H5AD,true,false,false,false,0,not snapshotted; repository project may include non-multiome runs,0,not snapshotted; direct GEO supplementary files enumerated,0,public,2026-08-01
GEO source study,GSE238275,,Curated primary multiome source studies,"Transcription factor dynamics, oscillation, and functions in human enteroendocrine cell differentiation [Multiome-seq]",ileum; enteroendocrine differentiation,Homo sapiens,10x multiome RNA + ATAC,true,not reported,not reported,not reported,not reported,not normalized at study level,,https://www.ncbi.nlm.nih.gov/geo/query/acc.cgi?acc=GSE238275,https://www.ncbi.nlm.nih.gov/bioproject/PRJNA998715,primary repository located; use selected GSM pairs in registry notes,https://ftp.ncbi.nlm.nih.gov/geo/series/GSE238nnn/GSE238275/suppl/GSE238275_RAW.tar; https://ftp.ncbi.nlm.nih.gov/geo/series/GSE238nnn/GSE238275/suppl/GSE238275_barcodes.tsv.gz; https://ftp.ncbi.nlm.nih.gov/geo/series/GSE238nnn/GSE238275/suppl/GSE238275_features.tsv.gz; https://ftp.ncbi.nlm.nih.gov/geo/series/GSE238nnn/GSE238275/suppl/GSE238275_matrix.mtx.gz; https://ftp.ncbi.nlm.nih.gov/geo/series/GSE238nnn/GSE238275/suppl/GSE238275_snMultiome_celltype_annotation.txt.gz,,GZ; MTX; TAR,false,false,false,false,0,not snapshotted; repository project may include non-multiome runs,0,not snapshotted; direct GEO supplementary files enumerated,0,public,2026-08-01
GEO source study,GSE195452,,Curated primary multiome source studies,LGR5 expressing skin fibroblasts define a major hub perturbed in Systemic Sclerosis,skin,Homo sapiens,10x multiome RNA + ATAC,true,not reported,not reported,not reported,not reported,not normalized at study level,,https://www.ncbi.nlm.nih.gov/geo/query/acc.cgi?acc=GSE195452,https://www.ncbi.nlm.nih.gov/bioproject/PRJNA800731,primary repository located; use selected GSM pairs in registry notes,https://ftp.ncbi.nlm.nih.gov/geo/series/GSE195nnn/GSE195452/suppl/GSE195452_Cell_metadata_v26_anno.txt.gz; https://ftp.ncbi.nlm.nih.gov/geo/series/GSE195nnn/GSE195452/suppl/GSE195452_RAW.tar,,GZ; TAR,false,false,false,false,0,not snapshotted; repository project may include non-multiome runs,0,not snapshotted; direct GEO supplementary files enumerated,0,public,2026-08-01
GEO source study,GSE199636,,Curated primary multiome source studies,Single nuclei multiomics of human stem cell-derived islets identifies deficiencies in lineage specification,pancreatic islets,Homo sapiens,10x multiome RNA + ATAC,true,not reported,not reported,not reported,not reported,not normalized at study level,,https://www.ncbi.nlm.nih.gov/geo/query/acc.cgi?acc=GSE199636,https://www.ncbi.nlm.nih.gov/bioproject/PRJNA820903,primary repository located; use selected GSM pairs in registry notes,https://ftp.ncbi.nlm.nih.gov/geo/series/GSE199nnn/GSE199636/suppl/GSE199636_CTCFCtrl.per_barcode_metrics.csv.gz; https://ftp.ncbi.nlm.nih.gov/geo/series/GSE199nnn/GSE199636/suppl/GSE199636_CTCFDox.per_barcode_metrics.csv.gz; https://ftp.ncbi.nlm.nih.gov/geo/series/GSE199nnn/GSE199636/suppl/GSE199636_RAW.tar; https://ftp.ncbi.nlm.nih.gov/geo/series/GSE199nnn/GSE199636/suppl/GSE199636_humanislet1.per_barcode_metrics.csv.gz; https://ftp.ncbi.nlm.nih.gov/geo/series/GSE199nnn/GSE199636/suppl/GSE199636_humanislet2.per_barcode_metrics.csv.gz; https://ftp.ncbi.nlm.nih.gov/geo/series/GSE199nnn/GSE199636/suppl/GSE199636_humanislet3.per_barcode_metrics.csv.gz; https://ftp.ncbi.nlm.nih.gov/geo/series/GSE199nnn/GSE199636/suppl/GSE199636_humanislet4.per_barcode_metrics.csv.gz; https://ftp.ncbi.nlm.nih.gov/geo/series/GSE199nnn/GSE199636/suppl/GSE199636_month12.per_barcode_metrics.csv.gz; https://ftp.ncbi.nlm.nih.gov/geo/series/GSE199nnn/GSE199636/suppl/GSE199636_month6.per_barcode_metrics.csv.gz; https://ftp.ncbi.nlm.nih.gov/geo/series/GSE199nnn/GSE199636/suppl/GSE199636_scislet1.per_barcode_metrics.csv.gz; https://ftp.ncbi.nlm.nih.gov/geo/series/GSE199nnn/GSE199636/suppl/GSE199636_scislet2.per_barcode_metrics.csv.gz; https://ftp.ncbi.nlm.nih.gov/geo/series/GSE199nnn/GSE199636/suppl/GSE199636_shARID1B.per_barcode_metrics.csv.gz; https://ftp.ncbi.nlm.nih.gov/geo/series/GSE199nnn/GSE199636/suppl/GSE199636_shGFPCtrl.per_barcode_metrics.csv.gz; https://ftp.ncbi.nlm.nih.gov/geo/series/GSE199nnn/GSE199636/suppl/GSE199636_txpscislet1.per_barcode_metrics.csv.gz; https://ftp.ncbi.nlm.nih.gov/geo/series/GSE199nnn/GSE199636/suppl/GSE199636_txpscislet2.per_barcode_metrics.csv.gz; https://ftp.ncbi.nlm.nih.gov/geo/series/GSE199nnn/GSE199636/suppl/GSE199636_txpscislet3.per_barcode_metrics.csv.gz; https://ftp.ncbi.nlm.nih.gov/geo/series/GSE199nnn/GSE199636/suppl/GSE199636_week2.per_barcode_metrics.csv.gz; https://ftp.ncbi.nlm.nih.gov/geo/series/GSE199nnn/GSE199636/suppl/GSE199636_week3.per_barcode_metrics.csv.gz; https://ftp.ncbi.nlm.nih.gov/geo/series/GSE199nnn/GSE199636/suppl/GSE199636_week4.per_barcode_metrics.csv.gz,,GZ; TAR,false,false,false,false,0,not snapshotted; repository project may include non-multiome runs,0,not snapshotted; direct GEO supplementary files enumerated,0,public,2026-08-01
GEO source study,GSE166188,,Curated primary multiome source studies,High throughput joint profiling of chromatin accessibility and protein levels in single cells [PBMC_Stim_Multiome],peripheral blood mononuclear cells,Homo sapiens,single-cell chromatin accessibility + protein,true,not reported,not reported,not reported,not reported,not normalized at study level,,https://www.ncbi.nlm.nih.gov/geo/query/acc.cgi?acc=GSE166188,https://www.ncbi.nlm.nih.gov/bioproject/PRJNA699556,primary repository located; use selected GSM pairs in registry notes,https://ftp.ncbi.nlm.nih.gov/geo/series/GSE166nnn/GSE166188/suppl/GSE166188_RAW.tar,,TAR,false,false,false,false,0,not snapshotted; repository project may include non-multiome runs,0,not snapshotted; direct GEO supplementary files enumerated,0,public,2026-08-01
GEO source study,GSE232222,,Curated primary multiome source studies,Mosaic loss of Y chromosome is associated with aging and epithelial injury in chronic kidney disease,kidney,Homo sapiens,10x multiome RNA + ATAC,true,not reported,not reported,not reported,not reported,not normalized at study level,,https://www.ncbi.nlm.nih.gov/geo/query/acc.cgi?acc=GSE232222,https://www.ncbi.nlm.nih.gov/bioproject/PRJNA971235,primary repository located; use selected GSM pairs in registry notes,https://ftp.ncbi.nlm.nih.gov/geo/series/GSE232nnn/GSE232222/suppl/GSE232222_090922Nx_atac_fragments.tsv.gz; https://ftp.ncbi.nlm.nih.gov/geo/series/GSE232nnn/GSE232222/suppl/GSE232222_090922Nx_filtered_feature_bc_matrix.h5; https://ftp.ncbi.nlm.nih.gov/geo/series/GSE232nnn/GSE232222/suppl/GSE232222_090922Nx_gex_molecule_info.h5; https://ftp.ncbi.nlm.nih.gov/geo/series/GSE232nnn/GSE232222/suppl/GSE232222_090922Nx_per_barcode_metrics.csv.gz; https://ftp.ncbi.nlm.nih.gov/geo/series/GSE232nnn/GSE232222/suppl/GSE232222_091422Nx_atac_fragments.tsv.gz; https://ftp.ncbi.nlm.nih.gov/geo/series/GSE232nnn/GSE232222/suppl/GSE232222_091422Nx_filtered_feature_bc_matrix.h5; https://ftp.ncbi.nlm.nih.gov/geo/series/GSE232nnn/GSE232222/suppl/GSE232222_091422Nx_gex_molecule_info.h5; https://ftp.ncbi.nlm.nih.gov/geo/series/GSE232nnn/GSE232222/suppl/GSE232222_091422Nx_per_barcode_metrics.csv.gz; https://ftp.ncbi.nlm.nih.gov/geo/series/GSE232nnn/GSE232222/suppl/GSE232222_AIIM164_atac_fragments.tsv.gz; https://ftp.ncbi.nlm.nih.gov/geo/series/GSE232nnn/GSE232222/suppl/GSE232222_AIIM164_filtered_feature_bc_matrix.h5; https://ftp.ncbi.nlm.nih.gov/geo/series/GSE232nnn/GSE232222/suppl/GSE232222_AIIM164_gex_molecule_info.h5; https://ftp.ncbi.nlm.nih.gov/geo/series/GSE232nnn/GSE232222/suppl/GSE232222_AIIM164_per_barcode_metrics.csv.gz; https://ftp.ncbi.nlm.nih.gov/geo/series/GSE232nnn/GSE232222/suppl/GSE232222_AIL5160_atac_fragments.tsv.gz; https://ftp.ncbi.nlm.nih.gov/geo/series/GSE232nnn/GSE232222/suppl/GSE232222_AIL5160_filtered_feature_bc_matrix.h5; https://ftp.ncbi.nlm.nih.gov/geo/series/GSE232nnn/GSE232222/suppl/GSE232222_AIL5160_gex_molecule_info.h5; https://ftp.ncbi.nlm.nih.gov/geo/series/GSE232nnn/GSE232222/suppl/GSE232222_AIL5160_per_barcode_metrics.csv.gz; https://ftp.ncbi.nlm.nih.gov/geo/series/GSE232nnn/GSE232222/suppl/GSE232222_AJDL105_atac_fragments.tsv.gz; https://ftp.ncbi.nlm.nih.gov/geo/series/GSE232nnn/GSE232222/suppl/GSE232222_AJDL105_filtered_feature_bc_matrix.h5; https://ftp.ncbi.nlm.nih.gov/geo/series/GSE232nnn/GSE232222/suppl/GSE232222_AJDL105_gex_molecule_info.h5; https://ftp.ncbi.nlm.nih.gov/geo/series/GSE232nnn/GSE232222/suppl/GSE232222_AJDL105_per_barcode_metrics.csv.gz; https://ftp.ncbi.nlm.nih.gov/geo/series/GSE232nnn/GSE232222/suppl/GSE232222_AJDV174_atac_fragments.tsv.gz; https://ftp.ncbi.nlm.nih.gov/geo/series/GSE232nnn/GSE232222/suppl/GSE232222_AJDV174_filtered_feature_bc_matrix.h5; https://ftp.ncbi.nlm.nih.gov/geo/series/GSE232nnn/GSE232222/suppl/GSE232222_AJDV174_gex_molecule_info.h5; https://ftp.ncbi.nlm.nih.gov/geo/series/GSE232nnn/GSE232222/suppl/GSE232222_AJDV174_per_barcode_metrics.csv.gz; https://ftp.ncbi.nlm.nih.gov/geo/series/GSE232nnn/GSE232222/suppl/GSE232222_CKD_1_filtered_peak_bc_matrix.h5; https://ftp.ncbi.nlm.nih.gov/geo/series/GSE232nnn/GSE232222/suppl/GSE232222_CKD_1_fragments.tsv.gz; https://ftp.ncbi.nlm.nih.gov/geo/series/GSE232nnn/GSE232222/suppl/GSE232222_CKD_1_singlecell.csv.gz; https://ftp.ncbi.nlm.nih.gov/geo/series/GSE232nnn/GSE232222/suppl/GSE232222_CKD_2_filtered_peak_bc_matrix.h5; https://ftp.ncbi.nlm.nih.gov/geo/series/GSE232nnn/GSE232222/suppl/GSE232222_CKD_2_fragments.tsv.gz; https://ftp.ncbi.nlm.nih.gov/geo/series/GSE232nnn/GSE232222/suppl/GSE232222_CKD_2_singlecell.csv.gz; https://ftp.ncbi.nlm.nih.gov/geo/series/GSE232nnn/GSE232222/suppl/GSE232222_CKD_3_filtered_peak_bc_matrix.h5; https://ftp.ncbi.nlm.nih.gov/geo/series/GSE232nnn/GSE232222/suppl/GSE232222_CKD_3_fragments.tsv.gz; https://ftp.ncbi.nlm.nih.gov/geo/series/GSE232nnn/GSE232222/suppl/GSE232222_CKD_3_singlecell.csv.gz; https://ftp.ncbi.nlm.nih.gov/geo/series/GSE232nnn/GSE232222/suppl/GSE232222_CKD_4_filtered_peak_bc_matrix.h5; https://ftp.ncbi.nlm.nih.gov/geo/series/GSE232nnn/GSE232222/suppl/GSE232222_CKD_4_fragments.tsv.gz; https://ftp.ncbi.nlm.nih.gov/geo/series/GSE232nnn/GSE232222/suppl/GSE232222_CKD_4_singlecell.csv.gz; https://ftp.ncbi.nlm.nih.gov/geo/series/GSE232nnn/GSE232222/suppl/GSE232222_CKD_5_filtered_peak_bc_matrix.h5; https://ftp.ncbi.nlm.nih.gov/geo/series/GSE232nnn/GSE232222/suppl/GSE232222_CKD_5_fragments.tsv.gz; https://ftp.ncbi.nlm.nih.gov/geo/series/GSE232nnn/GSE232222/suppl/GSE232222_CKD_5_singlecell.csv.gz,,GZ; H5; fragment,false,false,true,false,0,not snapshotted; repository project may include non-multiome runs,0,not snapshotted; direct GEO supplementary files enumerated,0,public,2026-08-01
GEO source study,GSE193240,,Curated primary multiome source studies,A primed immune transcriptional programme is activated in oligodendroglia in multiple sclerosis [ATAC-Seq and RNA-Seq II],brain gray matter,Homo sapiens,single-nucleus RNA-seq + ATAC-seq,true,not reported,not reported,not reported,not reported,not normalized at study level,,https://www.ncbi.nlm.nih.gov/geo/query/acc.cgi?acc=GSE193240,https://www.ncbi.nlm.nih.gov/bioproject/PRJNA795471,primary repository located; use selected GSM pairs in registry notes,https://ftp.ncbi.nlm.nih.gov/geo/series/GSE193nnn/GSE193240/suppl/GSE193240_HS_GM_Ctrl_multiomics_UCSC.rds.gz; https://ftp.ncbi.nlm.nih.gov/geo/series/GSE193nnn/GSE193240/suppl/GSE193240_PD003_atac_HS_Ctr_roche_ASTRO_RND.wig.gz; https://ftp.ncbi.nlm.nih.gov/geo/series/GSE193nnn/GSE193240/suppl/GSE193240_PD003_atac_HS_Ctr_roche_EXCNEU_RND.wig.gz; https://ftp.ncbi.nlm.nih.gov/geo/series/GSE193nnn/GSE193240/suppl/GSE193240_PD003_atac_HS_Ctr_roche_INHNEU_RND.wig.gz; https://ftp.ncbi.nlm.nih.gov/geo/series/GSE193nnn/GSE193240/suppl/GSE193240_PD003_atac_HS_Ctr_roche_MIGL_RND.wig.gz; https://ftp.ncbi.nlm.nih.gov/geo/series/GSE193nnn/GSE193240/suppl/GSE193240_PD003_atac_HS_Ctr_roche_OLIGO_RND.wig.gz; https://ftp.ncbi.nlm.nih.gov/geo/series/GSE193nnn/GSE193240/suppl/GSE193240_PD003_atac_HS_Ctr_roche_OPC_RND.wig.gz; https://ftp.ncbi.nlm.nih.gov/geo/series/GSE193nnn/GSE193240/suppl/GSE193240_PD003_atac_fragments.tsv.gz; https://ftp.ncbi.nlm.nih.gov/geo/series/GSE193nnn/GSE193240/suppl/GSE193240_PD003_atac_fragments.tsv.gz.tbi.gz; https://ftp.ncbi.nlm.nih.gov/geo/series/GSE193nnn/GSE193240/suppl/GSE193240_PD003_filtered_feature_bc_matrix.h5; https://ftp.ncbi.nlm.nih.gov/geo/series/GSE193nnn/GSE193240/suppl/GSE193240_PD003_gex_molecule_info.h5; https://ftp.ncbi.nlm.nih.gov/geo/series/GSE193nnn/GSE193240/suppl/GSE193240_PD003_raw_feature_bc_matrix.h5; https://ftp.ncbi.nlm.nih.gov/geo/series/GSE193nnn/GSE193240/suppl/GSE193240_PD004_atac_HS_Ctr_roche_ASTRO_RND.wig.gz; https://ftp.ncbi.nlm.nih.gov/geo/series/GSE193nnn/GSE193240/suppl/GSE193240_PD004_atac_HS_Ctr_roche_EXCNEU_RND.wig.gz; https://ftp.ncbi.nlm.nih.gov/geo/series/GSE193nnn/GSE193240/suppl/GSE193240_PD004_atac_HS_Ctr_roche_INHNEU_RND.wig.gz; https://ftp.ncbi.nlm.nih.gov/geo/series/GSE193nnn/GSE193240/suppl/GSE193240_PD004_atac_HS_Ctr_roche_MIGL_RND.wig.gz; https://ftp.ncbi.nlm.nih.gov/geo/series/GSE193nnn/GSE193240/suppl/GSE193240_PD004_atac_HS_Ctr_roche_OLIGO_RND.wig.gz; https://ftp.ncbi.nlm.nih.gov/geo/series/GSE193nnn/GSE193240/suppl/GSE193240_PD004_atac_HS_Ctr_roche_OPC_RND.wig.gz; https://ftp.ncbi.nlm.nih.gov/geo/series/GSE193nnn/GSE193240/suppl/GSE193240_PD004_atac_fragments.tsv.gz; https://ftp.ncbi.nlm.nih.gov/geo/series/GSE193nnn/GSE193240/suppl/GSE193240_PD004_atac_fragments.tsv.gz.tbi.gz; https://ftp.ncbi.nlm.nih.gov/geo/series/GSE193nnn/GSE193240/suppl/GSE193240_PD004_filtered_feature_bc_matrix.h5; https://ftp.ncbi.nlm.nih.gov/geo/series/GSE193nnn/GSE193240/suppl/GSE193240_PD004_gex_molecule_info.h5; https://ftp.ncbi.nlm.nih.gov/geo/series/GSE193nnn/GSE193240/suppl/GSE193240_PD004_raw_feature_bc_matrix.h5; https://ftp.ncbi.nlm.nih.gov/geo/series/GSE193nnn/GSE193240/suppl/GSE193240_atac_HS_Celltypes_GMCtr_fc4.hg38.AnnotatePeaks.bed.gz; https://ftp.ncbi.nlm.nih.gov/geo/series/GSE193nnn/GSE193240/suppl/GSE193240_atac_HS_Ctr_roche_ASTRO.bam.broad_peaks.broadPeak.bed.gz; https://ftp.ncbi.nlm.nih.gov/geo/series/GSE193nnn/GSE193240/suppl/GSE193240_atac_HS_Ctr_roche_ASTRO_RND.wig.gz; https://ftp.ncbi.nlm.nih.gov/geo/series/GSE193nnn/GSE193240/suppl/GSE193240_atac_HS_Ctr_roche_ENDO.bam.broad_peaks.broadPeak.bed.gz; https://ftp.ncbi.nlm.nih.gov/geo/series/GSE193nnn/GSE193240/suppl/GSE193240_atac_HS_Ctr_roche_EXCNEU.bam.broad_peaks.broadPeak.bed.gz; https://ftp.ncbi.nlm.nih.gov/geo/series/GSE193nnn/GSE193240/suppl/GSE193240_atac_HS_Ctr_roche_EXCNEU_RND.wig.gz; https://ftp.ncbi.nlm.nih.gov/geo/series/GSE193nnn/GSE193240/suppl/GSE193240_atac_HS_Ctr_roche_INHNEU.bam.broad_peaks.broadPeak.bed.gz; https://ftp.ncbi.nlm.nih.gov/geo/series/GSE193nnn/GSE193240/suppl/GSE193240_atac_HS_Ctr_roche_INHNEU_RND.wig.gz; https://ftp.ncbi.nlm.nih.gov/geo/series/GSE193nnn/GSE193240/suppl/GSE193240_atac_HS_Ctr_roche_MIGL.bam.broad_peaks.broadPeak.bed.gz; https://ftp.ncbi.nlm.nih.gov/geo/series/GSE193nnn/GSE193240/suppl/GSE193240_atac_HS_Ctr_roche_MIGL_RND.wig.gz; https://ftp.ncbi.nlm.nih.gov/geo/series/GSE193nnn/GSE193240/suppl/GSE193240_atac_HS_Ctr_roche_OLIGO.bam.broad_peaks.broadPeak.bed.gz; https://ftp.ncbi.nlm.nih.gov/geo/series/GSE193nnn/GSE193240/suppl/GSE193240_atac_HS_Ctr_roche_OLIGO_RND.wig.gz; https://ftp.ncbi.nlm.nih.gov/geo/series/GSE193nnn/GSE193240/suppl/GSE193240_atac_HS_Ctr_roche_OPC.bam.broad_peaks.broadPeak.bed.gz; https://ftp.ncbi.nlm.nih.gov/geo/series/GSE193nnn/GSE193240/suppl/GSE193240_atac_HS_Ctr_roche_OPC_RND.wig.gz; https://ftp.ncbi.nlm.nih.gov/geo/series/GSE193nnn/GSE193240/suppl/GSE193240_peak2GeneLinks_ALL_GMCTR_roche_CtrMS_multiomics_08.bedpe.gz,,BED; GZ; H5; RDS; fragment,false,false,true,true,0,not snapshotted; repository project may include non-multiome runs,0,not snapshotted; direct GEO supplementary files enumerated,0,public,2026-08-01
GEO source study,GSE199994,,Curated primary multiome source studies,Pre-encoded responsiveness to type I interferon in the peripheral immune system defines outcome of PD1 blockade therapy,peripheral blood mononuclear cells,Homo sapiens,10x multiome RNA + ATAC,true,not reported,not reported,not reported,not reported,not normalized at study level,,https://www.ncbi.nlm.nih.gov/geo/query/acc.cgi?acc=GSE199994,https://www.ncbi.nlm.nih.gov/bioproject/PRJNA823386,primary repository located; use selected GSM pairs in registry notes,https://ftp.ncbi.nlm.nih.gov/geo/series/GSE199nnn/GSE199994/suppl/GSE199994_HD1.tar.gz; https://ftp.ncbi.nlm.nih.gov/geo/series/GSE199nnn/GSE199994/suppl/GSE199994_HD2.tar.gz; https://ftp.ncbi.nlm.nih.gov/geo/series/GSE199nnn/GSE199994/suppl/GSE199994_P1.tar.gz; https://ftp.ncbi.nlm.nih.gov/geo/series/GSE199nnn/GSE199994/suppl/GSE199994_P2.tar.gz; https://ftp.ncbi.nlm.nih.gov/geo/series/GSE199nnn/GSE199994/suppl/GSE199994_P3.tar.gz; https://ftp.ncbi.nlm.nih.gov/geo/series/GSE199nnn/GSE199994/suppl/GSE199994_P4.tar.gz; https://ftp.ncbi.nlm.nih.gov/geo/series/GSE199nnn/GSE199994/suppl/GSE199994_P5.tar.gz; https://ftp.ncbi.nlm.nih.gov/geo/series/GSE199nnn/GSE199994/suppl/GSE199994_P6.tar.gz; https://ftp.ncbi.nlm.nih.gov/geo/series/GSE199nnn/GSE199994/suppl/GSE199994_P7.tar.gz; https://ftp.ncbi.nlm.nih.gov/geo/series/GSE199nnn/GSE199994/suppl/GSE199994_P8.tar.gz,,GZ,false,false,false,false,0,not snapshotted; repository project may include non-multiome runs,0,not snapshotted; direct GEO supplementary files enumerated,0,public,2026-08-01
ENCODE,ENCSR000ULP,,ENCODE released multiomics series,Homo sapiens heart left ventricle tissue nuclear fraction male adult (37 years),heart left ventricle,Homo sapiens,single-cell RNA sequencing assay; single-nucleus ATAC-seq,true,6777,6777,6777,6777,provider-reported estimated nuclei,,https://www.encodeproject.org/experiments/ENCSR000ULP/,https://www.encodeproject.org/files/ENCFF868LPG/@@download/ENCFF868LPG.fastq.gz; https://www.encodeproject.org/files/ENCFF175XMO/@@download/ENCFF175XMO.fastq.gz; https://www.encodeproject.org/files/ENCFF697ERF/@@download/ENCFF697ERF.fastq.gz; https://www.encodeproject.org/files/ENCFF132ZQP/@@download/ENCFF132ZQP.fastq.gz; https://www.encodeproject.org/files/ENCFF916CSI/@@download/ENCFF916CSI.fastq.gz; https://www.encodeproject.org/files/ENCFF489CNZ/@@download/ENCFF489CNZ.fastq.gz; https://www.encodeproject.org/files/ENCFF054MFX/@@download/ENCFF054MFX.fastq.gz; https://www.encodeproject.org/files/ENCFF569OZL/@@download/ENCFF569OZL.fastq.gz; https://www.encodeproject.org/files/ENCFF641NYH/@@download/ENCFF641NYH.fastq.gz; https://www.encodeproject.org/files/ENCFF817VZQ/@@download/ENCFF817VZQ.fastq.gz; https://www.encodeproject.org/files/ENCFF467BNQ/@@download/ENCFF467BNQ.fastq.gz; https://www.encodeproject.org/files/ENCFF940UFN/@@download/ENCFF940UFN.fastq.gz; https://www.encodeproject.org/files/ENCFF952KWQ/@@download/ENCFF952KWQ.fastq.gz; https://www.encodeproject.org/files/ENCFF488ZII/@@download/ENCFF488ZII.fastq.gz; https://www.encodeproject.org/files/ENCFF557AWH/@@download/ENCFF557AWH.fastq.gz; https://www.encodeproject.org/files/ENCFF307FAI/@@download/ENCFF307FAI.fastq.gz; https://www.encodeproject.org/files/ENCFF716JDM/@@download/ENCFF716JDM.fastq.gz; https://www.encodeproject.org/files/ENCFF682SLL/@@download/ENCFF682SLL.fastq.gz; https://www.encodeproject.org/files/ENCFF821ROM/@@download/ENCFF821ROM.fastq.gz; https://www.encodeproject.org/files/ENCFF885CLK/@@download/ENCFF885CLK.fastq.gz,direct released FASTQ assets supplied,https://www.encodeproject.org/files/ENCFF472TXM/@@download/ENCFF472TXM.fastq.gz; https://www.encodeproject.org/files/ENCFF066DAZ/@@download/ENCFF066DAZ.fastq.gz; https://www.encodeproject.org/files/ENCFF664JDX/@@download/ENCFF664JDX.bam; https://www.encodeproject.org/files/ENCFF352THP/@@download/ENCFF352THP.bam; https://www.encodeproject.org/files/ENCFF867BMR/@@download/ENCFF867BMR.tar.gz; https://www.encodeproject.org/files/ENCFF936XYF/@@download/ENCFF936XYF.tar.gz; https://www.encodeproject.org/files/ENCFF651SUA/@@download/ENCFF651SUA.bam; https://www.encodeproject.org/files/ENCFF445JSN/@@download/ENCFF445JSN.tar.gz; https://www.encodeproject.org/files/ENCFF247XII/@@download/ENCFF247XII.tar.gz; https://www.encodeproject.org/files/ENCFF757JCH/@@download/ENCFF757JCH.tar.gz; https://www.encodeproject.org/files/ENCFF320SAW/@@download/ENCFF320SAW.tar.gz,,BAM; FASTQ; GZ; fragment,false,false,true,false,33996116780,exact sum of released ENCODE read and index-read FASTQs,64902335762,exact sum of other released ENCODE component assets,98898452542,public,2026-08-01
ENCODE,ENCSR001TRT,,ENCODE released multiomics series,Homo sapiens heart tissue nuclear fraction male embryo (103 days),heart,Homo sapiens,single-cell RNA sequencing assay; single-nucleus ATAC-seq,true,17208,17208,17208,17208,provider-reported estimated nuclei,,https://www.encodeproject.org/experiments/ENCSR001TRT/,https://www.encodeproject.org/files/ENCFF588ERE/@@download/ENCFF588ERE.fastq.gz; https://www.encodeproject.org/files/ENCFF473FGD/@@download/ENCFF473FGD.fastq.gz; https://www.encodeproject.org/files/ENCFF024CBL/@@download/ENCFF024CBL.fastq.gz; https://www.encodeproject.org/files/ENCFF167HPF/@@download/ENCFF167HPF.fastq.gz; https://www.encodeproject.org/files/ENCFF543XRW/@@download/ENCFF543XRW.fastq.gz; https://www.encodeproject.org/files/ENCFF864BVM/@@download/ENCFF864BVM.fastq.gz; https://www.encodeproject.org/files/ENCFF153QCI/@@download/ENCFF153QCI.fastq.gz; https://www.encodeproject.org/files/ENCFF161GUP/@@download/ENCFF161GUP.fastq.gz; https://www.encodeproject.org/files/ENCFF808LKA/@@download/ENCFF808LKA.fastq.gz; https://www.encodeproject.org/files/ENCFF434PEN/@@download/ENCFF434PEN.fastq.gz,direct released FASTQ assets supplied,https://www.encodeproject.org/files/ENCFF292ZWV/@@download/ENCFF292ZWV.bam; https://www.encodeproject.org/files/ENCFF533VBC/@@download/ENCFF533VBC.fastq.gz; https://www.encodeproject.org/files/ENCFF381GDR/@@download/ENCFF381GDR.fastq.gz; https://www.encodeproject.org/files/ENCFF799OFD/@@download/ENCFF799OFD.bam; https://www.encodeproject.org/files/ENCFF908JHS/@@download/ENCFF908JHS.tar.gz; https://www.encodeproject.org/files/ENCFF968XHZ/@@download/ENCFF968XHZ.tar.gz; https://www.encodeproject.org/files/ENCFF634JRS/@@download/ENCFF634JRS.bam; https://www.encodeproject.org/files/ENCFF766GEG/@@download/ENCFF766GEG.tar.gz; https://www.encodeproject.org/files/ENCFF260ZOM/@@download/ENCFF260ZOM.tar.gz; https://www.encodeproject.org/files/ENCFF248EWR/@@download/ENCFF248EWR.tar.gz; https://www.encodeproject.org/files/ENCFF567QZW/@@download/ENCFF567QZW.tar.gz; https://www.encodeproject.org/files/ENCFF739TMK/@@download/ENCFF739TMK.tar.gz,,BAM; FASTQ; GZ; fragment,false,false,true,false,24596612400,exact sum of released ENCODE read and index-read FASTQs,53460052529,exact sum of other released ENCODE component assets,78056664929,public,2026-08-01
ENCODE,ENCSR002WBD,,ENCODE released multiomics series,Homo sapiens right cardiac atrium tissue nuclear fraction female adult (46 years),right cardiac atrium,Homo sapiens,single-cell RNA sequencing assay; single-nucleus ATAC-seq,true,1058,1058,1058,1058,provider-reported estimated nuclei,,https://www.encodeproject.org/experiments/ENCSR002WBD/,https://www.encodeproject.org/files/ENCFF468KPF/@@download/ENCFF468KPF.fastq.gz; https://www.encodeproject.org/files/ENCFF249IGG/@@download/ENCFF249IGG.fastq.gz; https://www.encodeproject.org/files/ENCFF601SDQ/@@download/ENCFF601SDQ.fastq.gz; https://www.encodeproject.org/files/ENCFF985ZGU/@@download/ENCFF985ZGU.fastq.gz; https://www.encodeproject.org/files/ENCFF849YBJ/@@download/ENCFF849YBJ.fastq.gz; https://www.encodeproject.org/files/ENCFF415TYE/@@download/ENCFF415TYE.fastq.gz; https://www.encodeproject.org/files/ENCFF040OOM/@@download/ENCFF040OOM.fastq.gz; https://www.encodeproject.org/files/ENCFF887LKH/@@download/ENCFF887LKH.fastq.gz; https://www.encodeproject.org/files/ENCFF269VLE/@@download/ENCFF269VLE.fastq.gz; https://www.encodeproject.org/files/ENCFF902QRX/@@download/ENCFF902QRX.fastq.gz,direct released FASTQ assets supplied,https://www.encodeproject.org/files/ENCFF196NXZ/@@download/ENCFF196NXZ.fastq.gz; https://www.encodeproject.org/files/ENCFF859XBV/@@download/ENCFF859XBV.fastq.gz; https://www.encodeproject.org/files/ENCFF503YVF/@@download/ENCFF503YVF.bam; https://www.encodeproject.org/files/ENCFF842CYA/@@download/ENCFF842CYA.bam; https://www.encodeproject.org/files/ENCFF555SJK/@@download/ENCFF555SJK.tar.gz; https://www.encodeproject.org/files/ENCFF629ZQM/@@download/ENCFF629ZQM.bam; https://www.encodeproject.org/files/ENCFF457UCB/@@download/ENCFF457UCB.tar.gz; https://www.encodeproject.org/files/ENCFF820HCZ/@@download/ENCFF820HCZ.tar.gz; https://www.encodeproject.org/files/ENCFF753IJA/@@download/ENCFF753IJA.tar.gz; https://www.encodeproject.org/files/ENCFF616UGQ/@@download/ENCFF616UGQ.tar.gz; https://www.encodeproject.org/files/ENCFF365XOV/@@download/ENCFF365XOV.tar.gz,,BAM; FASTQ; GZ; fragment,false,false,true,false,18194981831,exact sum of released ENCODE read and index-read FASTQs,42774931048,exact sum of other released ENCODE component assets,60969912879,public,2026-08-01
ENCODE,ENCSR008NTI,,ENCODE released multiomics series,Mus musculus strain B6CASTF1/J gastrocnemius tissue nuclear fraction female postnatal (14 days),gastrocnemius,Mus musculus,single-cell RNA sequencing assay; single-nucleus ATAC-seq,true,9089,9089,9089,9089,provider-reported estimated nuclei,,https://www.encodeproject.org/experiments/ENCSR008NTI/,https://www.encodeproject.org/files/ENCFF495IQS/@@download/ENCFF495IQS.fastq.gz; https://www.encodeproject.org/files/ENCFF494QIX/@@download/ENCFF494QIX.fastq.gz; https://www.encodeproject.org/files/ENCFF969CSQ/@@download/ENCFF969CSQ.fastq.gz; https://www.encodeproject.org/files/ENCFF440EJK/@@download/ENCFF440EJK.fastq.gz; https://www.encodeproject.org/files/ENCFF670ZXO/@@download/ENCFF670ZXO.fastq.gz; https://www.encodeproject.org/files/ENCFF445LJN/@@download/ENCFF445LJN.fastq.gz; https://www.encodeproject.org/files/ENCFF864FAZ/@@download/ENCFF864FAZ.fastq.gz; https://www.encodeproject.org/files/ENCFF333CPQ/@@download/ENCFF333CPQ.fastq.gz; https://www.encodeproject.org/files/ENCFF864BKQ/@@download/ENCFF864BKQ.fastq.gz; https://www.encodeproject.org/files/ENCFF757SED/@@download/ENCFF757SED.fastq.gz,direct released FASTQ assets supplied,https://www.encodeproject.org/files/ENCFF634FFT/@@download/ENCFF634FFT.fastq.gz; https://www.encodeproject.org/files/ENCFF476KVK/@@download/ENCFF476KVK.fastq.gz; https://www.encodeproject.org/files/ENCFF173OFY/@@download/ENCFF173OFY.bam; https://www.encodeproject.org/files/ENCFF155IJF/@@download/ENCFF155IJF.bam; https://www.encodeproject.org/files/ENCFF538RGX/@@download/ENCFF538RGX.tar.gz; https://www.encodeproject.org/files/ENCFF242BIB/@@download/ENCFF242BIB.bam; https://www.encodeproject.org/files/ENCFF508CLR/@@download/ENCFF508CLR.tar.gz; https://www.encodeproject.org/files/ENCFF047ECX/@@download/ENCFF047ECX.tar.gz; https://www.encodeproject.org/files/ENCFF387YEE/@@download/ENCFF387YEE.tar.gz; https://www.encodeproject.org/files/ENCFF961CJE/@@download/ENCFF961CJE.tar.gz; https://www.encodeproject.org/files/ENCFF994ZST/@@download/ENCFF994ZST.tar.gz,,BAM; FASTQ; GZ; fragment,false,false,true,false,26849542670,exact sum of released ENCODE read and index-read FASTQs,54161522788,exact sum of other released ENCODE component assets,81011065458,public,2026-08-01
ENCODE,ENCSR008QZU,,ENCODE released multiomics series,Mus musculus C2C12,C2C12,Mus musculus,long read single-cell RNA-seq; single-cell RNA sequencing assay,true,115,115,115,115,provider-reported estimated nuclei,,https://www.encodeproject.org/experiments/ENCSR008QZU/,https://www.encodeproject.org/files/ENCFF442FCG/@@download/ENCFF442FCG.fastq.gz; https://www.encodeproject.org/files/ENCFF094EDS/@@download/ENCFF094EDS.fastq.gz; https://www.encodeproject.org/files/ENCFF245RLN/@@download/ENCFF245RLN.fastq.gz,direct released FASTQ assets supplied,https://www.encodeproject.org/files/ENCFF934CDB/@@download/ENCFF934CDB.fasta.gz; https://www.encodeproject.org/files/ENCFF064UOF/@@download/ENCFF064UOF.tsv; https://www.encodeproject.org/files/ENCFF508RNZ/@@download/ENCFF508RNZ.h5ad; https://www.encodeproject.org/files/ENCFF513MSS/@@download/ENCFF513MSS.h5ad; https://www.encodeproject.org/files/ENCFF638OPO/@@download/ENCFF638OPO.gtf.gz; https://www.encodeproject.org/files/ENCFF782SXY/@@download/ENCFF782SXY.fasta.gz; https://www.encodeproject.org/files/ENCFF359SHL/@@download/ENCFF359SHL.bam; https://www.encodeproject.org/files/ENCFF418TAK/@@download/ENCFF418TAK.h5ad; https://www.encodeproject.org/files/ENCFF130UOQ/@@download/ENCFF130UOQ.bam; https://www.encodeproject.org/files/ENCFF722MXW/@@download/ENCFF722MXW.tar.gz; https://www.encodeproject.org/files/ENCFF006DTQ/@@download/ENCFF006DTQ.tar.gz; https://www.encodeproject.org/files/ENCFF247VYL/@@download/ENCFF247VYL.tar.gz,,BAM; FASTQ; GZ; H5AD; TSV,true,false,false,false,1036569695,exact sum of released ENCODE read and index-read FASTQs,1469893413,exact sum of other released ENCODE component assets,2506463108,public,2026-08-01
ENCODE,ENCSR018XAY,,ENCODE released multiomics series,Mus musculus strain B6CASTF1/J gastrocnemius tissue nuclear fraction female adult (2 months),gastrocnemius,Mus musculus,single-cell RNA sequencing assay; single-nucleus ATAC-seq,true,4410,4410,4410,4410,provider-reported estimated nuclei,,https://www.encodeproject.org/experiments/ENCSR018XAY/,https://www.encodeproject.org/files/ENCFF428PGM/@@download/ENCFF428PGM.fastq.gz; https://www.encodeproject.org/files/ENCFF002RUC/@@download/ENCFF002RUC.fastq.gz; https://www.encodeproject.org/files/ENCFF433KBB/@@download/ENCFF433KBB.fastq.gz; https://www.encodeproject.org/files/ENCFF085SVH/@@download/ENCFF085SVH.fastq.gz; https://www.encodeproject.org/files/ENCFF796GAP/@@download/ENCFF796GAP.fastq.gz; https://www.encodeproject.org/files/ENCFF869DSK/@@download/ENCFF869DSK.fastq.gz; https://www.encodeproject.org/files/ENCFF616UTI/@@download/ENCFF616UTI.fastq.gz; https://www.encodeproject.org/files/ENCFF343KTB/@@download/ENCFF343KTB.fastq.gz; https://www.encodeproject.org/files/ENCFF906RPF/@@download/ENCFF906RPF.fastq.gz; https://www.encodeproject.org/files/ENCFF553CYI/@@download/ENCFF553CYI.fastq.gz,direct released FASTQ assets supplied,https://www.encodeproject.org/files/ENCFF759DUM/@@download/ENCFF759DUM.fastq.gz; https://www.encodeproject.org/files/ENCFF661TSW/@@download/ENCFF661TSW.fastq.gz; https://www.encodeproject.org/files/ENCFF143HBY/@@download/ENCFF143HBY.bam; https://www.encodeproject.org/files/ENCFF312RTE/@@download/ENCFF312RTE.bam; https://www.encodeproject.org/files/ENCFF458NOQ/@@download/ENCFF458NOQ.tar.gz; https://www.encodeproject.org/files/ENCFF540ZJI/@@download/ENCFF540ZJI.tar.gz; https://www.encodeproject.org/files/ENCFF669WSY/@@download/ENCFF669WSY.tar.gz; https://www.encodeproject.org/files/ENCFF406BWQ/@@download/ENCFF406BWQ.bam; https://www.encodeproject.org/files/ENCFF664JVG/@@download/ENCFF664JVG.tar.gz; https://www.encodeproject.org/files/ENCFF638UZQ/@@download/ENCFF638UZQ.tar.gz; https://www.encodeproject.org/files/ENCFF532EFQ/@@download/ENCFF532EFQ.tar.gz,,BAM; FASTQ; GZ; fragment,false,false,true,false,30356833407,exact sum of released ENCODE read and index-read FASTQs,58757693036,exact sum of other released ENCODE component assets,89114526443,public,2026-08-01
ENCODE,ENCSR032YYX,,ENCODE released multiomics series,Mus musculus myotube nuclear fraction originated from C2C12,myotube,Mus musculus,long read single-cell RNA-seq; single-cell RNA sequencing assay,true,335,335,335,335,provider-reported estimated nuclei,,https://www.encodeproject.org/experiments/ENCSR032YYX/,https://www.encodeproject.org/files/ENCFF735PDS/@@download/ENCFF735PDS.fastq.gz; https://www.encodeproject.org/files/ENCFF774YQQ/@@download/ENCFF774YQQ.fastq.gz; https://www.encodeproject.org/files/ENCFF371HWX/@@download/ENCFF371HWX.fastq.gz,direct released FASTQ assets supplied,https://www.encodeproject.org/files/ENCFF961GOZ/@@download/ENCFF961GOZ.fasta.gz; https://www.encodeproject.org/files/ENCFF885YAS/@@download/ENCFF885YAS.tsv; https://www.encodeproject.org/files/ENCFF049LST/@@download/ENCFF049LST.h5ad; https://www.encodeproject.org/files/ENCFF362NGZ/@@download/ENCFF362NGZ.h5ad; https://www.encodeproject.org/files/ENCFF692TSX/@@download/ENCFF692TSX.gtf.gz; https://www.encodeproject.org/files/ENCFF987SMB/@@download/ENCFF987SMB.bam; https://www.encodeproject.org/files/ENCFF588HWS/@@download/ENCFF588HWS.h5ad; https://www.encodeproject.org/files/ENCFF771QLS/@@download/ENCFF771QLS.fasta.gz; https://www.encodeproject.org/files/ENCFF360KJP/@@download/ENCFF360KJP.bam; https://www.encodeproject.org/files/ENCFF855VXN/@@download/ENCFF855VXN.tar.gz; https://www.encodeproject.org/files/ENCFF546AYZ/@@download/ENCFF546AYZ.tar.gz; https://www.encodeproject.org/files/ENCFF630HCT/@@download/ENCFF630HCT.tar.gz,,BAM; FASTQ; GZ; H5AD; TSV,true,false,false,false,983044096,exact sum of released ENCODE read and index-read FASTQs,1656015682,exact sum of other released ENCODE component assets,2639059778,public,2026-08-01
ENCODE,ENCSR033MDU,,ENCODE released multiomics series,Homo sapiens pancreas tissue nuclear fraction female adult (47 years),pancreas,Homo sapiens,single-cell RNA sequencing assay; single-nucleus ATAC-seq,true,5748,5748,5748,5748,provider-reported estimated nuclei,,https://www.encodeproject.org/experiments/ENCSR033MDU/,https://www.encodeproject.org/files/ENCFF911NUY/@@download/ENCFF911NUY.fastq.gz; https://www.encodeproject.org/files/ENCFF367HBQ/@@download/ENCFF367HBQ.fastq.gz; https://www.encodeproject.org/files/ENCFF640CVN/@@download/ENCFF640CVN.fastq.gz; https://www.encodeproject.org/files/ENCFF989SKJ/@@download/ENCFF989SKJ.fastq.gz; https://www.encodeproject.org/files/ENCFF685HTY/@@download/ENCFF685HTY.fastq.gz; https://www.encodeproject.org/files/ENCFF857TCW/@@download/ENCFF857TCW.fastq.gz; https://www.encodeproject.org/files/ENCFF248JPV/@@download/ENCFF248JPV.fastq.gz; https://www.encodeproject.org/files/ENCFF961TMU/@@download/ENCFF961TMU.fastq.gz; https://www.encodeproject.org/files/ENCFF914UFX/@@download/ENCFF914UFX.fastq.gz; https://www.encodeproject.org/files/ENCFF235JUC/@@download/ENCFF235JUC.fastq.gz,direct released FASTQ assets supplied,https://www.encodeproject.org/files/ENCFF572MQL/@@download/ENCFF572MQL.fastq.gz; https://www.encodeproject.org/files/ENCFF012QRC/@@download/ENCFF012QRC.fastq.gz; https://www.encodeproject.org/files/ENCFF151CMW/@@download/ENCFF151CMW.bam; https://www.encodeproject.org/files/ENCFF820AVB/@@download/ENCFF820AVB.bam; https://www.encodeproject.org/files/ENCFF836KOE/@@download/ENCFF836KOE.tar.gz; https://www.encodeproject.org/files/ENCFF288XZZ/@@download/ENCFF288XZZ.bam; https://www.encodeproject.org/files/ENCFF906UPF/@@download/ENCFF906UPF.tar.gz; https://www.encodeproject.org/files/ENCFF069UYQ/@@download/ENCFF069UYQ.tar.gz; https://www.encodeproject.org/files/ENCFF578NGE/@@download/ENCFF578NGE.tar.gz; https://www.encodeproject.org/files/ENCFF844MKD/@@download/ENCFF844MKD.tar.gz; https://www.encodeproject.org/files/ENCFF148LLV/@@download/ENCFF148LLV.tar.gz,,BAM; FASTQ; GZ; fragment,false,false,true,false,23517953640,exact sum of released ENCODE read and index-read FASTQs,54101814416,exact sum of other released ENCODE component assets,77619768056,public,2026-08-01
ENCODE,ENCSR038TKH,,ENCODE released multiomics series,Homo sapiens heart left ventricle tissue nuclear fraction male adult (55 years),heart left ventricle,Homo sapiens,single-cell RNA sequencing assay; single-nucleus ATAC-seq,true,23935,23935,23935,23935,provider-reported estimated nuclei,,https://www.encodeproject.org/experiments/ENCSR038TKH/,https://www.encodeproject.org/files/ENCFF143RVL/@@download/ENCFF143RVL.fastq.gz; https://www.encodeproject.org/files/ENCFF373XLD/@@download/ENCFF373XLD.fastq.gz; https://www.encodeproject.org/files/ENCFF545JOQ/@@download/ENCFF545JOQ.fastq.gz; https://www.encodeproject.org/files/ENCFF147HNS/@@download/ENCFF147HNS.fastq.gz; https://www.encodeproject.org/files/ENCFF381RQX/@@download/ENCFF381RQX.fastq.gz; https://www.encodeproject.org/files/ENCFF829DGF/@@download/ENCFF829DGF.fastq.gz; https://www.encodeproject.org/files/ENCFF851PEE/@@download/ENCFF851PEE.fastq.gz; https://www.encodeproject.org/files/ENCFF125KVA/@@download/ENCFF125KVA.fastq.gz; https://www.encodeproject.org/files/ENCFF346EMA/@@download/ENCFF346EMA.fastq.gz; https://www.encodeproject.org/files/ENCFF437KAS/@@download/ENCFF437KAS.fastq.gz; https://www.encodeproject.org/files/ENCFF250RNM/@@download/ENCFF250RNM.fastq.gz; https://www.encodeproject.org/files/ENCFF865EJB/@@download/ENCFF865EJB.fastq.gz; https://www.encodeproject.org/files/ENCFF920CZU/@@download/ENCFF920CZU.fastq.gz; https://www.encodeproject.org/files/ENCFF759JQE/@@download/ENCFF759JQE.fastq.gz; https://www.encodeproject.org/files/ENCFF221KKR/@@download/ENCFF221KKR.fastq.gz; https://www.encodeproject.org/files/ENCFF216AUB/@@download/ENCFF216AUB.fastq.gz; https://www.encodeproject.org/files/ENCFF537NVO/@@download/ENCFF537NVO.fastq.gz; https://www.encodeproject.org/files/ENCFF973KRJ/@@download/ENCFF973KRJ.fastq.gz; https://www.encodeproject.org/files/ENCFF958YJL/@@download/ENCFF958YJL.fastq.gz; https://www.encodeproject.org/files/ENCFF106ZSV/@@download/ENCFF106ZSV.fastq.gz,direct released FASTQ assets supplied,https://www.encodeproject.org/files/ENCFF268HPL/@@download/ENCFF268HPL.fastq.gz; https://www.encodeproject.org/files/ENCFF618PJG/@@download/ENCFF618PJG.fastq.gz; https://www.encodeproject.org/files/ENCFF502HZO/@@download/ENCFF502HZO.bam; https://www.encodeproject.org/files/ENCFF921EEW/@@download/ENCFF921EEW.bam; https://www.encodeproject.org/files/ENCFF986YSP/@@download/ENCFF986YSP.tar.gz; https://www.encodeproject.org/files/ENCFF393NUZ/@@download/ENCFF393NUZ.bam; https://www.encodeproject.org/files/ENCFF245IHZ/@@download/ENCFF245IHZ.tar.gz; https://www.encodeproject.org/files/ENCFF520UFN/@@download/ENCFF520UFN.tar.gz; https://www.encodeproject.org/files/ENCFF963OQH/@@download/ENCFF963OQH.tar.gz; https://www.encodeproject.org/files/ENCFF381ZJP/@@download/ENCFF381ZJP.tar.gz; https://www.encodeproject.org/files/ENCFF693PKV/@@download/ENCFF693PKV.tar.gz,,BAM; FASTQ; GZ; fragment,false,false,true,false,165773752550,exact sum of released ENCODE read and index-read FASTQs,451082807683,exact sum of other released ENCODE component assets,616856560233,public,2026-08-01
ENCODE,ENCSR048YMP,,ENCODE released multiomics series,Mus musculus strain B6CASTF1/J heart tissue nuclear fraction male postnatal (14 days),heart,Mus musculus,single-cell RNA sequencing assay; single-nucleus ATAC-seq,true,15358,15358,15358,15358,provider-reported estimated nuclei,,https://www.encodeproject.org/experiments/ENCSR048YMP/,https://www.encodeproject.org/files/ENCFF884TYC/@@download/ENCFF884TYC.fastq.gz; https://www.encodeproject.org/files/ENCFF331NHJ/@@download/ENCFF331NHJ.fastq.gz; https://www.encodeproject.org/files/ENCFF056PAG/@@download/ENCFF056PAG.fastq.gz; https://www.encodeproject.org/files/ENCFF690MIH/@@download/ENCFF690MIH.fastq.gz; https://www.encodeproject.org/files/ENCFF846IYI/@@download/ENCFF846IYI.fastq.gz; https://www.encodeproject.org/files/ENCFF625UUZ/@@download/ENCFF625UUZ.fastq.gz; https://www.encodeproject.org/files/ENCFF422BMG/@@download/ENCFF422BMG.fastq.gz; https://www.encodeproject.org/files/ENCFF376DYV/@@download/ENCFF376DYV.fastq.gz; https://www.encodeproject.org/files/ENCFF093PXL/@@download/ENCFF093PXL.fastq.gz; https://www.encodeproject.org/files/ENCFF227KXI/@@download/ENCFF227KXI.fastq.gz,direct released FASTQ assets supplied,https://www.encodeproject.org/files/ENCFF641RMY/@@download/ENCFF641RMY.fastq.gz; https://www.encodeproject.org/files/ENCFF866EAT/@@download/ENCFF866EAT.fastq.gz; https://www.encodeproject.org/files/ENCFF623SXU/@@download/ENCFF623SXU.bam; https://www.encodeproject.org/files/ENCFF422TMZ/@@download/ENCFF422TMZ.bam; https://www.encodeproject.org/files/ENCFF152GXR/@@download/ENCFF152GXR.tar.gz; https://www.encodeproject.org/files/ENCFF412HWA/@@download/ENCFF412HWA.bam; https://www.encodeproject.org/files/ENCFF489EHG/@@download/ENCFF489EHG.tar.gz; https://www.encodeproject.org/files/ENCFF029MGF/@@download/ENCFF029MGF.tar.gz; https://www.encodeproject.org/files/ENCFF323FXM/@@download/ENCFF323FXM.tar.gz; https://www.encodeproject.org/files/ENCFF475GUS/@@download/ENCFF475GUS.tar.gz; https://www.encodeproject.org/files/ENCFF053AQC/@@download/ENCFF053AQC.tar.gz,,BAM; FASTQ; GZ; fragment,false,false,true,false,25692157622,exact sum of released ENCODE read and index-read FASTQs,55508062575,exact sum of other released ENCODE component assets,81200220197,public,2026-08-01
ENCODE,ENCSR051TIA,,ENCODE released multiomics series,Homo sapiens liver tissue nuclear fraction male adult (41 years),liver,Homo sapiens,single-cell RNA sequencing assay; single-nucleus ATAC-seq,true,3566,3566,3566,3566,provider-reported estimated nuclei,,https://www.encodeproject.org/experiments/ENCSR051TIA/,https://www.encodeproject.org/files/ENCFF796LQF/@@download/ENCFF796LQF.fastq.gz; https://www.encodeproject.org/files/ENCFF097JKE/@@download/ENCFF097JKE.fastq.gz; https://www.encodeproject.org/files/ENCFF477MSA/@@download/ENCFF477MSA.fastq.gz; https://www.encodeproject.org/files/ENCFF055UGF/@@download/ENCFF055UGF.fastq.gz; https://www.encodeproject.org/files/ENCFF635PWH/@@download/ENCFF635PWH.fastq.gz; https://www.encodeproject.org/files/ENCFF098JLL/@@download/ENCFF098JLL.fastq.gz; https://www.encodeproject.org/files/ENCFF432NTQ/@@download/ENCFF432NTQ.fastq.gz; https://www.encodeproject.org/files/ENCFF866XUG/@@download/ENCFF866XUG.fastq.gz; https://www.encodeproject.org/files/ENCFF237NBY/@@download/ENCFF237NBY.fastq.gz; https://www.encodeproject.org/files/ENCFF587JBL/@@download/ENCFF587JBL.fastq.gz; https://www.encodeproject.org/files/ENCFF487FLV/@@download/ENCFF487FLV.fastq.gz; https://www.encodeproject.org/files/ENCFF467HUB/@@download/ENCFF467HUB.fastq.gz; https://www.encodeproject.org/files/ENCFF287MJP/@@download/ENCFF287MJP.fastq.gz,direct released FASTQ assets supplied,https://www.encodeproject.org/files/ENCFF547JYL/@@download/ENCFF547JYL.fastq.gz; https://www.encodeproject.org/files/ENCFF251FDI/@@download/ENCFF251FDI.fastq.gz; https://www.encodeproject.org/files/ENCFF839XQB/@@download/ENCFF839XQB.bam; https://www.encodeproject.org/files/ENCFF106DHK/@@download/ENCFF106DHK.bam; https://www.encodeproject.org/files/ENCFF104HAE/@@download/ENCFF104HAE.tar.gz; https://www.encodeproject.org/files/ENCFF567EPW/@@download/ENCFF567EPW.bam; https://www.encodeproject.org/files/ENCFF778DFS/@@download/ENCFF778DFS.tar.gz; https://www.encodeproject.org/files/ENCFF524EJI/@@download/ENCFF524EJI.tar.gz; https://www.encodeproject.org/files/ENCFF660BGJ/@@download/ENCFF660BGJ.tar.gz; https://www.encodeproject.org/files/ENCFF392LMF/@@download/ENCFF392LMF.tar.gz; https://www.encodeproject.org/files/ENCFF797QWF/@@download/ENCFF797QWF.tar.gz,,BAM; FASTQ; GZ; fragment,false,false,true,false,26827323086,exact sum of released ENCODE read and index-read FASTQs,76295936182,exact sum of other released ENCODE component assets,103123259268,public,2026-08-01
ENCODE,ENCSR056LAM,,ENCODE released multiomics series,Homo sapiens heart left ventricle tissue nuclear fraction male adult (67 years),heart left ventricle,Homo sapiens,single-cell RNA sequencing assay; single-nucleus ATAC-seq,true,20837,20837,20837,20837,provider-reported estimated nuclei,,https://www.encodeproject.org/experiments/ENCSR056LAM/,https://www.encodeproject.org/files/ENCFF931CNU/@@download/ENCFF931CNU.fastq.gz; https://www.encodeproject.org/files/ENCFF990XTL/@@download/ENCFF990XTL.fastq.gz; https://www.encodeproject.org/files/ENCFF069MHS/@@download/ENCFF069MHS.fastq.gz; https://www.encodeproject.org/files/ENCFF893KTP/@@download/ENCFF893KTP.fastq.gz; https://www.encodeproject.org/files/ENCFF566AGI/@@download/ENCFF566AGI.fastq.gz; https://www.encodeproject.org/files/ENCFF881QNO/@@download/ENCFF881QNO.fastq.gz; https://www.encodeproject.org/files/ENCFF283ZZR/@@download/ENCFF283ZZR.fastq.gz; https://www.encodeproject.org/files/ENCFF126KQF/@@download/ENCFF126KQF.fastq.gz; https://www.encodeproject.org/files/ENCFF770CFC/@@download/ENCFF770CFC.fastq.gz; https://www.encodeproject.org/files/ENCFF676DJN/@@download/ENCFF676DJN.fastq.gz; https://www.encodeproject.org/files/ENCFF133TTM/@@download/ENCFF133TTM.fastq.gz; https://www.encodeproject.org/files/ENCFF296CCZ/@@download/ENCFF296CCZ.fastq.gz; https://www.encodeproject.org/files/ENCFF796XBA/@@download/ENCFF796XBA.fastq.gz; https://www.encodeproject.org/files/ENCFF776MNW/@@download/ENCFF776MNW.fastq.gz; https://www.encodeproject.org/files/ENCFF848ZCN/@@download/ENCFF848ZCN.fastq.gz; https://www.encodeproject.org/files/ENCFF045XCZ/@@download/ENCFF045XCZ.fastq.gz; https://www.encodeproject.org/files/ENCFF634DMS/@@download/ENCFF634DMS.fastq.gz; https://www.encodeproject.org/files/ENCFF669SSN/@@download/ENCFF669SSN.fastq.gz; https://www.encodeproject.org/files/ENCFF138OZS/@@download/ENCFF138OZS.fastq.gz; https://www.encodeproject.org/files/ENCFF965HWU/@@download/ENCFF965HWU.fastq.gz,direct released FASTQ assets supplied,https://www.encodeproject.org/files/ENCFF768LWR/@@download/ENCFF768LWR.fastq.gz; https://www.encodeproject.org/files/ENCFF242GHJ/@@download/ENCFF242GHJ.fastq.gz; https://www.encodeproject.org/files/ENCFF913KFW/@@download/ENCFF913KFW.bam; https://www.encodeproject.org/files/ENCFF349QGI/@@download/ENCFF349QGI.bam; https://www.encodeproject.org/files/ENCFF365FBJ/@@download/ENCFF365FBJ.tar.gz; https://www.encodeproject.org/files/ENCFF903LZD/@@download/ENCFF903LZD.bam; https://www.encodeproject.org/files/ENCFF377ZNX/@@download/ENCFF377ZNX.tar.gz; https://www.encodeproject.org/files/ENCFF588EOL/@@download/ENCFF588EOL.tar.gz; https://www.encodeproject.org/files/ENCFF279AOM/@@download/ENCFF279AOM.tar.gz; https://www.encodeproject.org/files/ENCFF093GHP/@@download/ENCFF093GHP.tar.gz; https://www.encodeproject.org/files/ENCFF726RHO/@@download/ENCFF726RHO.tar.gz,,BAM; FASTQ; GZ; fragment,false,false,true,false,89593270506,exact sum of released ENCODE read and index-read FASTQs,197093936881,exact sum of other released ENCODE component assets,286687207387,public,2026-08-01
ENCODE,ENCSR060VMC,,ENCODE released multiomics series,Homo sapiens heart left ventricle tissue nuclear fraction female adult (68 years),heart left ventricle,Homo sapiens,single-cell RNA sequencing assay; single-nucleus ATAC-seq,true,16022,16022,16022,16022,provider-reported estimated nuclei,,https://www.encodeproject.org/experiments/ENCSR060VMC/,https://www.encodeproject.org/files/ENCFF159QYL/@@download/ENCFF159QYL.fastq.gz; https://www.encodeproject.org/files/ENCFF146VEV/@@download/ENCFF146VEV.fastq.gz; https://www.encodeproject.org/files/ENCFF307PTP/@@download/ENCFF307PTP.fastq.gz; https://www.encodeproject.org/files/ENCFF902SJU/@@download/ENCFF902SJU.fastq.gz; https://www.encodeproject.org/files/ENCFF171PDO/@@download/ENCFF171PDO.fastq.gz; https://www.encodeproject.org/files/ENCFF719VZE/@@download/ENCFF719VZE.fastq.gz; https://www.encodeproject.org/files/ENCFF261QUR/@@download/ENCFF261QUR.fastq.gz; https://www.encodeproject.org/files/ENCFF193CXH/@@download/ENCFF193CXH.fastq.gz; https://www.encodeproject.org/files/ENCFF113THB/@@download/ENCFF113THB.fastq.gz; https://www.encodeproject.org/files/ENCFF462CJC/@@download/ENCFF462CJC.fastq.gz; https://www.encodeproject.org/files/ENCFF893FOG/@@download/ENCFF893FOG.fastq.gz; https://www.encodeproject.org/files/ENCFF960BEY/@@download/ENCFF960BEY.fastq.gz; https://www.encodeproject.org/files/ENCFF250AXS/@@download/ENCFF250AXS.fastq.gz; https://www.encodeproject.org/files/ENCFF526PHO/@@download/ENCFF526PHO.fastq.gz; https://www.encodeproject.org/files/ENCFF491PJN/@@download/ENCFF491PJN.fastq.gz; https://www.encodeproject.org/files/ENCFF083YSB/@@download/ENCFF083YSB.fastq.gz; https://www.encodeproject.org/files/ENCFF383CHR/@@download/ENCFF383CHR.fastq.gz; https://www.encodeproject.org/files/ENCFF038LID/@@download/ENCFF038LID.fastq.gz; https://www.encodeproject.org/files/ENCFF828AAN/@@download/ENCFF828AAN.fastq.gz; https://www.encodeproject.org/files/ENCFF989FQV/@@download/ENCFF989FQV.fastq.gz,direct released FASTQ assets supplied,https://www.encodeproject.org/files/ENCFF713NQT/@@download/ENCFF713NQT.fastq.gz; https://www.encodeproject.org/files/ENCFF399YSO/@@download/ENCFF399YSO.fastq.gz; https://www.encodeproject.org/files/ENCFF981GPN/@@download/ENCFF981GPN.bam; https://www.encodeproject.org/files/ENCFF266TRQ/@@download/ENCFF266TRQ.tar.gz; https://www.encodeproject.org/files/ENCFF971EGB/@@download/ENCFF971EGB.bam; https://www.encodeproject.org/files/ENCFF464EZI/@@download/ENCFF464EZI.bam; https://www.encodeproject.org/files/ENCFF466UAQ/@@download/ENCFF466UAQ.tar.gz; https://www.encodeproject.org/files/ENCFF405ANF/@@download/ENCFF405ANF.tar.gz; https://www.encodeproject.org/files/ENCFF169FQE/@@download/ENCFF169FQE.tar.gz; https://www.encodeproject.org/files/ENCFF684ESX/@@download/ENCFF684ESX.tar.gz; https://www.encodeproject.org/files/ENCFF814FTG/@@download/ENCFF814FTG.tar.gz,,BAM; FASTQ; GZ; fragment,false,false,true,false,48514999220,exact sum of released ENCODE read and index-read FASTQs,99545812595,exact sum of other released ENCODE component assets,148060811815,public,2026-08-01
ENCODE,ENCSR068CZC,,ENCODE released multiomics series,Mus musculus strain B6CASTF1/J gastrocnemius tissue nuclear fraction male postnatal (14 days),gastrocnemius,Mus musculus,single-cell RNA sequencing assay; single-nucleus ATAC-seq,true,6750,6750,6750,6750,provider-reported estimated nuclei,,https://www.encodeproject.org/experiments/ENCSR068CZC/,https://www.encodeproject.org/files/ENCFF147HCY/@@download/ENCFF147HCY.fastq.gz; https://www.encodeproject.org/files/ENCFF461CBE/@@download/ENCFF461CBE.fastq.gz; https://www.encodeproject.org/files/ENCFF223EBD/@@download/ENCFF223EBD.fastq.gz; https://www.encodeproject.org/files/ENCFF929NNO/@@download/ENCFF929NNO.fastq.gz; https://www.encodeproject.org/files/ENCFF549TBW/@@download/ENCFF549TBW.fastq.gz; https://www.encodeproject.org/files/ENCFF858CCV/@@download/ENCFF858CCV.fastq.gz; https://www.encodeproject.org/files/ENCFF026ULU/@@download/ENCFF026ULU.fastq.gz; https://www.encodeproject.org/files/ENCFF781GNN/@@download/ENCFF781GNN.fastq.gz; https://www.encodeproject.org/files/ENCFF805PDL/@@download/ENCFF805PDL.fastq.gz; https://www.encodeproject.org/files/ENCFF269DSR/@@download/ENCFF269DSR.fastq.gz,direct released FASTQ assets supplied,https://www.encodeproject.org/files/ENCFF181OGW/@@download/ENCFF181OGW.fastq.gz; https://www.encodeproject.org/files/ENCFF574DDP/@@download/ENCFF574DDP.fastq.gz; https://www.encodeproject.org/files/ENCFF581QPS/@@download/ENCFF581QPS.bam; https://www.encodeproject.org/files/ENCFF796KVZ/@@download/ENCFF796KVZ.tar.gz; https://www.encodeproject.org/files/ENCFF223QPG/@@download/ENCFF223QPG.bam; https://www.encodeproject.org/files/ENCFF751TGG/@@download/ENCFF751TGG.bam; https://www.encodeproject.org/files/ENCFF513JHZ/@@download/ENCFF513JHZ.tar.gz; https://www.encodeproject.org/files/ENCFF936DBL/@@download/ENCFF936DBL.tar.gz; https://www.encodeproject.org/files/ENCFF546XXV/@@download/ENCFF546XXV.tar.gz; https://www.encodeproject.org/files/ENCFF382SUT/@@download/ENCFF382SUT.tar.gz; https://www.encodeproject.org/files/ENCFF994JAN/@@download/ENCFF994JAN.tar.gz,,BAM; FASTQ; GZ; fragment,false,false,true,false,20535276088,exact sum of released ENCODE read and index-read FASTQs,42728886653,exact sum of other released ENCODE component assets,63264162741,public,2026-08-01
ENCODE,ENCSR068ZQV,,ENCODE released multiomics series,Homo sapiens bile duct tissue nuclear fraction female adult (47 years),bile duct,Homo sapiens,single-cell RNA sequencing assay; single-nucleus ATAC-seq,true,519,519,519,519,provider-reported estimated nuclei,,https://www.encodeproject.org/experiments/ENCSR068ZQV/,https://www.encodeproject.org/files/ENCFF750VFF/@@download/ENCFF750VFF.fastq.gz; https://www.encodeproject.org/files/ENCFF651SZJ/@@download/ENCFF651SZJ.fastq.gz; https://www.encodeproject.org/files/ENCFF213PCX/@@download/ENCFF213PCX.fastq.gz; https://www.encodeproject.org/files/ENCFF587RRC/@@download/ENCFF587RRC.fastq.gz; https://www.encodeproject.org/files/ENCFF623ZVW/@@download/ENCFF623ZVW.fastq.gz; https://www.encodeproject.org/files/ENCFF013UUU/@@download/ENCFF013UUU.fastq.gz; https://www.encodeproject.org/files/ENCFF732TYL/@@download/ENCFF732TYL.fastq.gz; https://www.encodeproject.org/files/ENCFF647FXP/@@download/ENCFF647FXP.fastq.gz; https://www.encodeproject.org/files/ENCFF011BWD/@@download/ENCFF011BWD.fastq.gz; https://www.encodeproject.org/files/ENCFF536OFB/@@download/ENCFF536OFB.fastq.gz,direct released FASTQ assets supplied,https://www.encodeproject.org/files/ENCFF862INA/@@download/ENCFF862INA.fastq.gz; https://www.encodeproject.org/files/ENCFF024UCQ/@@download/ENCFF024UCQ.fastq.gz; https://www.encodeproject.org/files/ENCFF983EGM/@@download/ENCFF983EGM.bam; https://www.encodeproject.org/files/ENCFF902YOB/@@download/ENCFF902YOB.bam; https://www.encodeproject.org/files/ENCFF527ECB/@@download/ENCFF527ECB.tar.gz; https://www.encodeproject.org/files/ENCFF823ZGE/@@download/ENCFF823ZGE.bam; https://www.encodeproject.org/files/ENCFF250WLJ/@@download/ENCFF250WLJ.tar.gz; https://www.encodeproject.org/files/ENCFF471DOE/@@download/ENCFF471DOE.tar.gz; https://www.encodeproject.org/files/ENCFF645TCC/@@download/ENCFF645TCC.tar.gz; https://www.encodeproject.org/files/ENCFF093SVS/@@download/ENCFF093SVS.tar.gz; https://www.encodeproject.org/files/ENCFF481MPW/@@download/ENCFF481MPW.tar.gz,,BAM; FASTQ; GZ; fragment,false,false,true,false,44212390297,exact sum of released ENCODE read and index-read FASTQs,108911271285,exact sum of other released ENCODE component assets,153123661582,public,2026-08-01
ENCODE,ENCSR079UEO,,ENCODE released multiomics series,Homo sapiens heart right ventricle tissue nuclear fraction female adult (41 years),heart right ventricle,Homo sapiens,single-cell RNA sequencing assay; single-nucleus ATAC-seq,true,21854,21854,21854,21854,provider-reported estimated nuclei,,https://www.encodeproject.org/experiments/ENCSR079UEO/,https://www.encodeproject.org/files/ENCFF186PTZ/@@download/ENCFF186PTZ.fastq.gz; https://www.encodeproject.org/files/ENCFF909ECS/@@download/ENCFF909ECS.fastq.gz; https://www.encodeproject.org/files/ENCFF980RHM/@@download/ENCFF980RHM.fastq.gz; https://www.encodeproject.org/files/ENCFF934UIU/@@download/ENCFF934UIU.fastq.gz; https://www.encodeproject.org/files/ENCFF971HJZ/@@download/ENCFF971HJZ.fastq.gz; https://www.encodeproject.org/files/ENCFF084HDD/@@download/ENCFF084HDD.fastq.gz; https://www.encodeproject.org/files/ENCFF900EAP/@@download/ENCFF900EAP.fastq.gz; https://www.encodeproject.org/files/ENCFF708KMH/@@download/ENCFF708KMH.fastq.gz; https://www.encodeproject.org/files/ENCFF872XOQ/@@download/ENCFF872XOQ.fastq.gz; https://www.encodeproject.org/files/ENCFF434PTE/@@download/ENCFF434PTE.fastq.gz,direct released FASTQ assets supplied,https://www.encodeproject.org/files/ENCFF553BQP/@@download/ENCFF553BQP.fastq.gz; https://www.encodeproject.org/files/ENCFF502RDI/@@download/ENCFF502RDI.fastq.gz; https://www.encodeproject.org/files/ENCFF691DUZ/@@download/ENCFF691DUZ.bam; https://www.encodeproject.org/files/ENCFF836MSP/@@download/ENCFF836MSP.bam; https://www.encodeproject.org/files/ENCFF400OJD/@@download/ENCFF400OJD.tar.gz; https://www.encodeproject.org/files/ENCFF783KRR/@@download/ENCFF783KRR.tar.gz; https://www.encodeproject.org/files/ENCFF728VZS/@@download/ENCFF728VZS.bam; https://www.encodeproject.org/files/ENCFF421XAA/@@download/ENCFF421XAA.tar.gz; https://www.encodeproject.org/files/ENCFF479QCR/@@download/ENCFF479QCR.tar.gz; https://www.encodeproject.org/files/ENCFF038SVX/@@download/ENCFF038SVX.tar.gz; https://www.encodeproject.org/files/ENCFF778GPD/@@download/ENCFF778GPD.tar.gz,,BAM; FASTQ; GZ; fragment,false,false,true,false,48575372855,exact sum of released ENCODE read and index-read FASTQs,116357523782,exact sum of other released ENCODE component assets,164932896637,public,2026-08-01
ENCODE,ENCSR084MAZ,,ENCODE released multiomics series,Mus musculus strain B6CASTF1/J heart tissue nuclear fraction female adult (2 months),heart,Mus musculus,single-cell RNA sequencing assay; single-nucleus ATAC-seq,true,11375,11375,11375,11375,provider-reported estimated nuclei,,https://www.encodeproject.org/experiments/ENCSR084MAZ/,https://www.encodeproject.org/files/ENCFF359VHW/@@download/ENCFF359VHW.fastq.gz; https://www.encodeproject.org/files/ENCFF838MMF/@@download/ENCFF838MMF.fastq.gz; https://www.encodeproject.org/files/ENCFF101ISQ/@@download/ENCFF101ISQ.fastq.gz; https://www.encodeproject.org/files/ENCFF649LUZ/@@download/ENCFF649LUZ.fastq.gz; https://www.encodeproject.org/files/ENCFF197XUR/@@download/ENCFF197XUR.fastq.gz; https://www.encodeproject.org/files/ENCFF127PYD/@@download/ENCFF127PYD.fastq.gz; https://www.encodeproject.org/files/ENCFF670WHM/@@download/ENCFF670WHM.fastq.gz; https://www.encodeproject.org/files/ENCFF959JUX/@@download/ENCFF959JUX.fastq.gz; https://www.encodeproject.org/files/ENCFF253BNW/@@download/ENCFF253BNW.fastq.gz; https://www.encodeproject.org/files/ENCFF855YGK/@@download/ENCFF855YGK.fastq.gz,direct released FASTQ assets supplied,https://www.encodeproject.org/files/ENCFF268CHO/@@download/ENCFF268CHO.fastq.gz; https://www.encodeproject.org/files/ENCFF960FQU/@@download/ENCFF960FQU.fastq.gz; https://www.encodeproject.org/files/ENCFF133BGY/@@download/ENCFF133BGY.bam; https://www.encodeproject.org/files/ENCFF265CMW/@@download/ENCFF265CMW.bam; https://www.encodeproject.org/files/ENCFF563VAR/@@download/ENCFF563VAR.tar.gz; https://www.encodeproject.org/files/ENCFF224RUC/@@download/ENCFF224RUC.bam; https://www.encodeproject.org/files/ENCFF387YCW/@@download/ENCFF387YCW.tar.gz; https://www.encodeproject.org/files/ENCFF255OXR/@@download/ENCFF255OXR.tar.gz; https://www.encodeproject.org/files/ENCFF618EIT/@@download/ENCFF618EIT.tar.gz; https://www.encodeproject.org/files/ENCFF845CYM/@@download/ENCFF845CYM.tar.gz; https://www.encodeproject.org/files/ENCFF187TWY/@@download/ENCFF187TWY.tar.gz,,BAM; FASTQ; GZ; fragment,false,false,true,false,25747928001,exact sum of released ENCODE read and index-read FASTQs,54114417604,exact sum of other released ENCODE component assets,79862345605,public,2026-08-01
ENCODE,ENCSR091PMJ,,ENCODE released multiomics series,Homo sapiens heart tissue nuclear fraction female embryo (115 days),heart,Homo sapiens,single-cell RNA sequencing assay; single-nucleus ATAC-seq,true,22650,22650,22650,22650,provider-reported estimated nuclei,,https://www.encodeproject.org/experiments/ENCSR091PMJ/,https://www.encodeproject.org/files/ENCFF289FLJ/@@download/ENCFF289FLJ.fastq.gz; https://www.encodeproject.org/files/ENCFF207IJF/@@download/ENCFF207IJF.fastq.gz; https://www.encodeproject.org/files/ENCFF224DHC/@@download/ENCFF224DHC.fastq.gz; https://www.encodeproject.org/files/ENCFF450YRB/@@download/ENCFF450YRB.fastq.gz; https://www.encodeproject.org/files/ENCFF682AFX/@@download/ENCFF682AFX.fastq.gz; https://www.encodeproject.org/files/ENCFF582BNN/@@download/ENCFF582BNN.fastq.gz; https://www.encodeproject.org/files/ENCFF211SQA/@@download/ENCFF211SQA.fastq.gz; https://www.encodeproject.org/files/ENCFF345MDS/@@download/ENCFF345MDS.fastq.gz; https://www.encodeproject.org/files/ENCFF257LRL/@@download/ENCFF257LRL.fastq.gz; https://www.encodeproject.org/files/ENCFF822WZR/@@download/ENCFF822WZR.fastq.gz,direct released FASTQ assets supplied,https://www.encodeproject.org/files/ENCFF070HKH/@@download/ENCFF070HKH.fastq.gz; https://www.encodeproject.org/files/ENCFF046FSI/@@download/ENCFF046FSI.fastq.gz; https://www.encodeproject.org/files/ENCFF412CDO/@@download/ENCFF412CDO.bam; https://www.encodeproject.org/files/ENCFF611TIE/@@download/ENCFF611TIE.bam; https://www.encodeproject.org/files/ENCFF958UTA/@@download/ENCFF958UTA.tar.gz; https://www.encodeproject.org/files/ENCFF024BUJ/@@download/ENCFF024BUJ.bam; https://www.encodeproject.org/files/ENCFF426WHV/@@download/ENCFF426WHV.tar.gz; https://www.encodeproject.org/files/ENCFF388YNA/@@download/ENCFF388YNA.tar.gz; https://www.encodeproject.org/files/ENCFF849ALE/@@download/ENCFF849ALE.tar.gz; https://www.encodeproject.org/files/ENCFF999CQQ/@@download/ENCFF999CQQ.tar.gz; https://www.encodeproject.org/files/ENCFF561SCY/@@download/ENCFF561SCY.tar.gz,,BAM; FASTQ; GZ; fragment,false,false,true,false,32672742602,exact sum of released ENCODE read and index-read FASTQs,68048065287,exact sum of other released ENCODE component assets,100720807889,public,2026-08-01
ENCODE,ENCSR097ZGV,,ENCODE released multiomics series,Mus musculus strain B6CASTF1/J adrenal gland tissue nuclear fraction female adult (2 months),adrenal gland,Mus musculus,single-cell RNA sequencing assay; single-nucleus ATAC-seq,true,5046,5046,5046,5046,provider-reported estimated nuclei,,https://www.encodeproject.org/experiments/ENCSR097ZGV/,https://www.encodeproject.org/files/ENCFF391ORL/@@download/ENCFF391ORL.fastq.gz; https://www.encodeproject.org/files/ENCFF940EAJ/@@download/ENCFF940EAJ.fastq.gz; https://www.encodeproject.org/files/ENCFF692HCU/@@download/ENCFF692HCU.fastq.gz; https://www.encodeproject.org/files/ENCFF993ZAU/@@download/ENCFF993ZAU.fastq.gz; https://www.encodeproject.org/files/ENCFF725KIZ/@@download/ENCFF725KIZ.fastq.gz; https://www.encodeproject.org/files/ENCFF175THJ/@@download/ENCFF175THJ.fastq.gz; https://www.encodeproject.org/files/ENCFF483QXZ/@@download/ENCFF483QXZ.fastq.gz; https://www.encodeproject.org/files/ENCFF959YIP/@@download/ENCFF959YIP.fastq.gz; https://www.encodeproject.org/files/ENCFF414TDY/@@download/ENCFF414TDY.fastq.gz; https://www.encodeproject.org/files/ENCFF851BFO/@@download/ENCFF851BFO.fastq.gz,direct released FASTQ assets supplied,https://www.encodeproject.org/files/ENCFF881JUS/@@download/ENCFF881JUS.fastq.gz; https://www.encodeproject.org/files/ENCFF163UWC/@@download/ENCFF163UWC.fastq.gz; https://www.encodeproject.org/files/ENCFF742ZQW/@@download/ENCFF742ZQW.bam; https://www.encodeproject.org/files/ENCFF081LFD/@@download/ENCFF081LFD.bam; https://www.encodeproject.org/files/ENCFF119IVK/@@download/ENCFF119IVK.tar.gz; https://www.encodeproject.org/files/ENCFF256CHB/@@download/ENCFF256CHB.bam; https://www.encodeproject.org/files/ENCFF151SQY/@@download/ENCFF151SQY.tar.gz; https://www.encodeproject.org/files/ENCFF386RYV/@@download/ENCFF386RYV.tar.gz; https://www.encodeproject.org/files/ENCFF483MCL/@@download/ENCFF483MCL.tar.gz; https://www.encodeproject.org/files/ENCFF544LMJ/@@download/ENCFF544LMJ.tar.gz; https://www.encodeproject.org/files/ENCFF955YJV/@@download/ENCFF955YJV.tar.gz,,BAM; FASTQ; GZ; fragment,false,false,true,false,27924081090,exact sum of released ENCODE read and index-read FASTQs,53795067072,exact sum of other released ENCODE component assets,81719148162,public,2026-08-01
ENCODE,ENCSR100UGC,,ENCODE released multiomics series,Homo sapiens heart left ventricle tissue nuclear fraction male adult (44 years),heart left ventricle,Homo sapiens,single-cell RNA sequencing assay; single-nucleus ATAC-seq,true,22868,22868,22868,22868,provider-reported estimated nuclei,,https://www.encodeproject.org/experiments/ENCSR100UGC/,https://www.encodeproject.org/files/ENCFF193ZKF/@@download/ENCFF193ZKF.fastq.gz; https://www.encodeproject.org/files/ENCFF869PWZ/@@download/ENCFF869PWZ.fastq.gz; https://www.encodeproject.org/files/ENCFF774PFR/@@download/ENCFF774PFR.fastq.gz; https://www.encodeproject.org/files/ENCFF523EXE/@@download/ENCFF523EXE.fastq.gz; https://www.encodeproject.org/files/ENCFF962LOQ/@@download/ENCFF962LOQ.fastq.gz; https://www.encodeproject.org/files/ENCFF886BER/@@download/ENCFF886BER.fastq.gz; https://www.encodeproject.org/files/ENCFF404CKU/@@download/ENCFF404CKU.fastq.gz; https://www.encodeproject.org/files/ENCFF869MDN/@@download/ENCFF869MDN.fastq.gz; https://www.encodeproject.org/files/ENCFF863KRU/@@download/ENCFF863KRU.fastq.gz; https://www.encodeproject.org/files/ENCFF713XOT/@@download/ENCFF713XOT.fastq.gz; https://www.encodeproject.org/files/ENCFF003MIV/@@download/ENCFF003MIV.fastq.gz; https://www.encodeproject.org/files/ENCFF680LZD/@@download/ENCFF680LZD.fastq.gz; https://www.encodeproject.org/files/ENCFF627TZV/@@download/ENCFF627TZV.fastq.gz; https://www.encodeproject.org/files/ENCFF749WGT/@@download/ENCFF749WGT.fastq.gz; https://www.encodeproject.org/files/ENCFF845BCV/@@download/ENCFF845BCV.fastq.gz; https://www.encodeproject.org/files/ENCFF060WSK/@@download/ENCFF060WSK.fastq.gz; https://www.encodeproject.org/files/ENCFF957OXZ/@@download/ENCFF957OXZ.fastq.gz; https://www.encodeproject.org/files/ENCFF891EBE/@@download/ENCFF891EBE.fastq.gz; https://www.encodeproject.org/files/ENCFF352WMQ/@@download/ENCFF352WMQ.fastq.gz; https://www.encodeproject.org/files/ENCFF277SJL/@@download/ENCFF277SJL.fastq.gz,direct released FASTQ assets supplied,https://www.encodeproject.org/files/ENCFF028XYM/@@download/ENCFF028XYM.fastq.gz; https://www.encodeproject.org/files/ENCFF960UZF/@@download/ENCFF960UZF.fastq.gz; https://www.encodeproject.org/files/ENCFF452GKY/@@download/ENCFF452GKY.bam; https://www.encodeproject.org/files/ENCFF547OFO/@@download/ENCFF547OFO.tar.gz; https://www.encodeproject.org/files/ENCFF591FIZ/@@download/ENCFF591FIZ.bam; https://www.encodeproject.org/files/ENCFF544OQH/@@download/ENCFF544OQH.bam; https://www.encodeproject.org/files/ENCFF201ACS/@@download/ENCFF201ACS.tar.gz; https://www.encodeproject.org/files/ENCFF576BFI/@@download/ENCFF576BFI.tar.gz; https://www.encodeproject.org/files/ENCFF865YQP/@@download/ENCFF865YQP.tar.gz; https://www.encodeproject.org/files/ENCFF201LRF/@@download/ENCFF201LRF.tar.gz; https://www.encodeproject.org/files/ENCFF724RGF/@@download/ENCFF724RGF.tar.gz,,BAM; FASTQ; GZ; fragment,false,false,true,false,38536977935,exact sum of released ENCODE read and index-read FASTQs,82576470828,exact sum of other released ENCODE component assets,121113448763,public,2026-08-01
ENCODE,ENCSR102SCY,,ENCODE released multiomics series,Mus musculus strain B6CASTF1/J gastrocnemius tissue nuclear fraction female postnatal (14 days),gastrocnemius,Mus musculus,single-cell RNA sequencing assay; single-nucleus ATAC-seq,true,10479,10479,10479,10479,provider-reported estimated nuclei,,https://www.encodeproject.org/experiments/ENCSR102SCY/,https://www.encodeproject.org/files/ENCFF552VNB/@@download/ENCFF552VNB.fastq.gz; https://www.encodeproject.org/files/ENCFF719OJA/@@download/ENCFF719OJA.fastq.gz; https://www.encodeproject.org/files/ENCFF878KIS/@@download/ENCFF878KIS.fastq.gz; https://www.encodeproject.org/files/ENCFF531GYH/@@download/ENCFF531GYH.fastq.gz; https://www.encodeproject.org/files/ENCFF852WQF/@@download/ENCFF852WQF.fastq.gz; https://www.encodeproject.org/files/ENCFF226RXA/@@download/ENCFF226RXA.fastq.gz; https://www.encodeproject.org/files/ENCFF829JYK/@@download/ENCFF829JYK.fastq.gz; https://www.encodeproject.org/files/ENCFF044DZU/@@download/ENCFF044DZU.fastq.gz; https://www.encodeproject.org/files/ENCFF339BXO/@@download/ENCFF339BXO.fastq.gz; https://www.encodeproject.org/files/ENCFF007RZH/@@download/ENCFF007RZH.fastq.gz,direct released FASTQ assets supplied,https://www.encodeproject.org/files/ENCFF125NDU/@@download/ENCFF125NDU.fastq.gz; https://www.encodeproject.org/files/ENCFF527SAX/@@download/ENCFF527SAX.fastq.gz; https://www.encodeproject.org/files/ENCFF540WFY/@@download/ENCFF540WFY.bam; https://www.encodeproject.org/files/ENCFF601ZZY/@@download/ENCFF601ZZY.bam; https://www.encodeproject.org/files/ENCFF316CYB/@@download/ENCFF316CYB.tar.gz; https://www.encodeproject.org/files/ENCFF956PEB/@@download/ENCFF956PEB.bam; https://www.encodeproject.org/files/ENCFF414EOF/@@download/ENCFF414EOF.tar.gz; https://www.encodeproject.org/files/ENCFF360DOY/@@download/ENCFF360DOY.tar.gz; https://www.encodeproject.org/files/ENCFF744OCX/@@download/ENCFF744OCX.tar.gz; https://www.encodeproject.org/files/ENCFF683AST/@@download/ENCFF683AST.tar.gz; https://www.encodeproject.org/files/ENCFF033JTC/@@download/ENCFF033JTC.tar.gz,,BAM; FASTQ; GZ; fragment,false,false,true,false,21700568699,exact sum of released ENCODE read and index-read FASTQs,43849462318,exact sum of other released ENCODE component assets,65550031017,public,2026-08-01
ENCODE,ENCSR128ZLB,,ENCODE released multiomics series,Homo sapiens lung tissue nuclear fraction female adult (47 years),lung,Homo sapiens,single-cell RNA sequencing assay; single-nucleus ATAC-seq,true,8951,8951,8951,8951,provider-reported estimated nuclei,,https://www.encodeproject.org/experiments/ENCSR128ZLB/,https://www.encodeproject.org/files/ENCFF872EFS/@@download/ENCFF872EFS.fastq.gz; https://www.encodeproject.org/files/ENCFF320GWZ/@@download/ENCFF320GWZ.fastq.gz; https://www.encodeproject.org/files/ENCFF260JLZ/@@download/ENCFF260JLZ.fastq.gz; https://www.encodeproject.org/files/ENCFF591VEX/@@download/ENCFF591VEX.fastq.gz; https://www.encodeproject.org/files/ENCFF979SWK/@@download/ENCFF979SWK.fastq.gz; https://www.encodeproject.org/files/ENCFF213UEY/@@download/ENCFF213UEY.fastq.gz; https://www.encodeproject.org/files/ENCFF135JSP/@@download/ENCFF135JSP.fastq.gz; https://www.encodeproject.org/files/ENCFF318BVV/@@download/ENCFF318BVV.fastq.gz; https://www.encodeproject.org/files/ENCFF094PRI/@@download/ENCFF094PRI.fastq.gz; https://www.encodeproject.org/files/ENCFF639HEH/@@download/ENCFF639HEH.fastq.gz,direct released FASTQ assets supplied,https://www.encodeproject.org/files/ENCFF600USP/@@download/ENCFF600USP.fastq.gz; https://www.encodeproject.org/files/ENCFF491TVZ/@@download/ENCFF491TVZ.fastq.gz; https://www.encodeproject.org/files/ENCFF863CZA/@@download/ENCFF863CZA.bam; https://www.encodeproject.org/files/ENCFF673RWI/@@download/ENCFF673RWI.bam; https://www.encodeproject.org/files/ENCFF177EVP/@@download/ENCFF177EVP.tar.gz; https://www.encodeproject.org/files/ENCFF612RRT/@@download/ENCFF612RRT.bam; https://www.encodeproject.org/files/ENCFF811UKL/@@download/ENCFF811UKL.tar.gz; https://www.encodeproject.org/files/ENCFF124GGN/@@download/ENCFF124GGN.tar.gz; https://www.encodeproject.org/files/ENCFF173YNZ/@@download/ENCFF173YNZ.tar.gz; https://www.encodeproject.org/files/ENCFF143NAV/@@download/ENCFF143NAV.tar.gz; https://www.encodeproject.org/files/ENCFF209UOA/@@download/ENCFF209UOA.tar.gz,,BAM; FASTQ; GZ; fragment,false,false,true,false,49926680623,exact sum of released ENCODE read and index-read FASTQs,122667282581,exact sum of other released ENCODE component assets,172593963204,public,2026-08-01
ENCODE,ENCSR136OET,,ENCODE released multiomics series,Mus musculus strain B6CASTF1/J layer of hippocampus tissue nuclear fraction female postnatal (14 days),layer of hippocampus,Mus musculus,single-cell RNA sequencing assay; single-nucleus ATAC-seq,true,8257,8257,8257,8257,provider-reported estimated nuclei,,https://www.encodeproject.org/experiments/ENCSR136OET/,https://www.encodeproject.org/files/ENCFF766KBX/@@download/ENCFF766KBX.fastq.gz; https://www.encodeproject.org/files/ENCFF871HSB/@@download/ENCFF871HSB.fastq.gz; https://www.encodeproject.org/files/ENCFF122OBK/@@download/ENCFF122OBK.fastq.gz; https://www.encodeproject.org/files/ENCFF867WAO/@@download/ENCFF867WAO.fastq.gz; https://www.encodeproject.org/files/ENCFF479ZGM/@@download/ENCFF479ZGM.fastq.gz; https://www.encodeproject.org/files/ENCFF769TLY/@@download/ENCFF769TLY.fastq.gz; https://www.encodeproject.org/files/ENCFF146AKN/@@download/ENCFF146AKN.fastq.gz; https://www.encodeproject.org/files/ENCFF668QVJ/@@download/ENCFF668QVJ.fastq.gz; https://www.encodeproject.org/files/ENCFF919EYI/@@download/ENCFF919EYI.fastq.gz; https://www.encodeproject.org/files/ENCFF923LNA/@@download/ENCFF923LNA.fastq.gz,direct released FASTQ assets supplied,https://www.encodeproject.org/files/ENCFF131ACB/@@download/ENCFF131ACB.fastq.gz; https://www.encodeproject.org/files/ENCFF848XCJ/@@download/ENCFF848XCJ.fastq.gz; https://www.encodeproject.org/files/ENCFF474ECD/@@download/ENCFF474ECD.bam; https://www.encodeproject.org/files/ENCFF092LXB/@@download/ENCFF092LXB.bam; https://www.encodeproject.org/files/ENCFF199KJL/@@download/ENCFF199KJL.tar.gz; https://www.encodeproject.org/files/ENCFF005OIH/@@download/ENCFF005OIH.tar.gz; https://www.encodeproject.org/files/ENCFF323NLB/@@download/ENCFF323NLB.tar.gz; https://www.encodeproject.org/files/ENCFF203SUH/@@download/ENCFF203SUH.bam; https://www.encodeproject.org/files/ENCFF178LTW/@@download/ENCFF178LTW.tar.gz; https://www.encodeproject.org/files/ENCFF551IKY/@@download/ENCFF551IKY.tar.gz; https://www.encodeproject.org/files/ENCFF674PPP/@@download/ENCFF674PPP.tar.gz,,BAM; FASTQ; GZ; fragment,false,false,true,false,23319216943,exact sum of released ENCODE read and index-read FASTQs,49956039846,exact sum of other released ENCODE component assets,73275256789,public,2026-08-01
ENCODE,ENCSR137EAT,,ENCODE released multiomics series,Homo sapiens heart left ventricle tissue nuclear fraction female adult (69 years),heart left ventricle,Homo sapiens,single-cell RNA sequencing assay; single-nucleus ATAC-seq,true,26642,26642,26642,26642,provider-reported estimated nuclei,,https://www.encodeproject.org/experiments/ENCSR137EAT/,https://www.encodeproject.org/files/ENCFF167TMA/@@download/ENCFF167TMA.fastq.gz; https://www.encodeproject.org/files/ENCFF704QUJ/@@download/ENCFF704QUJ.fastq.gz; https://www.encodeproject.org/files/ENCFF930WID/@@download/ENCFF930WID.fastq.gz; https://www.encodeproject.org/files/ENCFF916BYU/@@download/ENCFF916BYU.fastq.gz; https://www.encodeproject.org/files/ENCFF053WDO/@@download/ENCFF053WDO.fastq.gz; https://www.encodeproject.org/files/ENCFF859EFV/@@download/ENCFF859EFV.fastq.gz; https://www.encodeproject.org/files/ENCFF630OMH/@@download/ENCFF630OMH.fastq.gz; https://www.encodeproject.org/files/ENCFF331UZZ/@@download/ENCFF331UZZ.fastq.gz; https://www.encodeproject.org/files/ENCFF624TFH/@@download/ENCFF624TFH.fastq.gz; https://www.encodeproject.org/files/ENCFF240NMW/@@download/ENCFF240NMW.fastq.gz,direct released FASTQ assets supplied,https://www.encodeproject.org/files/ENCFF658ZKN/@@download/ENCFF658ZKN.fastq.gz; https://www.encodeproject.org/files/ENCFF014FNI/@@download/ENCFF014FNI.fastq.gz; https://www.encodeproject.org/files/ENCFF892VXO/@@download/ENCFF892VXO.bam; https://www.encodeproject.org/files/ENCFF152DQE/@@download/ENCFF152DQE.bam; https://www.encodeproject.org/files/ENCFF774BVT/@@download/ENCFF774BVT.tar.gz; https://www.encodeproject.org/files/ENCFF747VRV/@@download/ENCFF747VRV.bam; https://www.encodeproject.org/files/ENCFF984PHV/@@download/ENCFF984PHV.tar.gz; https://www.encodeproject.org/files/ENCFF544USL/@@download/ENCFF544USL.tar.gz; https://www.encodeproject.org/files/ENCFF612YMV/@@download/ENCFF612YMV.tar.gz; https://www.encodeproject.org/files/ENCFF014PWV/@@download/ENCFF014PWV.tar.gz; https://www.encodeproject.org/files/ENCFF547YDT/@@download/ENCFF547YDT.tar.gz,,BAM; FASTQ; GZ; fragment,false,false,true,false,36265112075,exact sum of released ENCODE read and index-read FASTQs,93821505712,exact sum of other released ENCODE component assets,130086617787,public,2026-08-01
ENCODE,ENCSR141OBV,,ENCODE released multiomics series,Mus musculus strain B6CASTF1/J gastrocnemius tissue nuclear fraction male postnatal (14 days),gastrocnemius,Mus musculus,single-cell RNA sequencing assay; single-nucleus ATAC-seq,true,11678,11678,11678,11678,provider-reported estimated nuclei,,https://www.encodeproject.org/experiments/ENCSR141OBV/,https://www.encodeproject.org/files/ENCFF809CQH/@@download/ENCFF809CQH.fastq.gz; https://www.encodeproject.org/files/ENCFF379UTP/@@download/ENCFF379UTP.fastq.gz; https://www.encodeproject.org/files/ENCFF407VAD/@@download/ENCFF407VAD.fastq.gz; https://www.encodeproject.org/files/ENCFF247KHC/@@download/ENCFF247KHC.fastq.gz; https://www.encodeproject.org/files/ENCFF666OVY/@@download/ENCFF666OVY.fastq.gz; https://www.encodeproject.org/files/ENCFF199XGK/@@download/ENCFF199XGK.fastq.gz; https://www.encodeproject.org/files/ENCFF993UPM/@@download/ENCFF993UPM.fastq.gz; https://www.encodeproject.org/files/ENCFF778VRK/@@download/ENCFF778VRK.fastq.gz; https://www.encodeproject.org/files/ENCFF728FUL/@@download/ENCFF728FUL.fastq.gz; https://www.encodeproject.org/files/ENCFF543ZJK/@@download/ENCFF543ZJK.fastq.gz,direct released FASTQ assets supplied,https://www.encodeproject.org/files/ENCFF048TPP/@@download/ENCFF048TPP.fastq.gz; https://www.encodeproject.org/files/ENCFF822SXJ/@@download/ENCFF822SXJ.fastq.gz; https://www.encodeproject.org/files/ENCFF939BLK/@@download/ENCFF939BLK.bam; https://www.encodeproject.org/files/ENCFF897KMG/@@download/ENCFF897KMG.bam; https://www.encodeproject.org/files/ENCFF463JIK/@@download/ENCFF463JIK.tar.gz; https://www.encodeproject.org/files/ENCFF190JOC/@@download/ENCFF190JOC.bam; https://www.encodeproject.org/files/ENCFF497CLL/@@download/ENCFF497CLL.tar.gz; https://www.encodeproject.org/files/ENCFF537ZCW/@@download/ENCFF537ZCW.tar.gz; https://www.encodeproject.org/files/ENCFF843VXL/@@download/ENCFF843VXL.tar.gz; https://www.encodeproject.org/files/ENCFF553NFZ/@@download/ENCFF553NFZ.tar.gz; https://www.encodeproject.org/files/ENCFF013HGX/@@download/ENCFF013HGX.tar.gz,,BAM; FASTQ; GZ; fragment,false,false,true,false,24215687230,exact sum of released ENCODE read and index-read FASTQs,54886570459,exact sum of other released ENCODE component assets,79102257689,public,2026-08-01
ENCODE,ENCSR156FOG,,ENCODE released multiomics series,Mus musculus strain B6CASTF1/J adrenal gland tissue nuclear fraction male postnatal (14 days),adrenal gland,Mus musculus,single-cell RNA sequencing assay; single-nucleus ATAC-seq,true,6290,6290,6290,6290,provider-reported estimated nuclei,,https://www.encodeproject.org/experiments/ENCSR156FOG/,https://www.encodeproject.org/files/ENCFF603ROY/@@download/ENCFF603ROY.fastq.gz; https://www.encodeproject.org/files/ENCFF782JZV/@@download/ENCFF782JZV.fastq.gz; https://www.encodeproject.org/files/ENCFF101MDX/@@download/ENCFF101MDX.fastq.gz; https://www.encodeproject.org/files/ENCFF022IFL/@@download/ENCFF022IFL.fastq.gz; https://www.encodeproject.org/files/ENCFF766PXY/@@download/ENCFF766PXY.fastq.gz; https://www.encodeproject.org/files/ENCFF226SRU/@@download/ENCFF226SRU.fastq.gz; https://www.encodeproject.org/files/ENCFF761DUJ/@@download/ENCFF761DUJ.fastq.gz; https://www.encodeproject.org/files/ENCFF005PQF/@@download/ENCFF005PQF.fastq.gz; https://www.encodeproject.org/files/ENCFF423XJA/@@download/ENCFF423XJA.fastq.gz; https://www.encodeproject.org/files/ENCFF765SMD/@@download/ENCFF765SMD.fastq.gz,direct released FASTQ assets supplied,https://www.encodeproject.org/files/ENCFF149KYH/@@download/ENCFF149KYH.fastq.gz; https://www.encodeproject.org/files/ENCFF056CSO/@@download/ENCFF056CSO.fastq.gz; https://www.encodeproject.org/files/ENCFF274KJY/@@download/ENCFF274KJY.bam; https://www.encodeproject.org/files/ENCFF674LXE/@@download/ENCFF674LXE.bam; https://www.encodeproject.org/files/ENCFF035SPT/@@download/ENCFF035SPT.tar.gz; https://www.encodeproject.org/files/ENCFF415CVX/@@download/ENCFF415CVX.bam; https://www.encodeproject.org/files/ENCFF906VQQ/@@download/ENCFF906VQQ.tar.gz; https://www.encodeproject.org/files/ENCFF669LIK/@@download/ENCFF669LIK.tar.gz; https://www.encodeproject.org/files/ENCFF047OSW/@@download/ENCFF047OSW.tar.gz; https://www.encodeproject.org/files/ENCFF453JNI/@@download/ENCFF453JNI.tar.gz; https://www.encodeproject.org/files/ENCFF683PKQ/@@download/ENCFF683PKQ.tar.gz,,BAM; FASTQ; GZ; fragment,false,false,true,false,31493593038,exact sum of released ENCODE read and index-read FASTQs,58955637313,exact sum of other released ENCODE component assets,90449230351,public,2026-08-01
ENCODE,ENCSR158DQA,,ENCODE released multiomics series,Homo sapiens pancreas tissue nuclear fraction male adult (26 years),pancreas,Homo sapiens,single-cell RNA sequencing assay; single-nucleus ATAC-seq,true,16861,16861,16861,16861,provider-reported estimated nuclei,,https://www.encodeproject.org/experiments/ENCSR158DQA/,https://www.encodeproject.org/files/ENCFF009REU/@@download/ENCFF009REU.fastq.gz; https://www.encodeproject.org/files/ENCFF184EQB/@@download/ENCFF184EQB.fastq.gz; https://www.encodeproject.org/files/ENCFF790WZX/@@download/ENCFF790WZX.fastq.gz; https://www.encodeproject.org/files/ENCFF301RQY/@@download/ENCFF301RQY.fastq.gz; https://www.encodeproject.org/files/ENCFF218KOU/@@download/ENCFF218KOU.fastq.gz; https://www.encodeproject.org/files/ENCFF203CYV/@@download/ENCFF203CYV.fastq.gz; https://www.encodeproject.org/files/ENCFF396HXS/@@download/ENCFF396HXS.fastq.gz; https://www.encodeproject.org/files/ENCFF128XQB/@@download/ENCFF128XQB.fastq.gz; https://www.encodeproject.org/files/ENCFF472RDJ/@@download/ENCFF472RDJ.fastq.gz; https://www.encodeproject.org/files/ENCFF987JZH/@@download/ENCFF987JZH.fastq.gz,direct released FASTQ assets supplied,https://www.encodeproject.org/files/ENCFF351TAI/@@download/ENCFF351TAI.fastq.gz; https://www.encodeproject.org/files/ENCFF653AEW/@@download/ENCFF653AEW.fastq.gz; https://www.encodeproject.org/files/ENCFF645DOA/@@download/ENCFF645DOA.bam; https://www.encodeproject.org/files/ENCFF944XTQ/@@download/ENCFF944XTQ.bam; https://www.encodeproject.org/files/ENCFF455WME/@@download/ENCFF455WME.tar.gz; https://www.encodeproject.org/files/ENCFF381XMY/@@download/ENCFF381XMY.bam; https://www.encodeproject.org/files/ENCFF891KNV/@@download/ENCFF891KNV.tar.gz; https://www.encodeproject.org/files/ENCFF377YUE/@@download/ENCFF377YUE.tar.gz; https://www.encodeproject.org/files/ENCFF803GUG/@@download/ENCFF803GUG.tar.gz; https://www.encodeproject.org/files/ENCFF012YZW/@@download/ENCFF012YZW.tar.gz; https://www.encodeproject.org/files/ENCFF737VEW/@@download/ENCFF737VEW.tar.gz,,BAM; FASTQ; GZ; fragment,false,false,true,false,35412258773,exact sum of released ENCODE read and index-read FASTQs,88991706039,exact sum of other released ENCODE component assets,124403964812,public,2026-08-01
ENCODE,ENCSR175MUF,,ENCODE released multiomics series,Homo sapiens heart tissue nuclear fraction female embryo (73 days),heart,Homo sapiens,single-cell RNA sequencing assay; single-nucleus ATAC-seq,true,8640,8640,8640,8640,provider-reported estimated nuclei,,https://www.encodeproject.org/experiments/ENCSR175MUF/,https://www.encodeproject.org/files/ENCFF143FFW/@@download/ENCFF143FFW.fastq.gz; https://www.encodeproject.org/files/ENCFF933ZBT/@@download/ENCFF933ZBT.fastq.gz; https://www.encodeproject.org/files/ENCFF787YHK/@@download/ENCFF787YHK.fastq.gz; https://www.encodeproject.org/files/ENCFF650DMQ/@@download/ENCFF650DMQ.fastq.gz; https://www.encodeproject.org/files/ENCFF826DSJ/@@download/ENCFF826DSJ.fastq.gz; https://www.encodeproject.org/files/ENCFF023JMQ/@@download/ENCFF023JMQ.fastq.gz; https://www.encodeproject.org/files/ENCFF304SUL/@@download/ENCFF304SUL.fastq.gz,direct released FASTQ assets supplied,https://www.encodeproject.org/files/ENCFF436LDC/@@download/ENCFF436LDC.fastq.gz; https://www.encodeproject.org/files/ENCFF413GWT/@@download/ENCFF413GWT.fastq.gz; https://www.encodeproject.org/files/ENCFF082UJB/@@download/ENCFF082UJB.bam; https://www.encodeproject.org/files/ENCFF609RJY/@@download/ENCFF609RJY.bam; https://www.encodeproject.org/files/ENCFF658TEH/@@download/ENCFF658TEH.tar.gz; https://www.encodeproject.org/files/ENCFF627MNN/@@download/ENCFF627MNN.tar.gz; https://www.encodeproject.org/files/ENCFF204EMS/@@download/ENCFF204EMS.bam; https://www.encodeproject.org/files/ENCFF020ZLH/@@download/ENCFF020ZLH.tar.gz; https://www.encodeproject.org/files/ENCFF654KZX/@@download/ENCFF654KZX.tar.gz; https://www.encodeproject.org/files/ENCFF684YRB/@@download/ENCFF684YRB.tar.gz; https://www.encodeproject.org/files/ENCFF714HSX/@@download/ENCFF714HSX.tar.gz; https://www.encodeproject.org/files/ENCFF368HVK/@@download/ENCFF368HVK.tar.gz,,BAM; FASTQ; GZ; fragment,false,false,true,false,30975306422,exact sum of released ENCODE read and index-read FASTQs,48691512802,exact sum of other released ENCODE component assets,79666819224,public,2026-08-01
ENCODE,ENCSR188XNY,,ENCODE released multiomics series,Homo sapiens heart left ventricle tissue nuclear fraction male adult (32 years),heart left ventricle,Homo sapiens,single-cell RNA sequencing assay; single-nucleus ATAC-seq,true,13611,13611,13611,13611,provider-reported estimated nuclei,,https://www.encodeproject.org/experiments/ENCSR188XNY/,https://www.encodeproject.org/files/ENCFF677XXV/@@download/ENCFF677XXV.fastq.gz; https://www.encodeproject.org/files/ENCFF588SRE/@@download/ENCFF588SRE.fastq.gz; https://www.encodeproject.org/files/ENCFF058OLB/@@download/ENCFF058OLB.fastq.gz; https://www.encodeproject.org/files/ENCFF383IIN/@@download/ENCFF383IIN.fastq.gz; https://www.encodeproject.org/files/ENCFF045CUH/@@download/ENCFF045CUH.fastq.gz; https://www.encodeproject.org/files/ENCFF804HIA/@@download/ENCFF804HIA.fastq.gz; https://www.encodeproject.org/files/ENCFF033JOQ/@@download/ENCFF033JOQ.fastq.gz; https://www.encodeproject.org/files/ENCFF720PTH/@@download/ENCFF720PTH.fastq.gz; https://www.encodeproject.org/files/ENCFF121VIV/@@download/ENCFF121VIV.fastq.gz; https://www.encodeproject.org/files/ENCFF509TAI/@@download/ENCFF509TAI.fastq.gz,direct released FASTQ assets supplied,https://www.encodeproject.org/files/ENCFF830SIN/@@download/ENCFF830SIN.fastq.gz; https://www.encodeproject.org/files/ENCFF715BLT/@@download/ENCFF715BLT.fastq.gz; https://www.encodeproject.org/files/ENCFF210YBO/@@download/ENCFF210YBO.bam; https://www.encodeproject.org/files/ENCFF761HVQ/@@download/ENCFF761HVQ.bam; https://www.encodeproject.org/files/ENCFF217LOA/@@download/ENCFF217LOA.tar.gz; https://www.encodeproject.org/files/ENCFF411NLR/@@download/ENCFF411NLR.bam; https://www.encodeproject.org/files/ENCFF536BNS/@@download/ENCFF536BNS.tar.gz; https://www.encodeproject.org/files/ENCFF861LPM/@@download/ENCFF861LPM.tar.gz; https://www.encodeproject.org/files/ENCFF861PVY/@@download/ENCFF861PVY.tar.gz; https://www.encodeproject.org/files/ENCFF084WKR/@@download/ENCFF084WKR.tar.gz; https://www.encodeproject.org/files/ENCFF677PCW/@@download/ENCFF677PCW.tar.gz,,BAM; FASTQ; GZ; fragment,false,false,true,false,63474798281,exact sum of released ENCODE read and index-read FASTQs,164856614292,exact sum of other released ENCODE component assets,228331412573,public,2026-08-01
ENCODE,ENCSR194IGF,,ENCODE released multiomics series,Mus musculus strain B6CASTF1/J layer of hippocampus tissue nuclear fraction male postnatal (14 days),layer of hippocampus,Mus musculus,single-cell RNA sequencing assay; single-nucleus ATAC-seq,true,8603,8603,8603,8603,provider-reported estimated nuclei,,https://www.encodeproject.org/experiments/ENCSR194IGF/,https://www.encodeproject.org/files/ENCFF733DFD/@@download/ENCFF733DFD.fastq.gz; https://www.encodeproject.org/files/ENCFF312DUP/@@download/ENCFF312DUP.fastq.gz; https://www.encodeproject.org/files/ENCFF680WBY/@@download/ENCFF680WBY.fastq.gz; https://www.encodeproject.org/files/ENCFF315EXP/@@download/ENCFF315EXP.fastq.gz; https://www.encodeproject.org/files/ENCFF230MTT/@@download/ENCFF230MTT.fastq.gz; https://www.encodeproject.org/files/ENCFF283QFF/@@download/ENCFF283QFF.fastq.gz; https://www.encodeproject.org/files/ENCFF233LXX/@@download/ENCFF233LXX.fastq.gz; https://www.encodeproject.org/files/ENCFF604QIE/@@download/ENCFF604QIE.fastq.gz; https://www.encodeproject.org/files/ENCFF004IIO/@@download/ENCFF004IIO.fastq.gz; https://www.encodeproject.org/files/ENCFF312LAA/@@download/ENCFF312LAA.fastq.gz,direct released FASTQ assets supplied,https://www.encodeproject.org/files/ENCFF609LLM/@@download/ENCFF609LLM.fastq.gz; https://www.encodeproject.org/files/ENCFF911FYE/@@download/ENCFF911FYE.fastq.gz; https://www.encodeproject.org/files/ENCFF388PQZ/@@download/ENCFF388PQZ.bam; https://www.encodeproject.org/files/ENCFF800ITU/@@download/ENCFF800ITU.bam; https://www.encodeproject.org/files/ENCFF779BRN/@@download/ENCFF779BRN.tar.gz; https://www.encodeproject.org/files/ENCFF973WWN/@@download/ENCFF973WWN.bam; https://www.encodeproject.org/files/ENCFF730CRQ/@@download/ENCFF730CRQ.tar.gz; https://www.encodeproject.org/files/ENCFF358KNE/@@download/ENCFF358KNE.tar.gz; https://www.encodeproject.org/files/ENCFF188CSS/@@download/ENCFF188CSS.tar.gz; https://www.encodeproject.org/files/ENCFF216LQX/@@download/ENCFF216LQX.tar.gz; https://www.encodeproject.org/files/ENCFF042HDP/@@download/ENCFF042HDP.tar.gz,,BAM; FASTQ; GZ; fragment,false,false,true,false,26014824952,exact sum of released ENCODE read and index-read FASTQs,50179698337,exact sum of other released ENCODE component assets,76194523289,public,2026-08-01
ENCODE,ENCSR196FPL,,ENCODE released multiomics series,Homo sapiens ureter tissue nuclear fraction female adult (47 years),ureter,Homo sapiens,single-cell RNA sequencing assay; single-nucleus ATAC-seq,true,4357,4357,4357,4357,provider-reported estimated nuclei,,https://www.encodeproject.org/experiments/ENCSR196FPL/,https://www.encodeproject.org/files/ENCFF948EME/@@download/ENCFF948EME.fastq.gz; https://www.encodeproject.org/files/ENCFF217SLT/@@download/ENCFF217SLT.fastq.gz; https://www.encodeproject.org/files/ENCFF663TXS/@@download/ENCFF663TXS.fastq.gz; https://www.encodeproject.org/files/ENCFF887OZQ/@@download/ENCFF887OZQ.fastq.gz; https://www.encodeproject.org/files/ENCFF904AZQ/@@download/ENCFF904AZQ.fastq.gz; https://www.encodeproject.org/files/ENCFF612RKT/@@download/ENCFF612RKT.fastq.gz; https://www.encodeproject.org/files/ENCFF225DDI/@@download/ENCFF225DDI.fastq.gz; https://www.encodeproject.org/files/ENCFF188JCT/@@download/ENCFF188JCT.fastq.gz; https://www.encodeproject.org/files/ENCFF097RWI/@@download/ENCFF097RWI.fastq.gz; https://www.encodeproject.org/files/ENCFF291LCH/@@download/ENCFF291LCH.fastq.gz,direct released FASTQ assets supplied,https://www.encodeproject.org/files/ENCFF311MSR/@@download/ENCFF311MSR.fastq.gz; https://www.encodeproject.org/files/ENCFF116ITM/@@download/ENCFF116ITM.fastq.gz; https://www.encodeproject.org/files/ENCFF363XKK/@@download/ENCFF363XKK.bam; https://www.encodeproject.org/files/ENCFF998IPX/@@download/ENCFF998IPX.bam; https://www.encodeproject.org/files/ENCFF393JTX/@@download/ENCFF393JTX.tar.gz; https://www.encodeproject.org/files/ENCFF774GBH/@@download/ENCFF774GBH.bam; https://www.encodeproject.org/files/ENCFF333JYG/@@download/ENCFF333JYG.tar.gz; https://www.encodeproject.org/files/ENCFF959WOG/@@download/ENCFF959WOG.tar.gz; https://www.encodeproject.org/files/ENCFF686SRU/@@download/ENCFF686SRU.tar.gz; https://www.encodeproject.org/files/ENCFF409NNU/@@download/ENCFF409NNU.tar.gz; https://www.encodeproject.org/files/ENCFF578HFX/@@download/ENCFF578HFX.tar.gz,,BAM; FASTQ; GZ; fragment,false,false,true,false,14045306521,exact sum of released ENCODE read and index-read FASTQs,36068675680,exact sum of other released ENCODE component assets,50113982201,public,2026-08-01
ENCODE,ENCSR196JUO,,ENCODE released multiomics series,Homo sapiens heart left ventricle tissue nuclear fraction male adult (61 years),heart left ventricle,Homo sapiens,single-cell RNA sequencing assay; single-nucleus ATAC-seq,true,20420,20420,20420,20420,provider-reported estimated nuclei,,https://www.encodeproject.org/experiments/ENCSR196JUO/,https://www.encodeproject.org/files/ENCFF964BRX/@@download/ENCFF964BRX.fastq.gz; https://www.encodeproject.org/files/ENCFF914LKO/@@download/ENCFF914LKO.fastq.gz; https://www.encodeproject.org/files/ENCFF400LUF/@@download/ENCFF400LUF.fastq.gz; https://www.encodeproject.org/files/ENCFF018QMI/@@download/ENCFF018QMI.fastq.gz; https://www.encodeproject.org/files/ENCFF183RYZ/@@download/ENCFF183RYZ.fastq.gz; https://www.encodeproject.org/files/ENCFF516YSU/@@download/ENCFF516YSU.fastq.gz; https://www.encodeproject.org/files/ENCFF113UNN/@@download/ENCFF113UNN.fastq.gz; https://www.encodeproject.org/files/ENCFF321IBI/@@download/ENCFF321IBI.fastq.gz; https://www.encodeproject.org/files/ENCFF193UGN/@@download/ENCFF193UGN.fastq.gz; https://www.encodeproject.org/files/ENCFF116DQB/@@download/ENCFF116DQB.fastq.gz; https://www.encodeproject.org/files/ENCFF962BTE/@@download/ENCFF962BTE.fastq.gz; https://www.encodeproject.org/files/ENCFF553WXP/@@download/ENCFF553WXP.fastq.gz; https://www.encodeproject.org/files/ENCFF910PVX/@@download/ENCFF910PVX.fastq.gz; https://www.encodeproject.org/files/ENCFF047LCA/@@download/ENCFF047LCA.fastq.gz; https://www.encodeproject.org/files/ENCFF695AJI/@@download/ENCFF695AJI.fastq.gz; https://www.encodeproject.org/files/ENCFF046FSN/@@download/ENCFF046FSN.fastq.gz; https://www.encodeproject.org/files/ENCFF939RYE/@@download/ENCFF939RYE.fastq.gz; https://www.encodeproject.org/files/ENCFF539OFB/@@download/ENCFF539OFB.fastq.gz; https://www.encodeproject.org/files/ENCFF085OSR/@@download/ENCFF085OSR.fastq.gz; https://www.encodeproject.org/files/ENCFF839LVX/@@download/ENCFF839LVX.fastq.gz,direct released FASTQ assets supplied,https://www.encodeproject.org/files/ENCFF830ESX/@@download/ENCFF830ESX.fastq.gz; https://www.encodeproject.org/files/ENCFF077UPL/@@download/ENCFF077UPL.fastq.gz; https://www.encodeproject.org/files/ENCFF926HYI/@@download/ENCFF926HYI.bam; https://www.encodeproject.org/files/ENCFF147VGE/@@download/ENCFF147VGE.bam; https://www.encodeproject.org/files/ENCFF762GQL/@@download/ENCFF762GQL.tar.gz; https://www.encodeproject.org/files/ENCFF525OFQ/@@download/ENCFF525OFQ.bam; https://www.encodeproject.org/files/ENCFF636XST/@@download/ENCFF636XST.tar.gz; https://www.encodeproject.org/files/ENCFF775IKH/@@download/ENCFF775IKH.tar.gz; https://www.encodeproject.org/files/ENCFF215GNY/@@download/ENCFF215GNY.tar.gz; https://www.encodeproject.org/files/ENCFF669VOS/@@download/ENCFF669VOS.tar.gz; https://www.encodeproject.org/files/ENCFF520PCM/@@download/ENCFF520PCM.tar.gz,,BAM; FASTQ; GZ; fragment,false,false,true,false,67726720532,exact sum of released ENCODE read and index-read FASTQs,162327224651,exact sum of other released ENCODE component assets,230053945183,public,2026-08-01
ENCODE,ENCSR196LCO,,ENCODE released multiomics series,Homo sapiens heart left ventricle tissue nuclear fraction male adult (54 years),heart left ventricle,Homo sapiens,single-cell RNA sequencing assay; single-nucleus ATAC-seq,true,20652,20652,20652,20652,provider-reported estimated nuclei,,https://www.encodeproject.org/experiments/ENCSR196LCO/,https://www.encodeproject.org/files/ENCFF023RQD/@@download/ENCFF023RQD.fastq.gz; https://www.encodeproject.org/files/ENCFF038QRD/@@download/ENCFF038QRD.fastq.gz; https://www.encodeproject.org/files/ENCFF567IWS/@@download/ENCFF567IWS.fastq.gz; https://www.encodeproject.org/files/ENCFF906CVF/@@download/ENCFF906CVF.fastq.gz; https://www.encodeproject.org/files/ENCFF453AHQ/@@download/ENCFF453AHQ.fastq.gz; https://www.encodeproject.org/files/ENCFF789WHB/@@download/ENCFF789WHB.fastq.gz; https://www.encodeproject.org/files/ENCFF223PUD/@@download/ENCFF223PUD.fastq.gz; https://www.encodeproject.org/files/ENCFF003FUL/@@download/ENCFF003FUL.fastq.gz; https://www.encodeproject.org/files/ENCFF936EEF/@@download/ENCFF936EEF.fastq.gz; https://www.encodeproject.org/files/ENCFF868WKN/@@download/ENCFF868WKN.fastq.gz; https://www.encodeproject.org/files/ENCFF888JQC/@@download/ENCFF888JQC.fastq.gz; https://www.encodeproject.org/files/ENCFF159KTV/@@download/ENCFF159KTV.fastq.gz; https://www.encodeproject.org/files/ENCFF032IHD/@@download/ENCFF032IHD.fastq.gz; https://www.encodeproject.org/files/ENCFF673POH/@@download/ENCFF673POH.fastq.gz; https://www.encodeproject.org/files/ENCFF998OFW/@@download/ENCFF998OFW.fastq.gz; https://www.encodeproject.org/files/ENCFF207JJJ/@@download/ENCFF207JJJ.fastq.gz; https://www.encodeproject.org/files/ENCFF361ERQ/@@download/ENCFF361ERQ.fastq.gz; https://www.encodeproject.org/files/ENCFF243IGN/@@download/ENCFF243IGN.fastq.gz; https://www.encodeproject.org/files/ENCFF438PPJ/@@download/ENCFF438PPJ.fastq.gz; https://www.encodeproject.org/files/ENCFF976ZQW/@@download/ENCFF976ZQW.fastq.gz,direct released FASTQ assets supplied,https://www.encodeproject.org/files/ENCFF135ENR/@@download/ENCFF135ENR.fastq.gz; https://www.encodeproject.org/files/ENCFF201GVQ/@@download/ENCFF201GVQ.fastq.gz; https://www.encodeproject.org/files/ENCFF536UWH/@@download/ENCFF536UWH.bam; https://www.encodeproject.org/files/ENCFF673QPR/@@download/ENCFF673QPR.bam; https://www.encodeproject.org/files/ENCFF686SBK/@@download/ENCFF686SBK.tar.gz; https://www.encodeproject.org/files/ENCFF283ZLA/@@download/ENCFF283ZLA.bam; https://www.encodeproject.org/files/ENCFF750OIR/@@download/ENCFF750OIR.tar.gz; https://www.encodeproject.org/files/ENCFF402DKW/@@download/ENCFF402DKW.tar.gz; https://www.encodeproject.org/files/ENCFF936XAI/@@download/ENCFF936XAI.tar.gz; https://www.encodeproject.org/files/ENCFF209RPG/@@download/ENCFF209RPG.tar.gz; https://www.encodeproject.org/files/ENCFF994HWA/@@download/ENCFF994HWA.tar.gz,,BAM; FASTQ; GZ; fragment,false,false,true,false,66359857321,exact sum of released ENCODE read and index-read FASTQs,159058376251,exact sum of other released ENCODE component assets,225418233572,public,2026-08-01
ENCODE,ENCSR201BHG,,ENCODE released multiomics series,Homo sapiens Right ventricle myocardium superior tissue nuclear fraction male adult (60 years),Right ventricle myocardium superior,Homo sapiens,single-cell RNA sequencing assay; single-nucleus ATAC-seq,true,18658,18658,18658,18658,provider-reported estimated nuclei,,https://www.encodeproject.org/experiments/ENCSR201BHG/,https://www.encodeproject.org/files/ENCFF801KFB/@@download/ENCFF801KFB.fastq.gz; https://www.encodeproject.org/files/ENCFF258QGC/@@download/ENCFF258QGC.fastq.gz; https://www.encodeproject.org/files/ENCFF755NLQ/@@download/ENCFF755NLQ.fastq.gz; https://www.encodeproject.org/files/ENCFF422HKL/@@download/ENCFF422HKL.fastq.gz; https://www.encodeproject.org/files/ENCFF893DNX/@@download/ENCFF893DNX.fastq.gz; https://www.encodeproject.org/files/ENCFF161VVO/@@download/ENCFF161VVO.fastq.gz; https://www.encodeproject.org/files/ENCFF058QOU/@@download/ENCFF058QOU.fastq.gz; https://www.encodeproject.org/files/ENCFF998QAH/@@download/ENCFF998QAH.fastq.gz; https://www.encodeproject.org/files/ENCFF136KEN/@@download/ENCFF136KEN.fastq.gz; https://www.encodeproject.org/files/ENCFF963CAK/@@download/ENCFF963CAK.fastq.gz,direct released FASTQ assets supplied,https://www.encodeproject.org/files/ENCFF401CJS/@@download/ENCFF401CJS.fastq.gz; https://www.encodeproject.org/files/ENCFF009CGX/@@download/ENCFF009CGX.fastq.gz; https://www.encodeproject.org/files/ENCFF905UOG/@@download/ENCFF905UOG.bam; https://www.encodeproject.org/files/ENCFF337ROB/@@download/ENCFF337ROB.bam; https://www.encodeproject.org/files/ENCFF518TEX/@@download/ENCFF518TEX.tar.gz; https://www.encodeproject.org/files/ENCFF816PKY/@@download/ENCFF816PKY.tar.gz; https://www.encodeproject.org/files/ENCFF587FZQ/@@download/ENCFF587FZQ.tar.gz; https://www.encodeproject.org/files/ENCFF177KRE/@@download/ENCFF177KRE.tar.gz; https://www.encodeproject.org/files/ENCFF323LBA/@@download/ENCFF323LBA.bam; https://www.encodeproject.org/files/ENCFF189SGY/@@download/ENCFF189SGY.tar.gz; https://www.encodeproject.org/files/ENCFF909AIW/@@download/ENCFF909AIW.tar.gz,,BAM; FASTQ; GZ; fragment,false,false,true,false,47208393119,exact sum of released ENCODE read and index-read FASTQs,108518788756,exact sum of other released ENCODE component assets,155727181875,public,2026-08-01
ENCODE,ENCSR212MCM,,ENCODE released multiomics series,Mus musculus strain B6CASTF1/J heart tissue nuclear fraction male adult (2 months),heart,Mus musculus,single-cell RNA sequencing assay; single-nucleus ATAC-seq,true,9144,9144,9144,9144,provider-reported estimated nuclei,,https://www.encodeproject.org/experiments/ENCSR212MCM/,https://www.encodeproject.org/files/ENCFF728WFY/@@download/ENCFF728WFY.fastq.gz; https://www.encodeproject.org/files/ENCFF825KOU/@@download/ENCFF825KOU.fastq.gz; https://www.encodeproject.org/files/ENCFF846VVS/@@download/ENCFF846VVS.fastq.gz; https://www.encodeproject.org/files/ENCFF055OAL/@@download/ENCFF055OAL.fastq.gz; https://www.encodeproject.org/files/ENCFF907WIC/@@download/ENCFF907WIC.fastq.gz; https://www.encodeproject.org/files/ENCFF443LGW/@@download/ENCFF443LGW.fastq.gz; https://www.encodeproject.org/files/ENCFF306JXS/@@download/ENCFF306JXS.fastq.gz; https://www.encodeproject.org/files/ENCFF716DVG/@@download/ENCFF716DVG.fastq.gz; https://www.encodeproject.org/files/ENCFF042GEZ/@@download/ENCFF042GEZ.fastq.gz; https://www.encodeproject.org/files/ENCFF445JWS/@@download/ENCFF445JWS.fastq.gz,direct released FASTQ assets supplied,https://www.encodeproject.org/files/ENCFF301HXF/@@download/ENCFF301HXF.fastq.gz; https://www.encodeproject.org/files/ENCFF939OOC/@@download/ENCFF939OOC.fastq.gz; https://www.encodeproject.org/files/ENCFF111KUT/@@download/ENCFF111KUT.bam; https://www.encodeproject.org/files/ENCFF579JID/@@download/ENCFF579JID.bam; https://www.encodeproject.org/files/ENCFF446ICD/@@download/ENCFF446ICD.tar.gz; https://www.encodeproject.org/files/ENCFF294KSO/@@download/ENCFF294KSO.tar.gz; https://www.encodeproject.org/files/ENCFF397MEY/@@download/ENCFF397MEY.bam; https://www.encodeproject.org/files/ENCFF700OPG/@@download/ENCFF700OPG.tar.gz; https://www.encodeproject.org/files/ENCFF349DZH/@@download/ENCFF349DZH.tar.gz; https://www.encodeproject.org/files/ENCFF936JBE/@@download/ENCFF936JBE.tar.gz; https://www.encodeproject.org/files/ENCFF802FYH/@@download/ENCFF802FYH.tar.gz,,BAM; FASTQ; GZ; fragment,false,false,true,false,32290519409,exact sum of released ENCODE read and index-read FASTQs,61816367126,exact sum of other released ENCODE component assets,94106886535,public,2026-08-01
ENCODE,ENCSR212VKB,,ENCODE released multiomics series,Homo sapiens adrenal gland tissue nuclear fraction male adult (26 years),adrenal gland,Homo sapiens,single-cell RNA sequencing assay; single-nucleus ATAC-seq,true,11889,11889,11889,11889,provider-reported estimated nuclei,,https://www.encodeproject.org/experiments/ENCSR212VKB/,https://www.encodeproject.org/files/ENCFF120SIR/@@download/ENCFF120SIR.fastq.gz; https://www.encodeproject.org/files/ENCFF524KET/@@download/ENCFF524KET.fastq.gz; https://www.encodeproject.org/files/ENCFF364PRS/@@download/ENCFF364PRS.fastq.gz; https://www.encodeproject.org/files/ENCFF040UDG/@@download/ENCFF040UDG.fastq.gz; https://www.encodeproject.org/files/ENCFF566VZP/@@download/ENCFF566VZP.fastq.gz; https://www.encodeproject.org/files/ENCFF223ACL/@@download/ENCFF223ACL.fastq.gz; https://www.encodeproject.org/files/ENCFF341NAS/@@download/ENCFF341NAS.fastq.gz; https://www.encodeproject.org/files/ENCFF530TSH/@@download/ENCFF530TSH.fastq.gz; https://www.encodeproject.org/files/ENCFF164ZAZ/@@download/ENCFF164ZAZ.fastq.gz; https://www.encodeproject.org/files/ENCFF479BSH/@@download/ENCFF479BSH.fastq.gz,direct released FASTQ assets supplied,https://www.encodeproject.org/files/ENCFF176RGV/@@download/ENCFF176RGV.fastq.gz; https://www.encodeproject.org/files/ENCFF012ZIC/@@download/ENCFF012ZIC.fastq.gz; https://www.encodeproject.org/files/ENCFF504JLU/@@download/ENCFF504JLU.bam; https://www.encodeproject.org/files/ENCFF442LPW/@@download/ENCFF442LPW.bam; https://www.encodeproject.org/files/ENCFF318DQR/@@download/ENCFF318DQR.tar.gz; https://www.encodeproject.org/files/ENCFF025SNS/@@download/ENCFF025SNS.bam; https://www.encodeproject.org/files/ENCFF451NNZ/@@download/ENCFF451NNZ.tar.gz; https://www.encodeproject.org/files/ENCFF182STG/@@download/ENCFF182STG.tar.gz; https://www.encodeproject.org/files/ENCFF194ONK/@@download/ENCFF194ONK.tar.gz; https://www.encodeproject.org/files/ENCFF995IYL/@@download/ENCFF995IYL.tar.gz; https://www.encodeproject.org/files/ENCFF526SEH/@@download/ENCFF526SEH.tar.gz,,BAM; FASTQ; GZ; fragment,false,false,true,false,49099587104,exact sum of released ENCODE read and index-read FASTQs,101797657835,exact sum of other released ENCODE component assets,150897244939,public,2026-08-01
ENCODE,ENCSR218RZE,,ENCODE released multiomics series,Homo sapiens right cardiac atrium tissue nuclear fraction male adult (60 years),right cardiac atrium,Homo sapiens,single-cell RNA sequencing assay; single-nucleus ATAC-seq,true,1143,1143,1143,1143,provider-reported estimated nuclei,,https://www.encodeproject.org/experiments/ENCSR218RZE/,https://www.encodeproject.org/files/ENCFF036DND/@@download/ENCFF036DND.fastq.gz; https://www.encodeproject.org/files/ENCFF171NEZ/@@download/ENCFF171NEZ.fastq.gz; https://www.encodeproject.org/files/ENCFF698KLC/@@download/ENCFF698KLC.fastq.gz; https://www.encodeproject.org/files/ENCFF651YCF/@@download/ENCFF651YCF.fastq.gz; https://www.encodeproject.org/files/ENCFF327BFZ/@@download/ENCFF327BFZ.fastq.gz; https://www.encodeproject.org/files/ENCFF437XLY/@@download/ENCFF437XLY.fastq.gz; https://www.encodeproject.org/files/ENCFF133CSZ/@@download/ENCFF133CSZ.fastq.gz; https://www.encodeproject.org/files/ENCFF719XPA/@@download/ENCFF719XPA.fastq.gz; https://www.encodeproject.org/files/ENCFF223KXZ/@@download/ENCFF223KXZ.fastq.gz; https://www.encodeproject.org/files/ENCFF490QUP/@@download/ENCFF490QUP.fastq.gz,direct released FASTQ assets supplied,https://www.encodeproject.org/files/ENCFF278THD/@@download/ENCFF278THD.fastq.gz; https://www.encodeproject.org/files/ENCFF279TLT/@@download/ENCFF279TLT.fastq.gz; https://www.encodeproject.org/files/ENCFF787PDA/@@download/ENCFF787PDA.bam; https://www.encodeproject.org/files/ENCFF584OKC/@@download/ENCFF584OKC.bam; https://www.encodeproject.org/files/ENCFF276RJS/@@download/ENCFF276RJS.tar.gz; https://www.encodeproject.org/files/ENCFF185TPR/@@download/ENCFF185TPR.bam; https://www.encodeproject.org/files/ENCFF901UPT/@@download/ENCFF901UPT.tar.gz; https://www.encodeproject.org/files/ENCFF958TGJ/@@download/ENCFF958TGJ.tar.gz; https://www.encodeproject.org/files/ENCFF505OGZ/@@download/ENCFF505OGZ.tar.gz; https://www.encodeproject.org/files/ENCFF307PWT/@@download/ENCFF307PWT.tar.gz; https://www.encodeproject.org/files/ENCFF546XHR/@@download/ENCFF546XHR.tar.gz,,BAM; FASTQ; GZ; fragment,false,false,true,false,17625174632,exact sum of released ENCODE read and index-read FASTQs,43084483270,exact sum of other released ENCODE component assets,60709657902,public,2026-08-01
ENCODE,ENCSR221SQU,,ENCODE released multiomics series,Mus musculus strain B6CASTF1/J heart tissue nuclear fraction male postnatal (14 days),heart,Mus musculus,single-cell RNA sequencing assay; single-nucleus ATAC-seq,true,20735,20735,20735,20735,provider-reported estimated nuclei,,https://www.encodeproject.org/experiments/ENCSR221SQU/,https://www.encodeproject.org/files/ENCFF383XQJ/@@download/ENCFF383XQJ.fastq.gz; https://www.encodeproject.org/files/ENCFF692EKW/@@download/ENCFF692EKW.fastq.gz; https://www.encodeproject.org/files/ENCFF385PCF/@@download/ENCFF385PCF.fastq.gz; https://www.encodeproject.org/files/ENCFF215OEB/@@download/ENCFF215OEB.fastq.gz; https://www.encodeproject.org/files/ENCFF933NYG/@@download/ENCFF933NYG.fastq.gz; https://www.encodeproject.org/files/ENCFF649NDF/@@download/ENCFF649NDF.fastq.gz; https://www.encodeproject.org/files/ENCFF195ZUG/@@download/ENCFF195ZUG.fastq.gz; https://www.encodeproject.org/files/ENCFF058PKL/@@download/ENCFF058PKL.fastq.gz; https://www.encodeproject.org/files/ENCFF140BTP/@@download/ENCFF140BTP.fastq.gz; https://www.encodeproject.org/files/ENCFF308WVF/@@download/ENCFF308WVF.fastq.gz,direct released FASTQ assets supplied,https://www.encodeproject.org/files/ENCFF556PYE/@@download/ENCFF556PYE.fastq.gz; https://www.encodeproject.org/files/ENCFF479CSA/@@download/ENCFF479CSA.fastq.gz; https://www.encodeproject.org/files/ENCFF989CWI/@@download/ENCFF989CWI.bam; https://www.encodeproject.org/files/ENCFF136ZSB/@@download/ENCFF136ZSB.bam; https://www.encodeproject.org/files/ENCFF087GPD/@@download/ENCFF087GPD.tar.gz; https://www.encodeproject.org/files/ENCFF054LOU/@@download/ENCFF054LOU.bam; https://www.encodeproject.org/files/ENCFF457MFI/@@download/ENCFF457MFI.tar.gz; https://www.encodeproject.org/files/ENCFF047JMX/@@download/ENCFF047JMX.tar.gz; https://www.encodeproject.org/files/ENCFF384DMT/@@download/ENCFF384DMT.tar.gz; https://www.encodeproject.org/files/ENCFF352PQA/@@download/ENCFF352PQA.tar.gz; https://www.encodeproject.org/files/ENCFF850BBE/@@download/ENCFF850BBE.tar.gz,,BAM; FASTQ; GZ; fragment,false,false,true,false,30885389794,exact sum of released ENCODE read and index-read FASTQs,66574420912,exact sum of other released ENCODE component assets,97459810706,public,2026-08-01
ENCODE,ENCSR222ZFD,,ENCODE released multiomics series,Homo sapiens ovary tissue nuclear fraction female adult (46 years),ovary,Homo sapiens,single-cell RNA sequencing assay; single-nucleus ATAC-seq,true,11247,11247,11247,11247,provider-reported estimated nuclei,,https://www.encodeproject.org/experiments/ENCSR222ZFD/,https://www.encodeproject.org/files/ENCFF770GCD/@@download/ENCFF770GCD.fastq.gz; https://www.encodeproject.org/files/ENCFF122MPM/@@download/ENCFF122MPM.fastq.gz; https://www.encodeproject.org/files/ENCFF228NMT/@@download/ENCFF228NMT.fastq.gz; https://www.encodeproject.org/files/ENCFF067VFG/@@download/ENCFF067VFG.fastq.gz; https://www.encodeproject.org/files/ENCFF913PZM/@@download/ENCFF913PZM.fastq.gz; https://www.encodeproject.org/files/ENCFF496LFO/@@download/ENCFF496LFO.fastq.gz; https://www.encodeproject.org/files/ENCFF996DYJ/@@download/ENCFF996DYJ.fastq.gz; https://www.encodeproject.org/files/ENCFF888FFC/@@download/ENCFF888FFC.fastq.gz; https://www.encodeproject.org/files/ENCFF709TKA/@@download/ENCFF709TKA.fastq.gz; https://www.encodeproject.org/files/ENCFF893DSF/@@download/ENCFF893DSF.fastq.gz,direct released FASTQ assets supplied,https://www.encodeproject.org/files/ENCFF459AWG/@@download/ENCFF459AWG.fastq.gz; https://www.encodeproject.org/files/ENCFF105RMS/@@download/ENCFF105RMS.fastq.gz; https://www.encodeproject.org/files/ENCFF556EUR/@@download/ENCFF556EUR.bam; https://www.encodeproject.org/files/ENCFF720SMX/@@download/ENCFF720SMX.bam; https://www.encodeproject.org/files/ENCFF789DPX/@@download/ENCFF789DPX.tar.gz; https://www.encodeproject.org/files/ENCFF143EWI/@@download/ENCFF143EWI.bam; https://www.encodeproject.org/files/ENCFF626SFP/@@download/ENCFF626SFP.tar.gz; https://www.encodeproject.org/files/ENCFF560LLU/@@download/ENCFF560LLU.tar.gz; https://www.encodeproject.org/files/ENCFF935DXO/@@download/ENCFF935DXO.tar.gz; https://www.encodeproject.org/files/ENCFF548FOI/@@download/ENCFF548FOI.tar.gz; https://www.encodeproject.org/files/ENCFF848QOW/@@download/ENCFF848QOW.tar.gz,,BAM; FASTQ; GZ; fragment,false,false,true,false,28476533468,exact sum of released ENCODE read and index-read FASTQs,62032572947,exact sum of other released ENCODE component assets,90509106415,public,2026-08-01
ENCODE,ENCSR224VRR,,ENCODE released multiomics series,Mus musculus strain B6CASTF1/J adrenal gland tissue nuclear fraction male adult (2 months),adrenal gland,Mus musculus,single-cell RNA sequencing assay; single-nucleus ATAC-seq,true,5858,5858,5858,5858,provider-reported estimated nuclei,,https://www.encodeproject.org/experiments/ENCSR224VRR/,https://www.encodeproject.org/files/ENCFF340CQM/@@download/ENCFF340CQM.fastq.gz; https://www.encodeproject.org/files/ENCFF271CVO/@@download/ENCFF271CVO.fastq.gz; https://www.encodeproject.org/files/ENCFF136RIJ/@@download/ENCFF136RIJ.fastq.gz; https://www.encodeproject.org/files/ENCFF340VJU/@@download/ENCFF340VJU.fastq.gz; https://www.encodeproject.org/files/ENCFF889RAK/@@download/ENCFF889RAK.fastq.gz; https://www.encodeproject.org/files/ENCFF632AVN/@@download/ENCFF632AVN.fastq.gz; https://www.encodeproject.org/files/ENCFF801CJF/@@download/ENCFF801CJF.fastq.gz; https://www.encodeproject.org/files/ENCFF661XVE/@@download/ENCFF661XVE.fastq.gz; https://www.encodeproject.org/files/ENCFF298CIF/@@download/ENCFF298CIF.fastq.gz; https://www.encodeproject.org/files/ENCFF533APY/@@download/ENCFF533APY.fastq.gz,direct released FASTQ assets supplied,https://www.encodeproject.org/files/ENCFF407CJY/@@download/ENCFF407CJY.fastq.gz; https://www.encodeproject.org/files/ENCFF539YET/@@download/ENCFF539YET.fastq.gz; https://www.encodeproject.org/files/ENCFF275FBO/@@download/ENCFF275FBO.bam; https://www.encodeproject.org/files/ENCFF775AVV/@@download/ENCFF775AVV.bam; https://www.encodeproject.org/files/ENCFF101BLM/@@download/ENCFF101BLM.tar.gz; https://www.encodeproject.org/files/ENCFF620QGJ/@@download/ENCFF620QGJ.tar.gz; https://www.encodeproject.org/files/ENCFF553AQQ/@@download/ENCFF553AQQ.bam; https://www.encodeproject.org/files/ENCFF673PLJ/@@download/ENCFF673PLJ.tar.gz; https://www.encodeproject.org/files/ENCFF440FME/@@download/ENCFF440FME.tar.gz; https://www.encodeproject.org/files/ENCFF323BAA/@@download/ENCFF323BAA.tar.gz; https://www.encodeproject.org/files/ENCFF734RUG/@@download/ENCFF734RUG.tar.gz,,BAM; FASTQ; GZ; fragment,false,false,true,false,28809969434,exact sum of released ENCODE read and index-read FASTQs,57888520334,exact sum of other released ENCODE component assets,86698489768,public,2026-08-01
ENCODE,ENCSR226SCP,,ENCODE released multiomics series,Mus musculus strain B6CASTF1/J adrenal gland tissue nuclear fraction female postnatal (14 days),adrenal gland,Mus musculus,single-cell RNA sequencing assay; single-nucleus ATAC-seq,true,7074,7074,7074,7074,provider-reported estimated nuclei,,https://www.encodeproject.org/experiments/ENCSR226SCP/,https://www.encodeproject.org/files/ENCFF379DVC/@@download/ENCFF379DVC.fastq.gz; https://www.encodeproject.org/files/ENCFF193CSC/@@download/ENCFF193CSC.fastq.gz; https://www.encodeproject.org/files/ENCFF714TCY/@@download/ENCFF714TCY.fastq.gz; https://www.encodeproject.org/files/ENCFF509PSU/@@download/ENCFF509PSU.fastq.gz; https://www.encodeproject.org/files/ENCFF804NQH/@@download/ENCFF804NQH.fastq.gz; https://www.encodeproject.org/files/ENCFF900XDS/@@download/ENCFF900XDS.fastq.gz; https://www.encodeproject.org/files/ENCFF427TQA/@@download/ENCFF427TQA.fastq.gz; https://www.encodeproject.org/files/ENCFF457IKR/@@download/ENCFF457IKR.fastq.gz; https://www.encodeproject.org/files/ENCFF171QBU/@@download/ENCFF171QBU.fastq.gz; https://www.encodeproject.org/files/ENCFF552UPO/@@download/ENCFF552UPO.fastq.gz,direct released FASTQ assets supplied,https://www.encodeproject.org/files/ENCFF471AVF/@@download/ENCFF471AVF.fastq.gz; https://www.encodeproject.org/files/ENCFF689OMF/@@download/ENCFF689OMF.fastq.gz; https://www.encodeproject.org/files/ENCFF894DZD/@@download/ENCFF894DZD.bam; https://www.encodeproject.org/files/ENCFF159UUF/@@download/ENCFF159UUF.bam; https://www.encodeproject.org/files/ENCFF176LJV/@@download/ENCFF176LJV.tar.gz; https://www.encodeproject.org/files/ENCFF704FRO/@@download/ENCFF704FRO.bam; https://www.encodeproject.org/files/ENCFF324TRA/@@download/ENCFF324TRA.tar.gz; https://www.encodeproject.org/files/ENCFF583UJM/@@download/ENCFF583UJM.tar.gz; https://www.encodeproject.org/files/ENCFF040KNA/@@download/ENCFF040KNA.tar.gz; https://www.encodeproject.org/files/ENCFF370WSC/@@download/ENCFF370WSC.tar.gz; https://www.encodeproject.org/files/ENCFF221WGK/@@download/ENCFF221WGK.tar.gz,,BAM; FASTQ; GZ; fragment,false,false,true,false,30179859212,exact sum of released ENCODE read and index-read FASTQs,61840574113,exact sum of other released ENCODE component assets,92020433325,public,2026-08-01
ENCODE,ENCSR232HQU,,ENCODE released multiomics series,Homo sapiens posterior vena cava tissue nuclear fraction male adult (26 years),posterior vena cava,Homo sapiens,single-cell RNA sequencing assay; single-nucleus ATAC-seq,true,6964,6964,6964,6964,provider-reported estimated nuclei,,https://www.encodeproject.org/experiments/ENCSR232HQU/,https://www.encodeproject.org/files/ENCFF503LFF/@@download/ENCFF503LFF.fastq.gz; https://www.encodeproject.org/files/ENCFF494YCV/@@download/ENCFF494YCV.fastq.gz; https://www.encodeproject.org/files/ENCFF388QPU/@@download/ENCFF388QPU.fastq.gz; https://www.encodeproject.org/files/ENCFF586DKK/@@download/ENCFF586DKK.fastq.gz; https://www.encodeproject.org/files/ENCFF118HST/@@download/ENCFF118HST.fastq.gz; https://www.encodeproject.org/files/ENCFF443XPM/@@download/ENCFF443XPM.fastq.gz; https://www.encodeproject.org/files/ENCFF207TBT/@@download/ENCFF207TBT.fastq.gz; https://www.encodeproject.org/files/ENCFF592AKI/@@download/ENCFF592AKI.fastq.gz; https://www.encodeproject.org/files/ENCFF027NNM/@@download/ENCFF027NNM.fastq.gz; https://www.encodeproject.org/files/ENCFF914CKH/@@download/ENCFF914CKH.fastq.gz,direct released FASTQ assets supplied,https://www.encodeproject.org/files/ENCFF492JEV/@@download/ENCFF492JEV.fastq.gz; https://www.encodeproject.org/files/ENCFF542VVI/@@download/ENCFF542VVI.fastq.gz; https://www.encodeproject.org/files/ENCFF172WSI/@@download/ENCFF172WSI.bam; https://www.encodeproject.org/files/ENCFF637WRO/@@download/ENCFF637WRO.bam; https://www.encodeproject.org/files/ENCFF970JJX/@@download/ENCFF970JJX.tar.gz; https://www.encodeproject.org/files/ENCFF784OJI/@@download/ENCFF784OJI.tar.gz; https://www.encodeproject.org/files/ENCFF315HFZ/@@download/ENCFF315HFZ.bam; https://www.encodeproject.org/files/ENCFF793IUW/@@download/ENCFF793IUW.tar.gz; https://www.encodeproject.org/files/ENCFF747OOL/@@download/ENCFF747OOL.tar.gz; https://www.encodeproject.org/files/ENCFF383PAZ/@@download/ENCFF383PAZ.tar.gz; https://www.encodeproject.org/files/ENCFF945JLB/@@download/ENCFF945JLB.tar.gz,,BAM; FASTQ; GZ; fragment,false,false,true,false,25909306610,exact sum of released ENCODE read and index-read FASTQs,64020413676,exact sum of other released ENCODE component assets,89929720286,public,2026-08-01
ENCODE,ENCSR233QRA,,ENCODE released multiomics series,Mus musculus strain B6CASTF1/J left cerebral cortex tissue nuclear fraction female adult (2 months),left cerebral cortex,Mus musculus,single-cell RNA sequencing assay; single-nucleus ATAC-seq,true,10497,10497,10497,10497,provider-reported estimated nuclei,,https://www.encodeproject.org/experiments/ENCSR233QRA/,https://www.encodeproject.org/files/ENCFF614NPT/@@download/ENCFF614NPT.fastq.gz; https://www.encodeproject.org/files/ENCFF714YOW/@@download/ENCFF714YOW.fastq.gz; https://www.encodeproject.org/files/ENCFF643XTE/@@download/ENCFF643XTE.fastq.gz; https://www.encodeproject.org/files/ENCFF387BHH/@@download/ENCFF387BHH.fastq.gz; https://www.encodeproject.org/files/ENCFF666NVI/@@download/ENCFF666NVI.fastq.gz; https://www.encodeproject.org/files/ENCFF337VYH/@@download/ENCFF337VYH.fastq.gz; https://www.encodeproject.org/files/ENCFF935ILZ/@@download/ENCFF935ILZ.fastq.gz; https://www.encodeproject.org/files/ENCFF203WBJ/@@download/ENCFF203WBJ.fastq.gz; https://www.encodeproject.org/files/ENCFF047OAM/@@download/ENCFF047OAM.fastq.gz; https://www.encodeproject.org/files/ENCFF067NFB/@@download/ENCFF067NFB.fastq.gz,direct released FASTQ assets supplied,https://www.encodeproject.org/files/ENCFF046RYY/@@download/ENCFF046RYY.fastq.gz; https://www.encodeproject.org/files/ENCFF998JYU/@@download/ENCFF998JYU.fastq.gz; https://www.encodeproject.org/files/ENCFF634RBB/@@download/ENCFF634RBB.bam; https://www.encodeproject.org/files/ENCFF490TFN/@@download/ENCFF490TFN.tar.gz; https://www.encodeproject.org/files/ENCFF076TJE/@@download/ENCFF076TJE.bam; https://www.encodeproject.org/files/ENCFF060VWT/@@download/ENCFF060VWT.bam; https://www.encodeproject.org/files/ENCFF544NUT/@@download/ENCFF544NUT.tar.gz; https://www.encodeproject.org/files/ENCFF411OVK/@@download/ENCFF411OVK.tar.gz; https://www.encodeproject.org/files/ENCFF921VUZ/@@download/ENCFF921VUZ.tar.gz; https://www.encodeproject.org/files/ENCFF305KOJ/@@download/ENCFF305KOJ.tar.gz; https://www.encodeproject.org/files/ENCFF337DSV/@@download/ENCFF337DSV.tar.gz,,BAM; FASTQ; GZ; fragment,false,false,true,false,24902105213,exact sum of released ENCODE read and index-read FASTQs,53824440616,exact sum of other released ENCODE component assets,78726545829,public,2026-08-01
ENCODE,ENCSR233SQG,,ENCODE released multiomics series,Homo sapiens pancreas tissue nuclear fraction female adult (59 years),pancreas,Homo sapiens,single-cell RNA sequencing assay; single-nucleus ATAC-seq,true,12431,12431,12431,12431,provider-reported estimated nuclei,,https://www.encodeproject.org/experiments/ENCSR233SQG/,https://www.encodeproject.org/files/ENCFF450HQP/@@download/ENCFF450HQP.fastq.gz; https://www.encodeproject.org/files/ENCFF204FDN/@@download/ENCFF204FDN.fastq.gz; https://www.encodeproject.org/files/ENCFF187JEJ/@@download/ENCFF187JEJ.fastq.gz; https://www.encodeproject.org/files/ENCFF575MFA/@@download/ENCFF575MFA.fastq.gz; https://www.encodeproject.org/files/ENCFF911ICS/@@download/ENCFF911ICS.fastq.gz; https://www.encodeproject.org/files/ENCFF178VZE/@@download/ENCFF178VZE.fastq.gz; https://www.encodeproject.org/files/ENCFF923NIZ/@@download/ENCFF923NIZ.fastq.gz; https://www.encodeproject.org/files/ENCFF866QMI/@@download/ENCFF866QMI.fastq.gz; https://www.encodeproject.org/files/ENCFF142KFD/@@download/ENCFF142KFD.fastq.gz; https://www.encodeproject.org/files/ENCFF823GMJ/@@download/ENCFF823GMJ.fastq.gz,direct released FASTQ assets supplied,https://www.encodeproject.org/files/ENCFF362MEN/@@download/ENCFF362MEN.fastq.gz; https://www.encodeproject.org/files/ENCFF149ABN/@@download/ENCFF149ABN.fastq.gz; https://www.encodeproject.org/files/ENCFF012QIE/@@download/ENCFF012QIE.bam; https://www.encodeproject.org/files/ENCFF680FRG/@@download/ENCFF680FRG.bam; https://www.encodeproject.org/files/ENCFF482UTI/@@download/ENCFF482UTI.tar.gz; https://www.encodeproject.org/files/ENCFF790HWI/@@download/ENCFF790HWI.bam; https://www.encodeproject.org/files/ENCFF768ULN/@@download/ENCFF768ULN.tar.gz; https://www.encodeproject.org/files/ENCFF898HAT/@@download/ENCFF898HAT.tar.gz; https://www.encodeproject.org/files/ENCFF222WFI/@@download/ENCFF222WFI.tar.gz; https://www.encodeproject.org/files/ENCFF043SMX/@@download/ENCFF043SMX.tar.gz; https://www.encodeproject.org/files/ENCFF547VHK/@@download/ENCFF547VHK.tar.gz,,BAM; FASTQ; GZ; fragment,false,false,true,false,44094829323,exact sum of released ENCODE read and index-read FASTQs,93879896930,exact sum of other released ENCODE component assets,137974726253,public,2026-08-01
ENCODE,ENCSR234APA,,ENCODE released multiomics series,Homo sapiens heart tissue nuclear fraction female embryo (127 days),heart,Homo sapiens,single-cell RNA sequencing assay; single-nucleus ATAC-seq,true,6308,6308,6308,6308,provider-reported estimated nuclei,,https://www.encodeproject.org/experiments/ENCSR234APA/,https://www.encodeproject.org/files/ENCFF563ADL/@@download/ENCFF563ADL.fastq.gz; https://www.encodeproject.org/files/ENCFF456MTV/@@download/ENCFF456MTV.fastq.gz; https://www.encodeproject.org/files/ENCFF982QAC/@@download/ENCFF982QAC.fastq.gz; https://www.encodeproject.org/files/ENCFF151EBT/@@download/ENCFF151EBT.fastq.gz; https://www.encodeproject.org/files/ENCFF194WSA/@@download/ENCFF194WSA.fastq.gz; https://www.encodeproject.org/files/ENCFF936QVP/@@download/ENCFF936QVP.fastq.gz; https://www.encodeproject.org/files/ENCFF427ALN/@@download/ENCFF427ALN.fastq.gz; https://www.encodeproject.org/files/ENCFF540POA/@@download/ENCFF540POA.fastq.gz; https://www.encodeproject.org/files/ENCFF155VGG/@@download/ENCFF155VGG.fastq.gz; https://www.encodeproject.org/files/ENCFF315KKJ/@@download/ENCFF315KKJ.fastq.gz,direct released FASTQ assets supplied,https://www.encodeproject.org/files/ENCFF539YLL/@@download/ENCFF539YLL.fastq.gz; https://www.encodeproject.org/files/ENCFF202XSZ/@@download/ENCFF202XSZ.fastq.gz; https://www.encodeproject.org/files/ENCFF560SNL/@@download/ENCFF560SNL.bam; https://www.encodeproject.org/files/ENCFF353WWC/@@download/ENCFF353WWC.bam; https://www.encodeproject.org/files/ENCFF109FJX/@@download/ENCFF109FJX.tar.gz; https://www.encodeproject.org/files/ENCFF132DGJ/@@download/ENCFF132DGJ.tar.gz; https://www.encodeproject.org/files/ENCFF359RDL/@@download/ENCFF359RDL.bam; https://www.encodeproject.org/files/ENCFF842OKZ/@@download/ENCFF842OKZ.tar.gz; https://www.encodeproject.org/files/ENCFF930KQD/@@download/ENCFF930KQD.tar.gz; https://www.encodeproject.org/files/ENCFF805YRY/@@download/ENCFF805YRY.tar.gz; https://www.encodeproject.org/files/ENCFF526YOC/@@download/ENCFF526YOC.tar.gz; https://www.encodeproject.org/files/ENCFF750LVS/@@download/ENCFF750LVS.tar.gz,,BAM; FASTQ; GZ; fragment,false,false,true,false,23695718111,exact sum of released ENCODE read and index-read FASTQs,46607761597,exact sum of other released ENCODE component assets,70303479708,public,2026-08-01
ENCODE,ENCSR239BIN,,ENCODE released multiomics series,Homo sapiens heart left ventricle tissue nuclear fraction male adult (43 years),heart left ventricle,Homo sapiens,single-cell RNA sequencing assay; single-nucleus ATAC-seq,true,14465,14465,14465,14465,provider-reported estimated nuclei,,https://www.encodeproject.org/experiments/ENCSR239BIN/,https://www.encodeproject.org/files/ENCFF980JNG/@@download/ENCFF980JNG.fastq.gz; https://www.encodeproject.org/files/ENCFF164NER/@@download/ENCFF164NER.fastq.gz; https://www.encodeproject.org/files/ENCFF467ZCE/@@download/ENCFF467ZCE.fastq.gz; https://www.encodeproject.org/files/ENCFF352GYM/@@download/ENCFF352GYM.fastq.gz; https://www.encodeproject.org/files/ENCFF644UMG/@@download/ENCFF644UMG.fastq.gz; https://www.encodeproject.org/files/ENCFF167ICF/@@download/ENCFF167ICF.fastq.gz; https://www.encodeproject.org/files/ENCFF231DCV/@@download/ENCFF231DCV.fastq.gz; https://www.encodeproject.org/files/ENCFF157DGV/@@download/ENCFF157DGV.fastq.gz; https://www.encodeproject.org/files/ENCFF922IOW/@@download/ENCFF922IOW.fastq.gz; https://www.encodeproject.org/files/ENCFF687YIL/@@download/ENCFF687YIL.fastq.gz; https://www.encodeproject.org/files/ENCFF217ZYJ/@@download/ENCFF217ZYJ.fastq.gz; https://www.encodeproject.org/files/ENCFF388RHE/@@download/ENCFF388RHE.fastq.gz; https://www.encodeproject.org/files/ENCFF005NYK/@@download/ENCFF005NYK.fastq.gz; https://www.encodeproject.org/files/ENCFF631CZI/@@download/ENCFF631CZI.fastq.gz; https://www.encodeproject.org/files/ENCFF982YGL/@@download/ENCFF982YGL.fastq.gz; https://www.encodeproject.org/files/ENCFF627GRU/@@download/ENCFF627GRU.fastq.gz; https://www.encodeproject.org/files/ENCFF698SQG/@@download/ENCFF698SQG.fastq.gz; https://www.encodeproject.org/files/ENCFF872JUZ/@@download/ENCFF872JUZ.fastq.gz; https://www.encodeproject.org/files/ENCFF776PVQ/@@download/ENCFF776PVQ.fastq.gz; https://www.encodeproject.org/files/ENCFF819OPG/@@download/ENCFF819OPG.fastq.gz,direct released FASTQ assets supplied,https://www.encodeproject.org/files/ENCFF643BIQ/@@download/ENCFF643BIQ.fastq.gz; https://www.encodeproject.org/files/ENCFF339UJK/@@download/ENCFF339UJK.fastq.gz; https://www.encodeproject.org/files/ENCFF928QVA/@@download/ENCFF928QVA.bam; https://www.encodeproject.org/files/ENCFF684OCF/@@download/ENCFF684OCF.bam; https://www.encodeproject.org/files/ENCFF971QMS/@@download/ENCFF971QMS.tar.gz; https://www.encodeproject.org/files/ENCFF677AGL/@@download/ENCFF677AGL.bam; https://www.encodeproject.org/files/ENCFF101WBN/@@download/ENCFF101WBN.tar.gz; https://www.encodeproject.org/files/ENCFF141HGZ/@@download/ENCFF141HGZ.tar.gz; https://www.encodeproject.org/files/ENCFF838XKA/@@download/ENCFF838XKA.tar.gz; https://www.encodeproject.org/files/ENCFF948FAP/@@download/ENCFF948FAP.tar.gz; https://www.encodeproject.org/files/ENCFF836JRP/@@download/ENCFF836JRP.tar.gz,,BAM; FASTQ; GZ; fragment,false,false,true,false,54276648220,exact sum of released ENCODE read and index-read FASTQs,132951499684,exact sum of other released ENCODE component assets,187228147904,public,2026-08-01
ENCODE,ENCSR243CWX,,ENCODE released multiomics series,Homo sapiens heart left ventricle tissue nuclear fraction male adult (30 years),heart left ventricle,Homo sapiens,single-cell RNA sequencing assay; single-nucleus ATAC-seq,true,20379,20379,20379,20379,provider-reported estimated nuclei,,https://www.encodeproject.org/experiments/ENCSR243CWX/,https://www.encodeproject.org/files/ENCFF920XAN/@@download/ENCFF920XAN.fastq.gz; https://www.encodeproject.org/files/ENCFF391YEI/@@download/ENCFF391YEI.fastq.gz; https://www.encodeproject.org/files/ENCFF221RAS/@@download/ENCFF221RAS.fastq.gz; https://www.encodeproject.org/files/ENCFF686UDN/@@download/ENCFF686UDN.fastq.gz; https://www.encodeproject.org/files/ENCFF537XKX/@@download/ENCFF537XKX.fastq.gz; https://www.encodeproject.org/files/ENCFF978GWP/@@download/ENCFF978GWP.fastq.gz; https://www.encodeproject.org/files/ENCFF910MFS/@@download/ENCFF910MFS.fastq.gz; https://www.encodeproject.org/files/ENCFF510JWO/@@download/ENCFF510JWO.fastq.gz; https://www.encodeproject.org/files/ENCFF914UFC/@@download/ENCFF914UFC.fastq.gz; https://www.encodeproject.org/files/ENCFF052VBT/@@download/ENCFF052VBT.fastq.gz; https://www.encodeproject.org/files/ENCFF359CHK/@@download/ENCFF359CHK.fastq.gz; https://www.encodeproject.org/files/ENCFF876UWP/@@download/ENCFF876UWP.fastq.gz; https://www.encodeproject.org/files/ENCFF669HCR/@@download/ENCFF669HCR.fastq.gz; https://www.encodeproject.org/files/ENCFF040GSU/@@download/ENCFF040GSU.fastq.gz; https://www.encodeproject.org/files/ENCFF076QNR/@@download/ENCFF076QNR.fastq.gz; https://www.encodeproject.org/files/ENCFF203DVP/@@download/ENCFF203DVP.fastq.gz; https://www.encodeproject.org/files/ENCFF777HHR/@@download/ENCFF777HHR.fastq.gz; https://www.encodeproject.org/files/ENCFF025RFH/@@download/ENCFF025RFH.fastq.gz; https://www.encodeproject.org/files/ENCFF920TQM/@@download/ENCFF920TQM.fastq.gz; https://www.encodeproject.org/files/ENCFF966KTV/@@download/ENCFF966KTV.fastq.gz,direct released FASTQ assets supplied,https://www.encodeproject.org/files/ENCFF145OEU/@@download/ENCFF145OEU.fastq.gz; https://www.encodeproject.org/files/ENCFF145UIP/@@download/ENCFF145UIP.fastq.gz; https://www.encodeproject.org/files/ENCFF012HRA/@@download/ENCFF012HRA.bam; https://www.encodeproject.org/files/ENCFF686MBW/@@download/ENCFF686MBW.bam; https://www.encodeproject.org/files/ENCFF740MBX/@@download/ENCFF740MBX.tar.gz; https://www.encodeproject.org/files/ENCFF844GHU/@@download/ENCFF844GHU.bam; https://www.encodeproject.org/files/ENCFF186HGI/@@download/ENCFF186HGI.tar.gz; https://www.encodeproject.org/files/ENCFF616DEQ/@@download/ENCFF616DEQ.tar.gz; https://www.encodeproject.org/files/ENCFF491ORA/@@download/ENCFF491ORA.tar.gz; https://www.encodeproject.org/files/ENCFF602LLD/@@download/ENCFF602LLD.tar.gz; https://www.encodeproject.org/files/ENCFF071XEX/@@download/ENCFF071XEX.tar.gz,,BAM; FASTQ; GZ; fragment,false,false,true,false,61156911666,exact sum of released ENCODE read and index-read FASTQs,147206778431,exact sum of other released ENCODE component assets,208363690097,public,2026-08-01
ENCODE,ENCSR245BNT,,ENCODE released multiomics series,Homo sapiens heart left ventricle tissue nuclear fraction female adult (47 years),heart left ventricle,Homo sapiens,single-cell RNA sequencing assay; single-nucleus ATAC-seq,true,18917,18917,18917,18917,provider-reported estimated nuclei,,https://www.encodeproject.org/experiments/ENCSR245BNT/,https://www.encodeproject.org/files/ENCFF230APD/@@download/ENCFF230APD.fastq.gz; https://www.encodeproject.org/files/ENCFF127OSH/@@download/ENCFF127OSH.fastq.gz; https://www.encodeproject.org/files/ENCFF494OGF/@@download/ENCFF494OGF.fastq.gz; https://www.encodeproject.org/files/ENCFF266IZA/@@download/ENCFF266IZA.fastq.gz; https://www.encodeproject.org/files/ENCFF792USW/@@download/ENCFF792USW.fastq.gz; https://www.encodeproject.org/files/ENCFF965EVN/@@download/ENCFF965EVN.fastq.gz; https://www.encodeproject.org/files/ENCFF202MXL/@@download/ENCFF202MXL.fastq.gz; https://www.encodeproject.org/files/ENCFF788DTH/@@download/ENCFF788DTH.fastq.gz; https://www.encodeproject.org/files/ENCFF749VUD/@@download/ENCFF749VUD.fastq.gz; https://www.encodeproject.org/files/ENCFF950POF/@@download/ENCFF950POF.fastq.gz,direct released FASTQ assets supplied,https://www.encodeproject.org/files/ENCFF242COT/@@download/ENCFF242COT.fastq.gz; https://www.encodeproject.org/files/ENCFF403QUI/@@download/ENCFF403QUI.fastq.gz; https://www.encodeproject.org/files/ENCFF382AYR/@@download/ENCFF382AYR.bam; https://www.encodeproject.org/files/ENCFF155IKB/@@download/ENCFF155IKB.bam; https://www.encodeproject.org/files/ENCFF431QHL/@@download/ENCFF431QHL.tar.gz; https://www.encodeproject.org/files/ENCFF146HKM/@@download/ENCFF146HKM.bam; https://www.encodeproject.org/files/ENCFF594SCL/@@download/ENCFF594SCL.tar.gz; https://www.encodeproject.org/files/ENCFF163SHI/@@download/ENCFF163SHI.tar.gz; https://www.encodeproject.org/files/ENCFF046HXA/@@download/ENCFF046HXA.tar.gz; https://www.encodeproject.org/files/ENCFF060PEE/@@download/ENCFF060PEE.tar.gz; https://www.encodeproject.org/files/ENCFF244JQG/@@download/ENCFF244JQG.tar.gz,,BAM; FASTQ; GZ; fragment,false,false,true,false,46809292619,exact sum of released ENCODE read and index-read FASTQs,104606393890,exact sum of other released ENCODE component assets,151415686509,public,2026-08-01
ENCODE,ENCSR255POA,,ENCODE released multiomics series,Homo sapiens psoas muscle tissue nuclear fraction female child (16 years),psoas muscle,Homo sapiens,single-cell RNA sequencing assay; single-nucleus ATAC-seq,true,7459,7459,7459,7459,provider-reported estimated nuclei,,https://www.encodeproject.org/experiments/ENCSR255POA/,https://www.encodeproject.org/files/ENCFF530HSX/@@download/ENCFF530HSX.fastq.gz; https://www.encodeproject.org/files/ENCFF271NQM/@@download/ENCFF271NQM.fastq.gz; https://www.encodeproject.org/files/ENCFF016VXN/@@download/ENCFF016VXN.fastq.gz; https://www.encodeproject.org/files/ENCFF169IEP/@@download/ENCFF169IEP.fastq.gz; https://www.encodeproject.org/files/ENCFF773GJF/@@download/ENCFF773GJF.fastq.gz; https://www.encodeproject.org/files/ENCFF629FJH/@@download/ENCFF629FJH.fastq.gz; https://www.encodeproject.org/files/ENCFF830VZE/@@download/ENCFF830VZE.fastq.gz; https://www.encodeproject.org/files/ENCFF974AIM/@@download/ENCFF974AIM.fastq.gz; https://www.encodeproject.org/files/ENCFF414RYU/@@download/ENCFF414RYU.fastq.gz; https://www.encodeproject.org/files/ENCFF822WWL/@@download/ENCFF822WWL.fastq.gz,direct released FASTQ assets supplied,https://www.encodeproject.org/files/ENCFF564OQP/@@download/ENCFF564OQP.fastq.gz; https://www.encodeproject.org/files/ENCFF645QQH/@@download/ENCFF645QQH.fastq.gz; https://www.encodeproject.org/files/ENCFF727FJJ/@@download/ENCFF727FJJ.bam; https://www.encodeproject.org/files/ENCFF218CHQ/@@download/ENCFF218CHQ.bam; https://www.encodeproject.org/files/ENCFF948PTQ/@@download/ENCFF948PTQ.tar.gz; https://www.encodeproject.org/files/ENCFF054OKK/@@download/ENCFF054OKK.bam; https://www.encodeproject.org/files/ENCFF017MTA/@@download/ENCFF017MTA.tar.gz; https://www.encodeproject.org/files/ENCFF644KGC/@@download/ENCFF644KGC.tar.gz; https://www.encodeproject.org/files/ENCFF154FSZ/@@download/ENCFF154FSZ.tar.gz; https://www.encodeproject.org/files/ENCFF323ESP/@@download/ENCFF323ESP.tar.gz; https://www.encodeproject.org/files/ENCFF898VXX/@@download/ENCFF898VXX.tar.gz,,BAM; FASTQ; GZ; fragment,false,false,true,false,45667892346,exact sum of released ENCODE read and index-read FASTQs,96323913251,exact sum of other released ENCODE component assets,141991805597,public,2026-08-01
ENCODE,ENCSR264JIX,,ENCODE released multiomics series,Homo sapiens left lung tissue nuclear fraction female child (16 years),left lung,Homo sapiens,single-cell RNA sequencing assay; single-nucleus ATAC-seq,true,8435,8435,8435,8435,provider-reported estimated nuclei,,https://www.encodeproject.org/experiments/ENCSR264JIX/,https://www.encodeproject.org/files/ENCFF373DBG/@@download/ENCFF373DBG.fastq.gz; https://www.encodeproject.org/files/ENCFF223EZM/@@download/ENCFF223EZM.fastq.gz; https://www.encodeproject.org/files/ENCFF605ZBO/@@download/ENCFF605ZBO.fastq.gz; https://www.encodeproject.org/files/ENCFF057YPM/@@download/ENCFF057YPM.fastq.gz; https://www.encodeproject.org/files/ENCFF990BFG/@@download/ENCFF990BFG.fastq.gz; https://www.encodeproject.org/files/ENCFF113VDA/@@download/ENCFF113VDA.fastq.gz; https://www.encodeproject.org/files/ENCFF516OIR/@@download/ENCFF516OIR.fastq.gz; https://www.encodeproject.org/files/ENCFF805MRO/@@download/ENCFF805MRO.fastq.gz; https://www.encodeproject.org/files/ENCFF045SOP/@@download/ENCFF045SOP.fastq.gz; https://www.encodeproject.org/files/ENCFF981YFQ/@@download/ENCFF981YFQ.fastq.gz,direct released FASTQ assets supplied,https://www.encodeproject.org/files/ENCFF545XFT/@@download/ENCFF545XFT.fastq.gz; https://www.encodeproject.org/files/ENCFF124NYM/@@download/ENCFF124NYM.fastq.gz; https://www.encodeproject.org/files/ENCFF142ZRI/@@download/ENCFF142ZRI.bam; https://www.encodeproject.org/files/ENCFF286MBJ/@@download/ENCFF286MBJ.bam; https://www.encodeproject.org/files/ENCFF184CZI/@@download/ENCFF184CZI.tar.gz; https://www.encodeproject.org/files/ENCFF667BQF/@@download/ENCFF667BQF.bam; https://www.encodeproject.org/files/ENCFF424NLS/@@download/ENCFF424NLS.tar.gz; https://www.encodeproject.org/files/ENCFF408HJH/@@download/ENCFF408HJH.tar.gz; https://www.encodeproject.org/files/ENCFF313RZL/@@download/ENCFF313RZL.tar.gz; https://www.encodeproject.org/files/ENCFF936BUW/@@download/ENCFF936BUW.tar.gz; https://www.encodeproject.org/files/ENCFF710VBA/@@download/ENCFF710VBA.tar.gz,,BAM; FASTQ; GZ; fragment,false,false,true,false,26320288568,exact sum of released ENCODE read and index-read FASTQs,65497624701,exact sum of other released ENCODE component assets,91817913269,public,2026-08-01
ENCODE,ENCSR265GWL,,ENCODE released multiomics series,Homo sapiens heart tissue nuclear fraction male embryo (94 days),heart,Homo sapiens,single-cell RNA sequencing assay; single-nucleus ATAC-seq,true,4030,4030,4030,4030,provider-reported estimated nuclei,,https://www.encodeproject.org/experiments/ENCSR265GWL/,https://www.encodeproject.org/files/ENCFF900YGG/@@download/ENCFF900YGG.fastq.gz; https://www.encodeproject.org/files/ENCFF341YZK/@@download/ENCFF341YZK.fastq.gz; https://www.encodeproject.org/files/ENCFF688YDP/@@download/ENCFF688YDP.fastq.gz; https://www.encodeproject.org/files/ENCFF837WLV/@@download/ENCFF837WLV.fastq.gz; https://www.encodeproject.org/files/ENCFF511BDZ/@@download/ENCFF511BDZ.fastq.gz; https://www.encodeproject.org/files/ENCFF036VOK/@@download/ENCFF036VOK.fastq.gz; https://www.encodeproject.org/files/ENCFF531MTV/@@download/ENCFF531MTV.fastq.gz; https://www.encodeproject.org/files/ENCFF158UKY/@@download/ENCFF158UKY.fastq.gz; https://www.encodeproject.org/files/ENCFF672ONG/@@download/ENCFF672ONG.fastq.gz; https://www.encodeproject.org/files/ENCFF951LHO/@@download/ENCFF951LHO.fastq.gz,direct released FASTQ assets supplied,https://www.encodeproject.org/files/ENCFF933RYY/@@download/ENCFF933RYY.fastq.gz; https://www.encodeproject.org/files/ENCFF991WRG/@@download/ENCFF991WRG.fastq.gz; https://www.encodeproject.org/files/ENCFF778FUB/@@download/ENCFF778FUB.bam; https://www.encodeproject.org/files/ENCFF542LPL/@@download/ENCFF542LPL.bam; https://www.encodeproject.org/files/ENCFF946HNM/@@download/ENCFF946HNM.tar.gz; https://www.encodeproject.org/files/ENCFF379ISS/@@download/ENCFF379ISS.tar.gz; https://www.encodeproject.org/files/ENCFF925ASB/@@download/ENCFF925ASB.bam; https://www.encodeproject.org/files/ENCFF923KZY/@@download/ENCFF923KZY.tar.gz; https://www.encodeproject.org/files/ENCFF243UTL/@@download/ENCFF243UTL.tar.gz; https://www.encodeproject.org/files/ENCFF802AQC/@@download/ENCFF802AQC.tar.gz; https://www.encodeproject.org/files/ENCFF836FYS/@@download/ENCFF836FYS.tar.gz; https://www.encodeproject.org/files/ENCFF495MUC/@@download/ENCFF495MUC.tar.gz,,BAM; FASTQ; GZ; fragment,false,false,true,false,9880523000,exact sum of released ENCODE read and index-read FASTQs,20118013947,exact sum of other released ENCODE component assets,29998536947,public,2026-08-01
ENCODE,ENCSR265ZRW,,ENCODE released multiomics series,Homo sapiens heart left ventricle tissue nuclear fraction male adult (41 years),heart left ventricle,Homo sapiens,single-cell RNA sequencing assay; single-nucleus ATAC-seq,true,19829,19829,19829,19829,provider-reported estimated nuclei,,https://www.encodeproject.org/experiments/ENCSR265ZRW/,https://www.encodeproject.org/files/ENCFF591OWJ/@@download/ENCFF591OWJ.fastq.gz; https://www.encodeproject.org/files/ENCFF581UMV/@@download/ENCFF581UMV.fastq.gz; https://www.encodeproject.org/files/ENCFF868KLO/@@download/ENCFF868KLO.fastq.gz; https://www.encodeproject.org/files/ENCFF050FXZ/@@download/ENCFF050FXZ.fastq.gz; https://www.encodeproject.org/files/ENCFF200RJZ/@@download/ENCFF200RJZ.fastq.gz; https://www.encodeproject.org/files/ENCFF197EVN/@@download/ENCFF197EVN.fastq.gz; https://www.encodeproject.org/files/ENCFF608GKV/@@download/ENCFF608GKV.fastq.gz; https://www.encodeproject.org/files/ENCFF591AKV/@@download/ENCFF591AKV.fastq.gz; https://www.encodeproject.org/files/ENCFF477DGF/@@download/ENCFF477DGF.fastq.gz; https://www.encodeproject.org/files/ENCFF082JTJ/@@download/ENCFF082JTJ.fastq.gz,direct released FASTQ assets supplied,https://www.encodeproject.org/files/ENCFF128UVZ/@@download/ENCFF128UVZ.fastq.gz; https://www.encodeproject.org/files/ENCFF434QJL/@@download/ENCFF434QJL.fastq.gz; https://www.encodeproject.org/files/ENCFF810SAB/@@download/ENCFF810SAB.bam; https://www.encodeproject.org/files/ENCFF097YIW/@@download/ENCFF097YIW.bam; https://www.encodeproject.org/files/ENCFF930HJN/@@download/ENCFF930HJN.tar.gz; https://www.encodeproject.org/files/ENCFF772IKA/@@download/ENCFF772IKA.tar.gz; https://www.encodeproject.org/files/ENCFF609FIG/@@download/ENCFF609FIG.bam; https://www.encodeproject.org/files/ENCFF433UAL/@@download/ENCFF433UAL.tar.gz; https://www.encodeproject.org/files/ENCFF907UBD/@@download/ENCFF907UBD.tar.gz; https://www.encodeproject.org/files/ENCFF980RVJ/@@download/ENCFF980RVJ.tar.gz; https://www.encodeproject.org/files/ENCFF869ZIZ/@@download/ENCFF869ZIZ.tar.gz,,BAM; FASTQ; GZ; fragment,false,false,true,false,45380164609,exact sum of released ENCODE read and index-read FASTQs,98757916951,exact sum of other released ENCODE component assets,144138081560,public,2026-08-01
ENCODE,ENCSR269UCZ,,ENCODE released multiomics series,Mus musculus strain B6CASTF1/J left cerebral cortex tissue nuclear fraction female postnatal (14 days),left cerebral cortex,Mus musculus,single-cell RNA sequencing assay; single-nucleus ATAC-seq,true,11935,11935,11935,11935,provider-reported estimated nuclei,,https://www.encodeproject.org/experiments/ENCSR269UCZ/,https://www.encodeproject.org/files/ENCFF492SHJ/@@download/ENCFF492SHJ.fastq.gz; https://www.encodeproject.org/files/ENCFF949VEU/@@download/ENCFF949VEU.fastq.gz; https://www.encodeproject.org/files/ENCFF901SKL/@@download/ENCFF901SKL.fastq.gz; https://www.encodeproject.org/files/ENCFF423AWU/@@download/ENCFF423AWU.fastq.gz; https://www.encodeproject.org/files/ENCFF038PSX/@@download/ENCFF038PSX.fastq.gz; https://www.encodeproject.org/files/ENCFF518NNK/@@download/ENCFF518NNK.fastq.gz; https://www.encodeproject.org/files/ENCFF024GSV/@@download/ENCFF024GSV.fastq.gz; https://www.encodeproject.org/files/ENCFF871SKC/@@download/ENCFF871SKC.fastq.gz; https://www.encodeproject.org/files/ENCFF515MFS/@@download/ENCFF515MFS.fastq.gz; https://www.encodeproject.org/files/ENCFF812EBY/@@download/ENCFF812EBY.fastq.gz,direct released FASTQ assets supplied,https://www.encodeproject.org/files/ENCFF409MWS/@@download/ENCFF409MWS.fastq.gz; https://www.encodeproject.org/files/ENCFF554UCX/@@download/ENCFF554UCX.fastq.gz; https://www.encodeproject.org/files/ENCFF118QTF/@@download/ENCFF118QTF.bam; https://www.encodeproject.org/files/ENCFF208SBB/@@download/ENCFF208SBB.bam; https://www.encodeproject.org/files/ENCFF676ZYL/@@download/ENCFF676ZYL.tar.gz; https://www.encodeproject.org/files/ENCFF500FRC/@@download/ENCFF500FRC.bam; https://www.encodeproject.org/files/ENCFF123KOS/@@download/ENCFF123KOS.tar.gz; https://www.encodeproject.org/files/ENCFF948UQE/@@download/ENCFF948UQE.tar.gz; https://www.encodeproject.org/files/ENCFF109DZW/@@download/ENCFF109DZW.tar.gz; https://www.encodeproject.org/files/ENCFF878SIN/@@download/ENCFF878SIN.tar.gz; https://www.encodeproject.org/files/ENCFF515IWC/@@download/ENCFF515IWC.tar.gz,,BAM; FASTQ; GZ; fragment,false,false,true,false,29183487569,exact sum of released ENCODE read and index-read FASTQs,58818297446,exact sum of other released ENCODE component assets,88001785015,public,2026-08-01
ENCODE,ENCSR284PXA,,ENCODE released multiomics series,Homo sapiens placenta tissue nuclear fraction male embryo,placenta,Homo sapiens,single-cell RNA sequencing assay; single-nucleus ATAC-seq,true,8957,8957,8957,8957,provider-reported estimated nuclei,,https://www.encodeproject.org/experiments/ENCSR284PXA/,https://www.encodeproject.org/files/ENCFF662TPR/@@download/ENCFF662TPR.fastq.gz; https://www.encodeproject.org/files/ENCFF705QZI/@@download/ENCFF705QZI.fastq.gz; https://www.encodeproject.org/files/ENCFF134RUS/@@download/ENCFF134RUS.fastq.gz; https://www.encodeproject.org/files/ENCFF749JWR/@@download/ENCFF749JWR.fastq.gz; https://www.encodeproject.org/files/ENCFF286WAW/@@download/ENCFF286WAW.fastq.gz; https://www.encodeproject.org/files/ENCFF473TXI/@@download/ENCFF473TXI.fastq.gz; https://www.encodeproject.org/files/ENCFF304LII/@@download/ENCFF304LII.fastq.gz; https://www.encodeproject.org/files/ENCFF802HAH/@@download/ENCFF802HAH.fastq.gz; https://www.encodeproject.org/files/ENCFF947SGM/@@download/ENCFF947SGM.fastq.gz; https://www.encodeproject.org/files/ENCFF753KFT/@@download/ENCFF753KFT.fastq.gz,direct released FASTQ assets supplied,https://www.encodeproject.org/files/ENCFF925EOY/@@download/ENCFF925EOY.fastq.gz; https://www.encodeproject.org/files/ENCFF598TDX/@@download/ENCFF598TDX.fastq.gz; https://www.encodeproject.org/files/ENCFF760ITR/@@download/ENCFF760ITR.bam; https://www.encodeproject.org/files/ENCFF091EEY/@@download/ENCFF091EEY.bam; https://www.encodeproject.org/files/ENCFF504FQS/@@download/ENCFF504FQS.tar.gz; https://www.encodeproject.org/files/ENCFF170UTO/@@download/ENCFF170UTO.bam; https://www.encodeproject.org/files/ENCFF924UWY/@@download/ENCFF924UWY.tar.gz; https://www.encodeproject.org/files/ENCFF255IWU/@@download/ENCFF255IWU.tar.gz; https://www.encodeproject.org/files/ENCFF651VOJ/@@download/ENCFF651VOJ.tar.gz; https://www.encodeproject.org/files/ENCFF549RPL/@@download/ENCFF549RPL.tar.gz; https://www.encodeproject.org/files/ENCFF592JBE/@@download/ENCFF592JBE.tar.gz,,BAM; FASTQ; GZ; fragment,false,false,true,false,23113728010,exact sum of released ENCODE read and index-read FASTQs,56031627920,exact sum of other released ENCODE component assets,79145355930,public,2026-08-01
ENCODE,ENCSR300BCB,,ENCODE released multiomics series,Homo sapiens heart left ventricle tissue nuclear fraction male adult (54 years),heart left ventricle,Homo sapiens,single-cell RNA sequencing assay; single-nucleus ATAC-seq,true,10393,10393,10393,10393,provider-reported estimated nuclei,,https://www.encodeproject.org/experiments/ENCSR300BCB/,https://www.encodeproject.org/files/ENCFF961UYT/@@download/ENCFF961UYT.fastq.gz; https://www.encodeproject.org/files/ENCFF867DDW/@@download/ENCFF867DDW.fastq.gz; https://www.encodeproject.org/files/ENCFF052DVY/@@download/ENCFF052DVY.fastq.gz; https://www.encodeproject.org/files/ENCFF047SEI/@@download/ENCFF047SEI.fastq.gz; https://www.encodeproject.org/files/ENCFF417KYU/@@download/ENCFF417KYU.fastq.gz; https://www.encodeproject.org/files/ENCFF562FGE/@@download/ENCFF562FGE.fastq.gz; https://www.encodeproject.org/files/ENCFF680UAL/@@download/ENCFF680UAL.fastq.gz; https://www.encodeproject.org/files/ENCFF169UDT/@@download/ENCFF169UDT.fastq.gz; https://www.encodeproject.org/files/ENCFF540GUO/@@download/ENCFF540GUO.fastq.gz; https://www.encodeproject.org/files/ENCFF722CGD/@@download/ENCFF722CGD.fastq.gz,direct released FASTQ assets supplied,https://www.encodeproject.org/files/ENCFF008EPK/@@download/ENCFF008EPK.fastq.gz; https://www.encodeproject.org/files/ENCFF215OHZ/@@download/ENCFF215OHZ.fastq.gz; https://www.encodeproject.org/files/ENCFF244CJQ/@@download/ENCFF244CJQ.bam; https://www.encodeproject.org/files/ENCFF064TTF/@@download/ENCFF064TTF.bam; https://www.encodeproject.org/files/ENCFF611PKU/@@download/ENCFF611PKU.tar.gz; https://www.encodeproject.org/files/ENCFF567XQL/@@download/ENCFF567XQL.tar.gz; https://www.encodeproject.org/files/ENCFF341PSN/@@download/ENCFF341PSN.bam; https://www.encodeproject.org/files/ENCFF474XJS/@@download/ENCFF474XJS.tar.gz; https://www.encodeproject.org/files/ENCFF570EXM/@@download/ENCFF570EXM.tar.gz; https://www.encodeproject.org/files/ENCFF834DJN/@@download/ENCFF834DJN.tar.gz; https://www.encodeproject.org/files/ENCFF070HDU/@@download/ENCFF070HDU.tar.gz,,BAM; FASTQ; GZ; fragment,false,false,true,false,29027874441,exact sum of released ENCODE read and index-read FASTQs,68497800161,exact sum of other released ENCODE component assets,97525674602,public,2026-08-01
ENCODE,ENCSR300ZVZ,,ENCODE released multiomics series,Homo sapiens heart tissue nuclear fraction female embryo (105 days),heart,Homo sapiens,single-cell RNA sequencing assay; single-nucleus ATAC-seq,true,18329,18329,18329,18329,provider-reported estimated nuclei,,https://www.encodeproject.org/experiments/ENCSR300ZVZ/,https://www.encodeproject.org/files/ENCFF949SIR/@@download/ENCFF949SIR.fastq.gz; https://www.encodeproject.org/files/ENCFF021GSU/@@download/ENCFF021GSU.fastq.gz; https://www.encodeproject.org/files/ENCFF180BCO/@@download/ENCFF180BCO.fastq.gz; https://www.encodeproject.org/files/ENCFF805BFM/@@download/ENCFF805BFM.fastq.gz; https://www.encodeproject.org/files/ENCFF425IFQ/@@download/ENCFF425IFQ.fastq.gz; https://www.encodeproject.org/files/ENCFF716ALM/@@download/ENCFF716ALM.fastq.gz; https://www.encodeproject.org/files/ENCFF410QVG/@@download/ENCFF410QVG.fastq.gz; https://www.encodeproject.org/files/ENCFF569GXX/@@download/ENCFF569GXX.fastq.gz; https://www.encodeproject.org/files/ENCFF194FWT/@@download/ENCFF194FWT.fastq.gz; https://www.encodeproject.org/files/ENCFF550PFS/@@download/ENCFF550PFS.fastq.gz,direct released FASTQ assets supplied,https://www.encodeproject.org/files/ENCFF851VTB/@@download/ENCFF851VTB.tar.gz; https://www.encodeproject.org/files/ENCFF184YYJ/@@download/ENCFF184YYJ.tar.gz; https://www.encodeproject.org/files/ENCFF664LNP/@@download/ENCFF664LNP.fastq.gz; https://www.encodeproject.org/files/ENCFF337CQR/@@download/ENCFF337CQR.fastq.gz; https://www.encodeproject.org/files/ENCFF557LJE/@@download/ENCFF557LJE.bam; https://www.encodeproject.org/files/ENCFF949JTQ/@@download/ENCFF949JTQ.bam; https://www.encodeproject.org/files/ENCFF537IRU/@@download/ENCFF537IRU.bam; https://www.encodeproject.org/files/ENCFF781UIT/@@download/ENCFF781UIT.tar.gz; https://www.encodeproject.org/files/ENCFF807XXG/@@download/ENCFF807XXG.tar.gz; https://www.encodeproject.org/files/ENCFF775ANN/@@download/ENCFF775ANN.tar.gz; https://www.encodeproject.org/files/ENCFF845AYB/@@download/ENCFF845AYB.tar.gz; https://www.encodeproject.org/files/ENCFF733IOE/@@download/ENCFF733IOE.tar.gz,,BAM; FASTQ; GZ; fragment,false,false,true,false,32853527315,exact sum of released ENCODE read and index-read FASTQs,75967119854,exact sum of other released ENCODE component assets,108820647169,public,2026-08-01
ENCODE,ENCSR302EOG,,ENCODE released multiomics series,Homo sapiens heart tissue nuclear fraction female embryo (84 days),heart,Homo sapiens,single-cell RNA sequencing assay; single-nucleus ATAC-seq,true,8566,8566,8566,8566,provider-reported estimated nuclei,,https://www.encodeproject.org/experiments/ENCSR302EOG/,https://www.encodeproject.org/files/ENCFF871WLY/@@download/ENCFF871WLY.fastq.gz; https://www.encodeproject.org/files/ENCFF468VAM/@@download/ENCFF468VAM.fastq.gz; https://www.encodeproject.org/files/ENCFF692YAN/@@download/ENCFF692YAN.fastq.gz; https://www.encodeproject.org/files/ENCFF352YRT/@@download/ENCFF352YRT.fastq.gz; https://www.encodeproject.org/files/ENCFF018QRL/@@download/ENCFF018QRL.fastq.gz; https://www.encodeproject.org/files/ENCFF003FBC/@@download/ENCFF003FBC.fastq.gz; https://www.encodeproject.org/files/ENCFF497YAY/@@download/ENCFF497YAY.fastq.gz; https://www.encodeproject.org/files/ENCFF757DMR/@@download/ENCFF757DMR.fastq.gz; https://www.encodeproject.org/files/ENCFF277RQO/@@download/ENCFF277RQO.fastq.gz; https://www.encodeproject.org/files/ENCFF814HAZ/@@download/ENCFF814HAZ.fastq.gz,direct released FASTQ assets supplied,https://www.encodeproject.org/files/ENCFF592HCL/@@download/ENCFF592HCL.fastq.gz; https://www.encodeproject.org/files/ENCFF054RZG/@@download/ENCFF054RZG.fastq.gz; https://www.encodeproject.org/files/ENCFF454GYN/@@download/ENCFF454GYN.bam; https://www.encodeproject.org/files/ENCFF021CSA/@@download/ENCFF021CSA.bam; https://www.encodeproject.org/files/ENCFF401MVS/@@download/ENCFF401MVS.tar.gz; https://www.encodeproject.org/files/ENCFF098KFD/@@download/ENCFF098KFD.tar.gz; https://www.encodeproject.org/files/ENCFF565WSB/@@download/ENCFF565WSB.bam; https://www.encodeproject.org/files/ENCFF523WSI/@@download/ENCFF523WSI.tar.gz; https://www.encodeproject.org/files/ENCFF887HJU/@@download/ENCFF887HJU.tar.gz; https://www.encodeproject.org/files/ENCFF776DQR/@@download/ENCFF776DQR.tar.gz; https://www.encodeproject.org/files/ENCFF103HTJ/@@download/ENCFF103HTJ.tar.gz; https://www.encodeproject.org/files/ENCFF142MTT/@@download/ENCFF142MTT.tar.gz,,BAM; FASTQ; GZ; fragment,false,false,true,false,19897518476,exact sum of released ENCODE read and index-read FASTQs,42908835376,exact sum of other released ENCODE component assets,62806353852,public,2026-08-01
ENCODE,ENCSR304NKV,,ENCODE released multiomics series,Homo sapiens heart left ventricle tissue nuclear fraction male adult (69 years),heart left ventricle,Homo sapiens,single-cell RNA sequencing assay; single-nucleus ATAC-seq,true,21869,21869,21869,21869,provider-reported estimated nuclei,,https://www.encodeproject.org/experiments/ENCSR304NKV/,https://www.encodeproject.org/files/ENCFF889IAS/@@download/ENCFF889IAS.fastq.gz; https://www.encodeproject.org/files/ENCFF219GFP/@@download/ENCFF219GFP.fastq.gz; https://www.encodeproject.org/files/ENCFF421VRO/@@download/ENCFF421VRO.fastq.gz; https://www.encodeproject.org/files/ENCFF530BRD/@@download/ENCFF530BRD.fastq.gz; https://www.encodeproject.org/files/ENCFF186TCE/@@download/ENCFF186TCE.fastq.gz; https://www.encodeproject.org/files/ENCFF980CNA/@@download/ENCFF980CNA.fastq.gz; https://www.encodeproject.org/files/ENCFF419JBZ/@@download/ENCFF419JBZ.fastq.gz; https://www.encodeproject.org/files/ENCFF464FDC/@@download/ENCFF464FDC.fastq.gz; https://www.encodeproject.org/files/ENCFF391HZD/@@download/ENCFF391HZD.fastq.gz; https://www.encodeproject.org/files/ENCFF664OIZ/@@download/ENCFF664OIZ.fastq.gz; https://www.encodeproject.org/files/ENCFF195ZVN/@@download/ENCFF195ZVN.fastq.gz; https://www.encodeproject.org/files/ENCFF307UTF/@@download/ENCFF307UTF.fastq.gz; https://www.encodeproject.org/files/ENCFF053PFO/@@download/ENCFF053PFO.fastq.gz; https://www.encodeproject.org/files/ENCFF325QXA/@@download/ENCFF325QXA.fastq.gz; https://www.encodeproject.org/files/ENCFF740BAJ/@@download/ENCFF740BAJ.fastq.gz; https://www.encodeproject.org/files/ENCFF681BML/@@download/ENCFF681BML.fastq.gz; https://www.encodeproject.org/files/ENCFF865XHP/@@download/ENCFF865XHP.fastq.gz; https://www.encodeproject.org/files/ENCFF974AZJ/@@download/ENCFF974AZJ.fastq.gz; https://www.encodeproject.org/files/ENCFF694BUP/@@download/ENCFF694BUP.fastq.gz; https://www.encodeproject.org/files/ENCFF040AHY/@@download/ENCFF040AHY.fastq.gz,direct released FASTQ assets supplied,https://www.encodeproject.org/files/ENCFF428TTF/@@download/ENCFF428TTF.fastq.gz; https://www.encodeproject.org/files/ENCFF522DTL/@@download/ENCFF522DTL.fastq.gz; https://www.encodeproject.org/files/ENCFF712GUO/@@download/ENCFF712GUO.bam; https://www.encodeproject.org/files/ENCFF246KPS/@@download/ENCFF246KPS.bam; https://www.encodeproject.org/files/ENCFF157PSM/@@download/ENCFF157PSM.tar.gz; https://www.encodeproject.org/files/ENCFF791PQD/@@download/ENCFF791PQD.bam; https://www.encodeproject.org/files/ENCFF196JPI/@@download/ENCFF196JPI.tar.gz; https://www.encodeproject.org/files/ENCFF379FXA/@@download/ENCFF379FXA.tar.gz; https://www.encodeproject.org/files/ENCFF324CPD/@@download/ENCFF324CPD.tar.gz; https://www.encodeproject.org/files/ENCFF317UYU/@@download/ENCFF317UYU.tar.gz; https://www.encodeproject.org/files/ENCFF767TNG/@@download/ENCFF767TNG.tar.gz,,BAM; FASTQ; GZ; fragment,false,false,true,false,71560841849,exact sum of released ENCODE read and index-read FASTQs,179016038907,exact sum of other released ENCODE component assets,250576880756,public,2026-08-01
ENCODE,ENCSR305JVN,,ENCODE released multiomics series,Homo sapiens heart left ventricle tissue nuclear fraction male adult (68 years),heart left ventricle,Homo sapiens,single-cell RNA sequencing assay; single-nucleus ATAC-seq,true,22912,22912,22912,22912,provider-reported estimated nuclei,,https://www.encodeproject.org/experiments/ENCSR305JVN/,https://www.encodeproject.org/files/ENCFF494EIK/@@download/ENCFF494EIK.fastq.gz; https://www.encodeproject.org/files/ENCFF871GCF/@@download/ENCFF871GCF.fastq.gz; https://www.encodeproject.org/files/ENCFF032PCY/@@download/ENCFF032PCY.fastq.gz; https://www.encodeproject.org/files/ENCFF580RBR/@@download/ENCFF580RBR.fastq.gz; https://www.encodeproject.org/files/ENCFF956VFA/@@download/ENCFF956VFA.fastq.gz; https://www.encodeproject.org/files/ENCFF556HMV/@@download/ENCFF556HMV.fastq.gz; https://www.encodeproject.org/files/ENCFF274KPD/@@download/ENCFF274KPD.fastq.gz; https://www.encodeproject.org/files/ENCFF453ZJS/@@download/ENCFF453ZJS.fastq.gz; https://www.encodeproject.org/files/ENCFF391AKL/@@download/ENCFF391AKL.fastq.gz; https://www.encodeproject.org/files/ENCFF162FCQ/@@download/ENCFF162FCQ.fastq.gz; https://www.encodeproject.org/files/ENCFF130NLU/@@download/ENCFF130NLU.fastq.gz; https://www.encodeproject.org/files/ENCFF386AYP/@@download/ENCFF386AYP.fastq.gz; https://www.encodeproject.org/files/ENCFF710ZJC/@@download/ENCFF710ZJC.fastq.gz; https://www.encodeproject.org/files/ENCFF043SEJ/@@download/ENCFF043SEJ.fastq.gz; https://www.encodeproject.org/files/ENCFF105CUE/@@download/ENCFF105CUE.fastq.gz; https://www.encodeproject.org/files/ENCFF314EKW/@@download/ENCFF314EKW.fastq.gz; https://www.encodeproject.org/files/ENCFF289XTC/@@download/ENCFF289XTC.fastq.gz; https://www.encodeproject.org/files/ENCFF451UNJ/@@download/ENCFF451UNJ.fastq.gz; https://www.encodeproject.org/files/ENCFF254LAL/@@download/ENCFF254LAL.fastq.gz; https://www.encodeproject.org/files/ENCFF214JSW/@@download/ENCFF214JSW.fastq.gz,direct released FASTQ assets supplied,https://www.encodeproject.org/files/ENCFF164KYH/@@download/ENCFF164KYH.fastq.gz; https://www.encodeproject.org/files/ENCFF782RYS/@@download/ENCFF782RYS.fastq.gz; https://www.encodeproject.org/files/ENCFF501QOZ/@@download/ENCFF501QOZ.bam; https://www.encodeproject.org/files/ENCFF886HIW/@@download/ENCFF886HIW.bam; https://www.encodeproject.org/files/ENCFF371VQS/@@download/ENCFF371VQS.tar.gz; https://www.encodeproject.org/files/ENCFF826RZB/@@download/ENCFF826RZB.bam; https://www.encodeproject.org/files/ENCFF234CLO/@@download/ENCFF234CLO.tar.gz; https://www.encodeproject.org/files/ENCFF500LDR/@@download/ENCFF500LDR.tar.gz; https://www.encodeproject.org/files/ENCFF556ZXH/@@download/ENCFF556ZXH.tar.gz; https://www.encodeproject.org/files/ENCFF387NNB/@@download/ENCFF387NNB.tar.gz; https://www.encodeproject.org/files/ENCFF431EOG/@@download/ENCFF431EOG.tar.gz,,BAM; FASTQ; GZ; fragment,false,false,true,false,68232246003,exact sum of released ENCODE read and index-read FASTQs,164912116584,exact sum of other released ENCODE component assets,233144362587,public,2026-08-01
ENCODE,ENCSR310RMF,,ENCODE released multiomics series,Mus musculus strain B6CASTF1/J heart tissue nuclear fraction female adult (2 months),heart,Mus musculus,single-cell RNA sequencing assay; single-nucleus ATAC-seq,true,8253,8253,8253,8253,provider-reported estimated nuclei,,https://www.encodeproject.org/experiments/ENCSR310RMF/,https://www.encodeproject.org/files/ENCFF928FWS/@@download/ENCFF928FWS.fastq.gz; https://www.encodeproject.org/files/ENCFF381UBI/@@download/ENCFF381UBI.fastq.gz; https://www.encodeproject.org/files/ENCFF257TSJ/@@download/ENCFF257TSJ.fastq.gz; https://www.encodeproject.org/files/ENCFF864BEP/@@download/ENCFF864BEP.fastq.gz; https://www.encodeproject.org/files/ENCFF037HAJ/@@download/ENCFF037HAJ.fastq.gz; https://www.encodeproject.org/files/ENCFF313DZI/@@download/ENCFF313DZI.fastq.gz; https://www.encodeproject.org/files/ENCFF080DVC/@@download/ENCFF080DVC.fastq.gz; https://www.encodeproject.org/files/ENCFF851UQC/@@download/ENCFF851UQC.fastq.gz; https://www.encodeproject.org/files/ENCFF609GMF/@@download/ENCFF609GMF.fastq.gz; https://www.encodeproject.org/files/ENCFF314TOY/@@download/ENCFF314TOY.fastq.gz,direct released FASTQ assets supplied,https://www.encodeproject.org/files/ENCFF241EQX/@@download/ENCFF241EQX.fastq.gz; https://www.encodeproject.org/files/ENCFF737ISA/@@download/ENCFF737ISA.fastq.gz; https://www.encodeproject.org/files/ENCFF044FXR/@@download/ENCFF044FXR.bam; https://www.encodeproject.org/files/ENCFF373UBX/@@download/ENCFF373UBX.bam; https://www.encodeproject.org/files/ENCFF982HBV/@@download/ENCFF982HBV.tar.gz; https://www.encodeproject.org/files/ENCFF466KKT/@@download/ENCFF466KKT.tar.gz; https://www.encodeproject.org/files/ENCFF990KLQ/@@download/ENCFF990KLQ.bam; https://www.encodeproject.org/files/ENCFF909XHC/@@download/ENCFF909XHC.tar.gz; https://www.encodeproject.org/files/ENCFF828EAR/@@download/ENCFF828EAR.tar.gz; https://www.encodeproject.org/files/ENCFF853YBZ/@@download/ENCFF853YBZ.tar.gz; https://www.encodeproject.org/files/ENCFF943QKY/@@download/ENCFF943QKY.tar.gz,,BAM; FASTQ; GZ; fragment,false,false,true,false,34913598003,exact sum of released ENCODE read and index-read FASTQs,68090522869,exact sum of other released ENCODE component assets,103004120872,public,2026-08-01
ENCODE,ENCSR316UWS,,ENCODE released multiomics series,Homo sapiens heart left ventricle tissue nuclear fraction male adult (62 years),heart left ventricle,Homo sapiens,single-cell RNA sequencing assay; single-nucleus ATAC-seq,true,11891,11891,11891,11891,provider-reported estimated nuclei,,https://www.encodeproject.org/experiments/ENCSR316UWS/,https://www.encodeproject.org/files/ENCFF571YWX/@@download/ENCFF571YWX.fastq.gz; https://www.encodeproject.org/files/ENCFF529QRL/@@download/ENCFF529QRL.fastq.gz; https://www.encodeproject.org/files/ENCFF224HKU/@@download/ENCFF224HKU.fastq.gz; https://www.encodeproject.org/files/ENCFF701RCU/@@download/ENCFF701RCU.fastq.gz; https://www.encodeproject.org/files/ENCFF503SER/@@download/ENCFF503SER.fastq.gz; https://www.encodeproject.org/files/ENCFF197TWS/@@download/ENCFF197TWS.fastq.gz; https://www.encodeproject.org/files/ENCFF228FPD/@@download/ENCFF228FPD.fastq.gz; https://www.encodeproject.org/files/ENCFF190HWL/@@download/ENCFF190HWL.fastq.gz; https://www.encodeproject.org/files/ENCFF173WQI/@@download/ENCFF173WQI.fastq.gz; https://www.encodeproject.org/files/ENCFF325VSM/@@download/ENCFF325VSM.fastq.gz,direct released FASTQ assets supplied,https://www.encodeproject.org/files/ENCFF714SQB/@@download/ENCFF714SQB.bam; https://www.encodeproject.org/files/ENCFF324AWJ/@@download/ENCFF324AWJ.tar.gz; https://www.encodeproject.org/files/ENCFF858WYU/@@download/ENCFF858WYU.tar.gz; https://www.encodeproject.org/files/ENCFF823MDQ/@@download/ENCFF823MDQ.tar.gz; https://www.encodeproject.org/files/ENCFF317JXZ/@@download/ENCFF317JXZ.tar.gz; https://www.encodeproject.org/files/ENCFF385RUJ/@@download/ENCFF385RUJ.tar.gz; https://www.encodeproject.org/files/ENCFF774PEG/@@download/ENCFF774PEG.fastq.gz; https://www.encodeproject.org/files/ENCFF647DUT/@@download/ENCFF647DUT.fastq.gz; https://www.encodeproject.org/files/ENCFF803XPH/@@download/ENCFF803XPH.bam; https://www.encodeproject.org/files/ENCFF979FDI/@@download/ENCFF979FDI.bam; https://www.encodeproject.org/files/ENCFF627ZSR/@@download/ENCFF627ZSR.tar.gz,,BAM; FASTQ; GZ; fragment,false,false,true,false,22662418613,exact sum of released ENCODE read and index-read FASTQs,50508542084,exact sum of other released ENCODE component assets,73170960697,public,2026-08-01
ENCODE,ENCSR316WAS,,ENCODE released multiomics series,Homo sapiens pancreas tissue nuclear fraction female child (16 years),pancreas,Homo sapiens,single-cell RNA sequencing assay; single-nucleus ATAC-seq,true,7117,7117,7117,7117,provider-reported estimated nuclei,,https://www.encodeproject.org/experiments/ENCSR316WAS/,https://www.encodeproject.org/files/ENCFF285CLW/@@download/ENCFF285CLW.fastq.gz; https://www.encodeproject.org/files/ENCFF570QGF/@@download/ENCFF570QGF.fastq.gz; https://www.encodeproject.org/files/ENCFF810FKX/@@download/ENCFF810FKX.fastq.gz; https://www.encodeproject.org/files/ENCFF588DOX/@@download/ENCFF588DOX.fastq.gz; https://www.encodeproject.org/files/ENCFF605SNO/@@download/ENCFF605SNO.fastq.gz; https://www.encodeproject.org/files/ENCFF085OSX/@@download/ENCFF085OSX.fastq.gz; https://www.encodeproject.org/files/ENCFF183MCN/@@download/ENCFF183MCN.fastq.gz; https://www.encodeproject.org/files/ENCFF484GRG/@@download/ENCFF484GRG.fastq.gz; https://www.encodeproject.org/files/ENCFF736QLL/@@download/ENCFF736QLL.fastq.gz; https://www.encodeproject.org/files/ENCFF217HMJ/@@download/ENCFF217HMJ.fastq.gz,direct released FASTQ assets supplied,https://www.encodeproject.org/files/ENCFF938SIF/@@download/ENCFF938SIF.fastq.gz; https://www.encodeproject.org/files/ENCFF119FDV/@@download/ENCFF119FDV.fastq.gz; https://www.encodeproject.org/files/ENCFF243SSR/@@download/ENCFF243SSR.bam; https://www.encodeproject.org/files/ENCFF316UUT/@@download/ENCFF316UUT.bam; https://www.encodeproject.org/files/ENCFF662CFN/@@download/ENCFF662CFN.tar.gz; https://www.encodeproject.org/files/ENCFF840LMI/@@download/ENCFF840LMI.bam; https://www.encodeproject.org/files/ENCFF083VEZ/@@download/ENCFF083VEZ.tar.gz; https://www.encodeproject.org/files/ENCFF480YUM/@@download/ENCFF480YUM.tar.gz; https://www.encodeproject.org/files/ENCFF503SZW/@@download/ENCFF503SZW.tar.gz; https://www.encodeproject.org/files/ENCFF607PON/@@download/ENCFF607PON.tar.gz; https://www.encodeproject.org/files/ENCFF578UAY/@@download/ENCFF578UAY.tar.gz,,BAM; FASTQ; GZ; fragment,false,false,true,false,23238255630,exact sum of released ENCODE read and index-read FASTQs,56181668032,exact sum of other released ENCODE component assets,79419923662,public,2026-08-01
ENCODE,ENCSR320RLS,,ENCODE released multiomics series,Homo sapiens Right ventricle myocardium inferior tissue nuclear fraction male adult (60 years),Right ventricle myocardium inferior,Homo sapiens,single-cell RNA sequencing assay; single-nucleus ATAC-seq,true,14057,14057,14057,14057,provider-reported estimated nuclei,,https://www.encodeproject.org/experiments/ENCSR320RLS/,https://www.encodeproject.org/files/ENCFF116IIJ/@@download/ENCFF116IIJ.fastq.gz; https://www.encodeproject.org/files/ENCFF035CAU/@@download/ENCFF035CAU.fastq.gz; https://www.encodeproject.org/files/ENCFF469QLT/@@download/ENCFF469QLT.fastq.gz; https://www.encodeproject.org/files/ENCFF985RQY/@@download/ENCFF985RQY.fastq.gz; https://www.encodeproject.org/files/ENCFF935JAI/@@download/ENCFF935JAI.fastq.gz; https://www.encodeproject.org/files/ENCFF241KEG/@@download/ENCFF241KEG.fastq.gz; https://www.encodeproject.org/files/ENCFF424PGM/@@download/ENCFF424PGM.fastq.gz; https://www.encodeproject.org/files/ENCFF906BLI/@@download/ENCFF906BLI.fastq.gz; https://www.encodeproject.org/files/ENCFF989IIG/@@download/ENCFF989IIG.fastq.gz; https://www.encodeproject.org/files/ENCFF859KJN/@@download/ENCFF859KJN.fastq.gz,direct released FASTQ assets supplied,https://www.encodeproject.org/files/ENCFF778AFP/@@download/ENCFF778AFP.fastq.gz; https://www.encodeproject.org/files/ENCFF141SFV/@@download/ENCFF141SFV.fastq.gz; https://www.encodeproject.org/files/ENCFF460TPU/@@download/ENCFF460TPU.bam; https://www.encodeproject.org/files/ENCFF486NIP/@@download/ENCFF486NIP.bam; https://www.encodeproject.org/files/ENCFF594YEF/@@download/ENCFF594YEF.tar.gz; https://www.encodeproject.org/files/ENCFF614LHW/@@download/ENCFF614LHW.bam; https://www.encodeproject.org/files/ENCFF619IBP/@@download/ENCFF619IBP.tar.gz; https://www.encodeproject.org/files/ENCFF526MSS/@@download/ENCFF526MSS.tar.gz; https://www.encodeproject.org/files/ENCFF457CCF/@@download/ENCFF457CCF.tar.gz; https://www.encodeproject.org/files/ENCFF391BXV/@@download/ENCFF391BXV.tar.gz; https://www.encodeproject.org/files/ENCFF596SZG/@@download/ENCFF596SZG.tar.gz,,BAM; FASTQ; GZ; fragment,false,false,true,false,43016574818,exact sum of released ENCODE read and index-read FASTQs,94872894903,exact sum of other released ENCODE component assets,137889469721,public,2026-08-01
ENCODE,ENCSR323AMA,,ENCODE released multiomics series,Homo sapiens heart left ventricle tissue nuclear fraction male adult (51 years),heart left ventricle,Homo sapiens,single-cell RNA sequencing assay; single-nucleus ATAC-seq,true,21705,21705,21705,21705,provider-reported estimated nuclei,,https://www.encodeproject.org/experiments/ENCSR323AMA/,https://www.encodeproject.org/files/ENCFF964UCR/@@download/ENCFF964UCR.fastq.gz; https://www.encodeproject.org/files/ENCFF779PLX/@@download/ENCFF779PLX.fastq.gz; https://www.encodeproject.org/files/ENCFF063SNT/@@download/ENCFF063SNT.fastq.gz; https://www.encodeproject.org/files/ENCFF470FKU/@@download/ENCFF470FKU.fastq.gz; https://www.encodeproject.org/files/ENCFF669KFZ/@@download/ENCFF669KFZ.fastq.gz; https://www.encodeproject.org/files/ENCFF691ZQO/@@download/ENCFF691ZQO.fastq.gz; https://www.encodeproject.org/files/ENCFF522TDV/@@download/ENCFF522TDV.fastq.gz; https://www.encodeproject.org/files/ENCFF818ULU/@@download/ENCFF818ULU.fastq.gz; https://www.encodeproject.org/files/ENCFF083SOS/@@download/ENCFF083SOS.fastq.gz; https://www.encodeproject.org/files/ENCFF010IMI/@@download/ENCFF010IMI.fastq.gz; https://www.encodeproject.org/files/ENCFF714DFA/@@download/ENCFF714DFA.fastq.gz; https://www.encodeproject.org/files/ENCFF394MLP/@@download/ENCFF394MLP.fastq.gz; https://www.encodeproject.org/files/ENCFF612VVX/@@download/ENCFF612VVX.fastq.gz; https://www.encodeproject.org/files/ENCFF742NGC/@@download/ENCFF742NGC.fastq.gz; https://www.encodeproject.org/files/ENCFF267VVJ/@@download/ENCFF267VVJ.fastq.gz; https://www.encodeproject.org/files/ENCFF985IZS/@@download/ENCFF985IZS.fastq.gz; https://www.encodeproject.org/files/ENCFF472URB/@@download/ENCFF472URB.fastq.gz; https://www.encodeproject.org/files/ENCFF303HRU/@@download/ENCFF303HRU.fastq.gz; https://www.encodeproject.org/files/ENCFF542RHA/@@download/ENCFF542RHA.fastq.gz; https://www.encodeproject.org/files/ENCFF762DFG/@@download/ENCFF762DFG.fastq.gz,direct released FASTQ assets supplied,https://www.encodeproject.org/files/ENCFF810CCB/@@download/ENCFF810CCB.fastq.gz; https://www.encodeproject.org/files/ENCFF012OXS/@@download/ENCFF012OXS.fastq.gz; https://www.encodeproject.org/files/ENCFF745SCZ/@@download/ENCFF745SCZ.bam; https://www.encodeproject.org/files/ENCFF272TQT/@@download/ENCFF272TQT.bam; https://www.encodeproject.org/files/ENCFF420ANJ/@@download/ENCFF420ANJ.tar.gz; https://www.encodeproject.org/files/ENCFF232BOF/@@download/ENCFF232BOF.bam; https://www.encodeproject.org/files/ENCFF222AYM/@@download/ENCFF222AYM.tar.gz; https://www.encodeproject.org/files/ENCFF220HCP/@@download/ENCFF220HCP.tar.gz; https://www.encodeproject.org/files/ENCFF141KSK/@@download/ENCFF141KSK.tar.gz; https://www.encodeproject.org/files/ENCFF322GBX/@@download/ENCFF322GBX.tar.gz; https://www.encodeproject.org/files/ENCFF333FYJ/@@download/ENCFF333FYJ.tar.gz,,BAM; FASTQ; GZ; fragment,false,false,true,false,92784719457,exact sum of released ENCODE read and index-read FASTQs,236368841989,exact sum of other released ENCODE component assets,329153561446,public,2026-08-01
ENCODE,ENCSR339CWB,,ENCODE released multiomics series,Homo sapiens heart tissue nuclear fraction male embryo (59 days),heart,Homo sapiens,single-cell RNA sequencing assay; single-nucleus ATAC-seq,true,21629,21629,21629,21629,provider-reported estimated nuclei,,https://www.encodeproject.org/experiments/ENCSR339CWB/,https://www.encodeproject.org/files/ENCFF600ABV/@@download/ENCFF600ABV.fastq.gz; https://www.encodeproject.org/files/ENCFF609HQK/@@download/ENCFF609HQK.fastq.gz; https://www.encodeproject.org/files/ENCFF676PAK/@@download/ENCFF676PAK.fastq.gz; https://www.encodeproject.org/files/ENCFF786ZBJ/@@download/ENCFF786ZBJ.fastq.gz; https://www.encodeproject.org/files/ENCFF666UFQ/@@download/ENCFF666UFQ.fastq.gz; https://www.encodeproject.org/files/ENCFF611LUY/@@download/ENCFF611LUY.fastq.gz; https://www.encodeproject.org/files/ENCFF983BVG/@@download/ENCFF983BVG.fastq.gz; https://www.encodeproject.org/files/ENCFF338ZWX/@@download/ENCFF338ZWX.fastq.gz; https://www.encodeproject.org/files/ENCFF840CQY/@@download/ENCFF840CQY.fastq.gz; https://www.encodeproject.org/files/ENCFF509CVT/@@download/ENCFF509CVT.fastq.gz,direct released FASTQ assets supplied,https://www.encodeproject.org/files/ENCFF832IKM/@@download/ENCFF832IKM.fastq.gz; https://www.encodeproject.org/files/ENCFF118QMN/@@download/ENCFF118QMN.fastq.gz; https://www.encodeproject.org/files/ENCFF939OGR/@@download/ENCFF939OGR.bam; https://www.encodeproject.org/files/ENCFF214EVC/@@download/ENCFF214EVC.bam; https://www.encodeproject.org/files/ENCFF575DGZ/@@download/ENCFF575DGZ.tar.gz; https://www.encodeproject.org/files/ENCFF038MQJ/@@download/ENCFF038MQJ.tar.gz; https://www.encodeproject.org/files/ENCFF933GZR/@@download/ENCFF933GZR.bam; https://www.encodeproject.org/files/ENCFF009FIE/@@download/ENCFF009FIE.tar.gz; https://www.encodeproject.org/files/ENCFF795QHU/@@download/ENCFF795QHU.tar.gz; https://www.encodeproject.org/files/ENCFF069ATM/@@download/ENCFF069ATM.tar.gz; https://www.encodeproject.org/files/ENCFF174LIL/@@download/ENCFF174LIL.tar.gz; https://www.encodeproject.org/files/ENCFF864QFA/@@download/ENCFF864QFA.tar.gz,,BAM; FASTQ; GZ; fragment,false,false,true,false,32563359562,exact sum of released ENCODE read and index-read FASTQs,62356076031,exact sum of other released ENCODE component assets,94919435593,public,2026-08-01
ENCODE,ENCSR348VTH,,ENCODE released multiomics series,Mus musculus strain B6CASTF1/J adrenal gland tissue nuclear fraction male adult (2 months),adrenal gland,Mus musculus,single-cell RNA sequencing assay; single-nucleus ATAC-seq,true,4190,4190,4190,4190,provider-reported estimated nuclei,,https://www.encodeproject.org/experiments/ENCSR348VTH/,https://www.encodeproject.org/files/ENCFF478CRC/@@download/ENCFF478CRC.fastq.gz; https://www.encodeproject.org/files/ENCFF150SAJ/@@download/ENCFF150SAJ.fastq.gz; https://www.encodeproject.org/files/ENCFF820ZKX/@@download/ENCFF820ZKX.fastq.gz; https://www.encodeproject.org/files/ENCFF433LYL/@@download/ENCFF433LYL.fastq.gz; https://www.encodeproject.org/files/ENCFF781VWZ/@@download/ENCFF781VWZ.fastq.gz; https://www.encodeproject.org/files/ENCFF697SGU/@@download/ENCFF697SGU.fastq.gz; https://www.encodeproject.org/files/ENCFF494DXJ/@@download/ENCFF494DXJ.fastq.gz; https://www.encodeproject.org/files/ENCFF586ZOY/@@download/ENCFF586ZOY.fastq.gz; https://www.encodeproject.org/files/ENCFF201AFX/@@download/ENCFF201AFX.fastq.gz; https://www.encodeproject.org/files/ENCFF468KNY/@@download/ENCFF468KNY.fastq.gz,direct released FASTQ assets supplied,https://www.encodeproject.org/files/ENCFF281XYE/@@download/ENCFF281XYE.fastq.gz; https://www.encodeproject.org/files/ENCFF977GWJ/@@download/ENCFF977GWJ.fastq.gz; https://www.encodeproject.org/files/ENCFF812OVS/@@download/ENCFF812OVS.bam; https://www.encodeproject.org/files/ENCFF034RUV/@@download/ENCFF034RUV.bam; https://www.encodeproject.org/files/ENCFF187VMN/@@download/ENCFF187VMN.tar.gz; https://www.encodeproject.org/files/ENCFF023DVY/@@download/ENCFF023DVY.bam; https://www.encodeproject.org/files/ENCFF889SXR/@@download/ENCFF889SXR.tar.gz; https://www.encodeproject.org/files/ENCFF193MDJ/@@download/ENCFF193MDJ.tar.gz; https://www.encodeproject.org/files/ENCFF740LEE/@@download/ENCFF740LEE.tar.gz; https://www.encodeproject.org/files/ENCFF926IRN/@@download/ENCFF926IRN.tar.gz; https://www.encodeproject.org/files/ENCFF724ALQ/@@download/ENCFF724ALQ.tar.gz,,BAM; FASTQ; GZ; fragment,false,false,true,false,26765973888,exact sum of released ENCODE read and index-read FASTQs,54302330194,exact sum of other released ENCODE component assets,81068304082,public,2026-08-01
ENCODE,ENCSR351CSQ,,ENCODE released multiomics series,Homo sapiens left cardiac atrium tissue nuclear fraction female adult (59 years),left cardiac atrium,Homo sapiens,single-cell RNA sequencing assay; single-nucleus ATAC-seq,true,8991,8991,8991,8991,provider-reported estimated nuclei,,https://www.encodeproject.org/experiments/ENCSR351CSQ/,https://www.encodeproject.org/files/ENCFF393TGF/@@download/ENCFF393TGF.fastq.gz; https://www.encodeproject.org/files/ENCFF859LGC/@@download/ENCFF859LGC.fastq.gz; https://www.encodeproject.org/files/ENCFF219HRM/@@download/ENCFF219HRM.fastq.gz; https://www.encodeproject.org/files/ENCFF196EWR/@@download/ENCFF196EWR.fastq.gz; https://www.encodeproject.org/files/ENCFF732DCM/@@download/ENCFF732DCM.fastq.gz; https://www.encodeproject.org/files/ENCFF579RPT/@@download/ENCFF579RPT.fastq.gz; https://www.encodeproject.org/files/ENCFF412MMH/@@download/ENCFF412MMH.fastq.gz; https://www.encodeproject.org/files/ENCFF804XKC/@@download/ENCFF804XKC.fastq.gz; https://www.encodeproject.org/files/ENCFF775YMM/@@download/ENCFF775YMM.fastq.gz; https://www.encodeproject.org/files/ENCFF685YEP/@@download/ENCFF685YEP.fastq.gz,direct released FASTQ assets supplied,https://www.encodeproject.org/files/ENCFF863GAK/@@download/ENCFF863GAK.fastq.gz; https://www.encodeproject.org/files/ENCFF054GYE/@@download/ENCFF054GYE.fastq.gz; https://www.encodeproject.org/files/ENCFF060RAT/@@download/ENCFF060RAT.bam; https://www.encodeproject.org/files/ENCFF633DXX/@@download/ENCFF633DXX.bam; https://www.encodeproject.org/files/ENCFF140GMC/@@download/ENCFF140GMC.tar.gz; https://www.encodeproject.org/files/ENCFF185AFX/@@download/ENCFF185AFX.bam; https://www.encodeproject.org/files/ENCFF961URL/@@download/ENCFF961URL.tar.gz; https://www.encodeproject.org/files/ENCFF359TAG/@@download/ENCFF359TAG.tar.gz; https://www.encodeproject.org/files/ENCFF522VIX/@@download/ENCFF522VIX.tar.gz; https://www.encodeproject.org/files/ENCFF013EEU/@@download/ENCFF013EEU.tar.gz; https://www.encodeproject.org/files/ENCFF247MZI/@@download/ENCFF247MZI.tar.gz,,BAM; FASTQ; GZ; fragment,false,false,true,false,52021155511,exact sum of released ENCODE read and index-read FASTQs,112735002348,exact sum of other released ENCODE component assets,164756157859,public,2026-08-01
ENCODE,ENCSR371YIY,,ENCODE released multiomics series,Homo sapiens heart left ventricle tissue nuclear fraction male adult (64 years),heart left ventricle,Homo sapiens,single-cell RNA sequencing assay; single-nucleus ATAC-seq,true,24837,24837,24837,24837,provider-reported estimated nuclei,,https://www.encodeproject.org/experiments/ENCSR371YIY/,https://www.encodeproject.org/files/ENCFF754DVH/@@download/ENCFF754DVH.fastq.gz; https://www.encodeproject.org/files/ENCFF697BZU/@@download/ENCFF697BZU.fastq.gz; https://www.encodeproject.org/files/ENCFF830YGN/@@download/ENCFF830YGN.fastq.gz; https://www.encodeproject.org/files/ENCFF655ENJ/@@download/ENCFF655ENJ.fastq.gz; https://www.encodeproject.org/files/ENCFF714FES/@@download/ENCFF714FES.fastq.gz; https://www.encodeproject.org/files/ENCFF466AYG/@@download/ENCFF466AYG.fastq.gz; https://www.encodeproject.org/files/ENCFF861ZPX/@@download/ENCFF861ZPX.fastq.gz; https://www.encodeproject.org/files/ENCFF391XAH/@@download/ENCFF391XAH.fastq.gz; https://www.encodeproject.org/files/ENCFF162DBO/@@download/ENCFF162DBO.fastq.gz; https://www.encodeproject.org/files/ENCFF296RYP/@@download/ENCFF296RYP.fastq.gz,direct released FASTQ assets supplied,https://www.encodeproject.org/files/ENCFF053ZPE/@@download/ENCFF053ZPE.fastq.gz; https://www.encodeproject.org/files/ENCFF033JOJ/@@download/ENCFF033JOJ.fastq.gz; https://www.encodeproject.org/files/ENCFF561QXZ/@@download/ENCFF561QXZ.bam; https://www.encodeproject.org/files/ENCFF640SBR/@@download/ENCFF640SBR.bam; https://www.encodeproject.org/files/ENCFF655RYV/@@download/ENCFF655RYV.tar.gz; https://www.encodeproject.org/files/ENCFF327UPU/@@download/ENCFF327UPU.bam; https://www.encodeproject.org/files/ENCFF654SGM/@@download/ENCFF654SGM.tar.gz; https://www.encodeproject.org/files/ENCFF351UZO/@@download/ENCFF351UZO.tar.gz; https://www.encodeproject.org/files/ENCFF669DJS/@@download/ENCFF669DJS.tar.gz; https://www.encodeproject.org/files/ENCFF119LTG/@@download/ENCFF119LTG.tar.gz; https://www.encodeproject.org/files/ENCFF806JUB/@@download/ENCFF806JUB.tar.gz,,BAM; FASTQ; GZ; fragment,false,false,true,false,38781561877,exact sum of released ENCODE read and index-read FASTQs,96257140612,exact sum of other released ENCODE component assets,135038702489,public,2026-08-01
ENCODE,ENCSR372UUV,,ENCODE released multiomics series,Mus musculus strain B6CASTF1/J heart tissue nuclear fraction female postnatal (14 days),heart,Mus musculus,single-cell RNA sequencing assay; single-nucleus ATAC-seq,true,23249,23249,23249,23249,provider-reported estimated nuclei,,https://www.encodeproject.org/experiments/ENCSR372UUV/,https://www.encodeproject.org/files/ENCFF822STZ/@@download/ENCFF822STZ.fastq.gz; https://www.encodeproject.org/files/ENCFF814REC/@@download/ENCFF814REC.fastq.gz; https://www.encodeproject.org/files/ENCFF193HGH/@@download/ENCFF193HGH.fastq.gz; https://www.encodeproject.org/files/ENCFF999IAF/@@download/ENCFF999IAF.fastq.gz; https://www.encodeproject.org/files/ENCFF322PBU/@@download/ENCFF322PBU.fastq.gz; https://www.encodeproject.org/files/ENCFF388HWH/@@download/ENCFF388HWH.fastq.gz; https://www.encodeproject.org/files/ENCFF411PJM/@@download/ENCFF411PJM.fastq.gz; https://www.encodeproject.org/files/ENCFF989ZGO/@@download/ENCFF989ZGO.fastq.gz; https://www.encodeproject.org/files/ENCFF442NHQ/@@download/ENCFF442NHQ.fastq.gz; https://www.encodeproject.org/files/ENCFF658NTJ/@@download/ENCFF658NTJ.fastq.gz,direct released FASTQ assets supplied,https://www.encodeproject.org/files/ENCFF023LTH/@@download/ENCFF023LTH.fastq.gz; https://www.encodeproject.org/files/ENCFF631VKW/@@download/ENCFF631VKW.fastq.gz; https://www.encodeproject.org/files/ENCFF189TAH/@@download/ENCFF189TAH.bam; https://www.encodeproject.org/files/ENCFF151YWH/@@download/ENCFF151YWH.tar.gz; https://www.encodeproject.org/files/ENCFF383HNB/@@download/ENCFF383HNB.bam; https://www.encodeproject.org/files/ENCFF597XAZ/@@download/ENCFF597XAZ.bam; https://www.encodeproject.org/files/ENCFF329QAO/@@download/ENCFF329QAO.tar.gz; https://www.encodeproject.org/files/ENCFF008NZG/@@download/ENCFF008NZG.tar.gz; https://www.encodeproject.org/files/ENCFF068PIK/@@download/ENCFF068PIK.tar.gz; https://www.encodeproject.org/files/ENCFF165THM/@@download/ENCFF165THM.tar.gz; https://www.encodeproject.org/files/ENCFF554ATU/@@download/ENCFF554ATU.tar.gz,,BAM; FASTQ; GZ; fragment,false,false,true,false,31393454320,exact sum of released ENCODE read and index-read FASTQs,66471163716,exact sum of other released ENCODE component assets,97864618036,public,2026-08-01
ENCODE,ENCSR407GDZ,,ENCODE released multiomics series,Homo sapiens heart left ventricle tissue nuclear fraction male adult (63 years),heart left ventricle,Homo sapiens,single-cell RNA sequencing assay; single-nucleus ATAC-seq,true,19671,19671,19671,19671,provider-reported estimated nuclei,,https://www.encodeproject.org/experiments/ENCSR407GDZ/,https://www.encodeproject.org/files/ENCFF826RCK/@@download/ENCFF826RCK.fastq.gz; https://www.encodeproject.org/files/ENCFF923KER/@@download/ENCFF923KER.fastq.gz; https://www.encodeproject.org/files/ENCFF916LTW/@@download/ENCFF916LTW.fastq.gz; https://www.encodeproject.org/files/ENCFF245OED/@@download/ENCFF245OED.fastq.gz; https://www.encodeproject.org/files/ENCFF897TIG/@@download/ENCFF897TIG.fastq.gz; https://www.encodeproject.org/files/ENCFF718YKT/@@download/ENCFF718YKT.fastq.gz; https://www.encodeproject.org/files/ENCFF618WVV/@@download/ENCFF618WVV.fastq.gz; https://www.encodeproject.org/files/ENCFF805KHB/@@download/ENCFF805KHB.fastq.gz; https://www.encodeproject.org/files/ENCFF900ZYU/@@download/ENCFF900ZYU.fastq.gz; https://www.encodeproject.org/files/ENCFF178SIB/@@download/ENCFF178SIB.fastq.gz,direct released FASTQ assets supplied,https://www.encodeproject.org/files/ENCFF605VQU/@@download/ENCFF605VQU.bam; https://www.encodeproject.org/files/ENCFF985LPF/@@download/ENCFF985LPF.tar.gz; https://www.encodeproject.org/files/ENCFF046HGL/@@download/ENCFF046HGL.tar.gz; https://www.encodeproject.org/files/ENCFF240SVS/@@download/ENCFF240SVS.tar.gz; https://www.encodeproject.org/files/ENCFF615VHC/@@download/ENCFF615VHC.tar.gz; https://www.encodeproject.org/files/ENCFF122NDI/@@download/ENCFF122NDI.tar.gz; https://www.encodeproject.org/files/ENCFF129FNU/@@download/ENCFF129FNU.fastq.gz; https://www.encodeproject.org/files/ENCFF680PTM/@@download/ENCFF680PTM.fastq.gz; https://www.encodeproject.org/files/ENCFF652RTU/@@download/ENCFF652RTU.bam; https://www.encodeproject.org/files/ENCFF704BPK/@@download/ENCFF704BPK.bam; https://www.encodeproject.org/files/ENCFF730YBD/@@download/ENCFF730YBD.tar.gz,,BAM; FASTQ; GZ; fragment,false,false,true,false,31767143630,exact sum of released ENCODE read and index-read FASTQs,74065078151,exact sum of other released ENCODE component assets,105832221781,public,2026-08-01
ENCODE,ENCSR418BIA,,ENCODE released multiomics series,Homo sapiens heart left ventricle tissue nuclear fraction male adult (50 years),heart left ventricle,Homo sapiens,single-cell RNA sequencing assay; single-nucleus ATAC-seq,true,9753,9753,9753,9753,provider-reported estimated nuclei,,https://www.encodeproject.org/experiments/ENCSR418BIA/,https://www.encodeproject.org/files/ENCFF159QUY/@@download/ENCFF159QUY.fastq.gz; https://www.encodeproject.org/files/ENCFF849HTO/@@download/ENCFF849HTO.fastq.gz; https://www.encodeproject.org/files/ENCFF539IRH/@@download/ENCFF539IRH.fastq.gz; https://www.encodeproject.org/files/ENCFF637RWC/@@download/ENCFF637RWC.fastq.gz; https://www.encodeproject.org/files/ENCFF129RRG/@@download/ENCFF129RRG.fastq.gz; https://www.encodeproject.org/files/ENCFF858ZKE/@@download/ENCFF858ZKE.fastq.gz; https://www.encodeproject.org/files/ENCFF529LLM/@@download/ENCFF529LLM.fastq.gz; https://www.encodeproject.org/files/ENCFF045GOO/@@download/ENCFF045GOO.fastq.gz; https://www.encodeproject.org/files/ENCFF323LXH/@@download/ENCFF323LXH.fastq.gz; https://www.encodeproject.org/files/ENCFF101HDX/@@download/ENCFF101HDX.fastq.gz; https://www.encodeproject.org/files/ENCFF794TVX/@@download/ENCFF794TVX.fastq.gz; https://www.encodeproject.org/files/ENCFF026JGA/@@download/ENCFF026JGA.fastq.gz; https://www.encodeproject.org/files/ENCFF675NQJ/@@download/ENCFF675NQJ.fastq.gz; https://www.encodeproject.org/files/ENCFF636NKI/@@download/ENCFF636NKI.fastq.gz; https://www.encodeproject.org/files/ENCFF128DTV/@@download/ENCFF128DTV.fastq.gz; https://www.encodeproject.org/files/ENCFF242MPI/@@download/ENCFF242MPI.fastq.gz; https://www.encodeproject.org/files/ENCFF288WFT/@@download/ENCFF288WFT.fastq.gz; https://www.encodeproject.org/files/ENCFF594JIN/@@download/ENCFF594JIN.fastq.gz; https://www.encodeproject.org/files/ENCFF175PYR/@@download/ENCFF175PYR.fastq.gz; https://www.encodeproject.org/files/ENCFF888SQY/@@download/ENCFF888SQY.fastq.gz,direct released FASTQ assets supplied,https://www.encodeproject.org/files/ENCFF339YWG/@@download/ENCFF339YWG.fastq.gz; https://www.encodeproject.org/files/ENCFF697CEF/@@download/ENCFF697CEF.fastq.gz; https://www.encodeproject.org/files/ENCFF571ETD/@@download/ENCFF571ETD.bam; https://www.encodeproject.org/files/ENCFF057NFC/@@download/ENCFF057NFC.bam; https://www.encodeproject.org/files/ENCFF346BGQ/@@download/ENCFF346BGQ.tar.gz; https://www.encodeproject.org/files/ENCFF946LVW/@@download/ENCFF946LVW.bam; https://www.encodeproject.org/files/ENCFF798UMB/@@download/ENCFF798UMB.tar.gz; https://www.encodeproject.org/files/ENCFF435HFL/@@download/ENCFF435HFL.tar.gz; https://www.encodeproject.org/files/ENCFF557TCW/@@download/ENCFF557TCW.tar.gz; https://www.encodeproject.org/files/ENCFF709XHF/@@download/ENCFF709XHF.tar.gz; https://www.encodeproject.org/files/ENCFF807NYH/@@download/ENCFF807NYH.tar.gz,,BAM; FASTQ; GZ; fragment,false,false,true,false,94340761882,exact sum of released ENCODE read and index-read FASTQs,233361605255,exact sum of other released ENCODE component assets,327702367137,public,2026-08-01
ENCODE,ENCSR420IUS,,ENCODE released multiomics series,Homo sapiens fallopian tube tissue nuclear fraction female adult (59 years),fallopian tube,Homo sapiens,single-cell RNA sequencing assay; single-nucleus ATAC-seq,true,10684,10684,10684,10684,provider-reported estimated nuclei,,https://www.encodeproject.org/experiments/ENCSR420IUS/,https://www.encodeproject.org/files/ENCFF764VSQ/@@download/ENCFF764VSQ.fastq.gz; https://www.encodeproject.org/files/ENCFF559TRX/@@download/ENCFF559TRX.fastq.gz; https://www.encodeproject.org/files/ENCFF869QLB/@@download/ENCFF869QLB.fastq.gz; https://www.encodeproject.org/files/ENCFF261UVP/@@download/ENCFF261UVP.fastq.gz; https://www.encodeproject.org/files/ENCFF257KOW/@@download/ENCFF257KOW.fastq.gz; https://www.encodeproject.org/files/ENCFF935EJL/@@download/ENCFF935EJL.fastq.gz; https://www.encodeproject.org/files/ENCFF630LDF/@@download/ENCFF630LDF.fastq.gz; https://www.encodeproject.org/files/ENCFF825NXV/@@download/ENCFF825NXV.fastq.gz; https://www.encodeproject.org/files/ENCFF461AFB/@@download/ENCFF461AFB.fastq.gz; https://www.encodeproject.org/files/ENCFF982SWS/@@download/ENCFF982SWS.fastq.gz,direct released FASTQ assets supplied,https://www.encodeproject.org/files/ENCFF056NWG/@@download/ENCFF056NWG.fastq.gz; https://www.encodeproject.org/files/ENCFF911GHF/@@download/ENCFF911GHF.fastq.gz; https://www.encodeproject.org/files/ENCFF359CZG/@@download/ENCFF359CZG.bam; https://www.encodeproject.org/files/ENCFF872CTL/@@download/ENCFF872CTL.bam; https://www.encodeproject.org/files/ENCFF848QXU/@@download/ENCFF848QXU.tar.gz; https://www.encodeproject.org/files/ENCFF345SBL/@@download/ENCFF345SBL.bam; https://www.encodeproject.org/files/ENCFF770UUK/@@download/ENCFF770UUK.tar.gz; https://www.encodeproject.org/files/ENCFF738DFB/@@download/ENCFF738DFB.tar.gz; https://www.encodeproject.org/files/ENCFF649YVY/@@download/ENCFF649YVY.tar.gz; https://www.encodeproject.org/files/ENCFF250NWZ/@@download/ENCFF250NWZ.tar.gz; https://www.encodeproject.org/files/ENCFF599GJL/@@download/ENCFF599GJL.tar.gz,,BAM; FASTQ; GZ; fragment,false,false,true,false,44546081280,exact sum of released ENCODE read and index-read FASTQs,107981874964,exact sum of other released ENCODE component assets,152527956244,public,2026-08-01
ENCODE,ENCSR431SGT,,ENCODE released multiomics series,Homo sapiens heart tissue nuclear fraction female embryo (120 days),heart,Homo sapiens,single-cell RNA sequencing assay; single-nucleus ATAC-seq,true,11655,11655,11655,11655,provider-reported estimated nuclei,,https://www.encodeproject.org/experiments/ENCSR431SGT/,https://www.encodeproject.org/files/ENCFF779JYT/@@download/ENCFF779JYT.fastq.gz; https://www.encodeproject.org/files/ENCFF296JKN/@@download/ENCFF296JKN.fastq.gz; https://www.encodeproject.org/files/ENCFF184QTJ/@@download/ENCFF184QTJ.fastq.gz; https://www.encodeproject.org/files/ENCFF144ZNW/@@download/ENCFF144ZNW.fastq.gz; https://www.encodeproject.org/files/ENCFF866XQC/@@download/ENCFF866XQC.fastq.gz; https://www.encodeproject.org/files/ENCFF549BYR/@@download/ENCFF549BYR.fastq.gz; https://www.encodeproject.org/files/ENCFF913MCP/@@download/ENCFF913MCP.fastq.gz,direct released FASTQ assets supplied,https://www.encodeproject.org/files/ENCFF912IPD/@@download/ENCFF912IPD.fastq.gz; https://www.encodeproject.org/files/ENCFF759QUX/@@download/ENCFF759QUX.fastq.gz; https://www.encodeproject.org/files/ENCFF392OUK/@@download/ENCFF392OUK.bam; https://www.encodeproject.org/files/ENCFF265HLA/@@download/ENCFF265HLA.bam; https://www.encodeproject.org/files/ENCFF904ARJ/@@download/ENCFF904ARJ.tar.gz; https://www.encodeproject.org/files/ENCFF943MVX/@@download/ENCFF943MVX.tar.gz; https://www.encodeproject.org/files/ENCFF277YKC/@@download/ENCFF277YKC.bam; https://www.encodeproject.org/files/ENCFF067VBC/@@download/ENCFF067VBC.tar.gz; https://www.encodeproject.org/files/ENCFF878AEW/@@download/ENCFF878AEW.tar.gz; https://www.encodeproject.org/files/ENCFF727JRO/@@download/ENCFF727JRO.tar.gz; https://www.encodeproject.org/files/ENCFF332KEW/@@download/ENCFF332KEW.tar.gz; https://www.encodeproject.org/files/ENCFF283KIZ/@@download/ENCFF283KIZ.tar.gz,,BAM; FASTQ; GZ; fragment,false,false,true,false,29653947918,exact sum of released ENCODE read and index-read FASTQs,49278077916,exact sum of other released ENCODE component assets,78932025834,public,2026-08-01
ENCODE,ENCSR433QBG,,ENCODE released multiomics series,Homo sapiens natural killer cell nuclear fraction male adult (33 years),natural killer cell,Homo sapiens,single-cell RNA sequencing assay; single-nucleus ATAC-seq,true,9928,9928,9928,9928,provider-reported estimated nuclei,,https://www.encodeproject.org/experiments/ENCSR433QBG/,https://www.encodeproject.org/files/ENCFF010TUY/@@download/ENCFF010TUY.fastq.gz; https://www.encodeproject.org/files/ENCFF142GQZ/@@download/ENCFF142GQZ.fastq.gz; https://www.encodeproject.org/files/ENCFF672DNP/@@download/ENCFF672DNP.fastq.gz; https://www.encodeproject.org/files/ENCFF971LGY/@@download/ENCFF971LGY.fastq.gz; https://www.encodeproject.org/files/ENCFF727LOO/@@download/ENCFF727LOO.fastq.gz; https://www.encodeproject.org/files/ENCFF357KSS/@@download/ENCFF357KSS.fastq.gz; https://www.encodeproject.org/files/ENCFF298GMK/@@download/ENCFF298GMK.fastq.gz; https://www.encodeproject.org/files/ENCFF878VQP/@@download/ENCFF878VQP.fastq.gz; https://www.encodeproject.org/files/ENCFF931UDZ/@@download/ENCFF931UDZ.fastq.gz; https://www.encodeproject.org/files/ENCFF323AMX/@@download/ENCFF323AMX.fastq.gz,direct released FASTQ assets supplied,https://www.encodeproject.org/files/ENCFF983TOO/@@download/ENCFF983TOO.fastq.gz; https://www.encodeproject.org/files/ENCFF825KPN/@@download/ENCFF825KPN.fastq.gz; https://www.encodeproject.org/files/ENCFF282IQH/@@download/ENCFF282IQH.bam; https://www.encodeproject.org/files/ENCFF003LEX/@@download/ENCFF003LEX.bam; https://www.encodeproject.org/files/ENCFF854ZPP/@@download/ENCFF854ZPP.tar.gz; https://www.encodeproject.org/files/ENCFF962LII/@@download/ENCFF962LII.tar.gz; https://www.encodeproject.org/files/ENCFF880SWS/@@download/ENCFF880SWS.tar.gz; https://www.encodeproject.org/files/ENCFF173ZYW/@@download/ENCFF173ZYW.bam; https://www.encodeproject.org/files/ENCFF242VEL/@@download/ENCFF242VEL.tar.gz; https://www.encodeproject.org/files/ENCFF722SCI/@@download/ENCFF722SCI.tar.gz; https://www.encodeproject.org/files/ENCFF400NRJ/@@download/ENCFF400NRJ.tar.gz,,BAM; FASTQ; GZ; fragment,false,false,true,false,34961994151,exact sum of released ENCODE read and index-read FASTQs,63126586524,exact sum of other released ENCODE component assets,98088580675,public,2026-08-01
ENCODE,ENCSR444PES,,ENCODE released multiomics series,Mus musculus strain B6CASTF1/J adrenal gland tissue nuclear fraction female adult (2 months),adrenal gland,Mus musculus,single-cell RNA sequencing assay; single-nucleus ATAC-seq,true,7186,7186,7186,7186,provider-reported estimated nuclei,,https://www.encodeproject.org/experiments/ENCSR444PES/,https://www.encodeproject.org/files/ENCFF053OGA/@@download/ENCFF053OGA.fastq.gz; https://www.encodeproject.org/files/ENCFF399XRM/@@download/ENCFF399XRM.fastq.gz; https://www.encodeproject.org/files/ENCFF696GIU/@@download/ENCFF696GIU.fastq.gz; https://www.encodeproject.org/files/ENCFF798RKW/@@download/ENCFF798RKW.fastq.gz; https://www.encodeproject.org/files/ENCFF071LKW/@@download/ENCFF071LKW.fastq.gz; https://www.encodeproject.org/files/ENCFF949HVD/@@download/ENCFF949HVD.fastq.gz; https://www.encodeproject.org/files/ENCFF163DIO/@@download/ENCFF163DIO.fastq.gz; https://www.encodeproject.org/files/ENCFF712LNO/@@download/ENCFF712LNO.fastq.gz; https://www.encodeproject.org/files/ENCFF841MSS/@@download/ENCFF841MSS.fastq.gz; https://www.encodeproject.org/files/ENCFF640TLK/@@download/ENCFF640TLK.fastq.gz,direct released FASTQ assets supplied,https://www.encodeproject.org/files/ENCFF561ZOI/@@download/ENCFF561ZOI.fastq.gz; https://www.encodeproject.org/files/ENCFF145JOE/@@download/ENCFF145JOE.fastq.gz; https://www.encodeproject.org/files/ENCFF073UGN/@@download/ENCFF073UGN.bam; https://www.encodeproject.org/files/ENCFF007AJC/@@download/ENCFF007AJC.bam; https://www.encodeproject.org/files/ENCFF683IBE/@@download/ENCFF683IBE.tar.gz; https://www.encodeproject.org/files/ENCFF987TEG/@@download/ENCFF987TEG.tar.gz; https://www.encodeproject.org/files/ENCFF059LQV/@@download/ENCFF059LQV.bam; https://www.encodeproject.org/files/ENCFF736ATK/@@download/ENCFF736ATK.tar.gz; https://www.encodeproject.org/files/ENCFF332KEU/@@download/ENCFF332KEU.tar.gz; https://www.encodeproject.org/files/ENCFF603MQP/@@download/ENCFF603MQP.tar.gz; https://www.encodeproject.org/files/ENCFF910YZU/@@download/ENCFF910YZU.tar.gz,,BAM; FASTQ; GZ; fragment,false,false,true,false,26729879328,exact sum of released ENCODE read and index-read FASTQs,56606889202,exact sum of other released ENCODE component assets,83336768530,public,2026-08-01
ENCODE,ENCSR449VCG,,ENCODE released multiomics series,Homo sapiens adrenal gland tissue nuclear fraction female adult (59 years),adrenal gland,Homo sapiens,single-cell RNA sequencing assay; single-nucleus ATAC-seq,true,12698,12698,12698,12698,provider-reported estimated nuclei,,https://www.encodeproject.org/experiments/ENCSR449VCG/,https://www.encodeproject.org/files/ENCFF400OXW/@@download/ENCFF400OXW.fastq.gz; https://www.encodeproject.org/files/ENCFF639RCQ/@@download/ENCFF639RCQ.fastq.gz; https://www.encodeproject.org/files/ENCFF217NLB/@@download/ENCFF217NLB.fastq.gz; https://www.encodeproject.org/files/ENCFF009VKF/@@download/ENCFF009VKF.fastq.gz; https://www.encodeproject.org/files/ENCFF836JUL/@@download/ENCFF836JUL.fastq.gz; https://www.encodeproject.org/files/ENCFF914RLL/@@download/ENCFF914RLL.fastq.gz; https://www.encodeproject.org/files/ENCFF279VXS/@@download/ENCFF279VXS.fastq.gz; https://www.encodeproject.org/files/ENCFF951MYP/@@download/ENCFF951MYP.fastq.gz; https://www.encodeproject.org/files/ENCFF326WDN/@@download/ENCFF326WDN.fastq.gz; https://www.encodeproject.org/files/ENCFF916AUD/@@download/ENCFF916AUD.fastq.gz,direct released FASTQ assets supplied,https://www.encodeproject.org/files/ENCFF883AZK/@@download/ENCFF883AZK.fastq.gz; https://www.encodeproject.org/files/ENCFF481NUW/@@download/ENCFF481NUW.fastq.gz; https://www.encodeproject.org/files/ENCFF647SLD/@@download/ENCFF647SLD.bam; https://www.encodeproject.org/files/ENCFF353JQE/@@download/ENCFF353JQE.bam; https://www.encodeproject.org/files/ENCFF035BPL/@@download/ENCFF035BPL.tar.gz; https://www.encodeproject.org/files/ENCFF594DMO/@@download/ENCFF594DMO.bam; https://www.encodeproject.org/files/ENCFF940IDY/@@download/ENCFF940IDY.tar.gz; https://www.encodeproject.org/files/ENCFF508AYA/@@download/ENCFF508AYA.tar.gz; https://www.encodeproject.org/files/ENCFF777NHW/@@download/ENCFF777NHW.tar.gz; https://www.encodeproject.org/files/ENCFF378HVQ/@@download/ENCFF378HVQ.tar.gz; https://www.encodeproject.org/files/ENCFF309UVF/@@download/ENCFF309UVF.tar.gz,,BAM; FASTQ; GZ; fragment,false,false,true,false,35347912567,exact sum of released ENCODE read and index-read FASTQs,76330372750,exact sum of other released ENCODE component assets,111678285317,public,2026-08-01
ENCODE,ENCSR476GRZ,,ENCODE released multiomics series,Mus musculus strain B6CASTF1/J heart tissue nuclear fraction male adult (2 months),heart,Mus musculus,single-cell RNA sequencing assay; single-nucleus ATAC-seq,true,14503,14503,14503,14503,provider-reported estimated nuclei,,https://www.encodeproject.org/experiments/ENCSR476GRZ/,https://www.encodeproject.org/files/ENCFF414BYD/@@download/ENCFF414BYD.fastq.gz; https://www.encodeproject.org/files/ENCFF963JQE/@@download/ENCFF963JQE.fastq.gz; https://www.encodeproject.org/files/ENCFF073IOK/@@download/ENCFF073IOK.fastq.gz; https://www.encodeproject.org/files/ENCFF577HXN/@@download/ENCFF577HXN.fastq.gz; https://www.encodeproject.org/files/ENCFF459NLR/@@download/ENCFF459NLR.fastq.gz; https://www.encodeproject.org/files/ENCFF817EBZ/@@download/ENCFF817EBZ.fastq.gz; https://www.encodeproject.org/files/ENCFF193GVI/@@download/ENCFF193GVI.fastq.gz; https://www.encodeproject.org/files/ENCFF445FFL/@@download/ENCFF445FFL.fastq.gz; https://www.encodeproject.org/files/ENCFF493XYI/@@download/ENCFF493XYI.fastq.gz; https://www.encodeproject.org/files/ENCFF602DVM/@@download/ENCFF602DVM.fastq.gz,direct released FASTQ assets supplied,https://www.encodeproject.org/files/ENCFF416SPB/@@download/ENCFF416SPB.fastq.gz; https://www.encodeproject.org/files/ENCFF095RHM/@@download/ENCFF095RHM.fastq.gz; https://www.encodeproject.org/files/ENCFF438XDZ/@@download/ENCFF438XDZ.bam; https://www.encodeproject.org/files/ENCFF251ZGE/@@download/ENCFF251ZGE.bam; https://www.encodeproject.org/files/ENCFF096VVB/@@download/ENCFF096VVB.tar.gz; https://www.encodeproject.org/files/ENCFF041SKZ/@@download/ENCFF041SKZ.tar.gz; https://www.encodeproject.org/files/ENCFF575OPB/@@download/ENCFF575OPB.bam; https://www.encodeproject.org/files/ENCFF143FKO/@@download/ENCFF143FKO.tar.gz; https://www.encodeproject.org/files/ENCFF761HJZ/@@download/ENCFF761HJZ.tar.gz; https://www.encodeproject.org/files/ENCFF340PDF/@@download/ENCFF340PDF.tar.gz; https://www.encodeproject.org/files/ENCFF265TIU/@@download/ENCFF265TIU.tar.gz,,BAM; FASTQ; GZ; fragment,false,false,true,false,29946777963,exact sum of released ENCODE read and index-read FASTQs,57384658885,exact sum of other released ENCODE component assets,87331436848,public,2026-08-01
ENCODE,ENCSR487MGY,,ENCODE released multiomics series,Homo sapiens heart left ventricle tissue nuclear fraction female adult (42 years),heart left ventricle,Homo sapiens,single-cell RNA sequencing assay; single-nucleus ATAC-seq,true,15601,15601,15601,15601,provider-reported estimated nuclei,,https://www.encodeproject.org/experiments/ENCSR487MGY/,https://www.encodeproject.org/files/ENCFF633POZ/@@download/ENCFF633POZ.fastq.gz; https://www.encodeproject.org/files/ENCFF896TPG/@@download/ENCFF896TPG.fastq.gz; https://www.encodeproject.org/files/ENCFF602ZUR/@@download/ENCFF602ZUR.fastq.gz; https://www.encodeproject.org/files/ENCFF371LCB/@@download/ENCFF371LCB.fastq.gz; https://www.encodeproject.org/files/ENCFF325TQF/@@download/ENCFF325TQF.fastq.gz; https://www.encodeproject.org/files/ENCFF229IZY/@@download/ENCFF229IZY.fastq.gz; https://www.encodeproject.org/files/ENCFF668VWF/@@download/ENCFF668VWF.fastq.gz; https://www.encodeproject.org/files/ENCFF381BEI/@@download/ENCFF381BEI.fastq.gz; https://www.encodeproject.org/files/ENCFF748BSO/@@download/ENCFF748BSO.fastq.gz; https://www.encodeproject.org/files/ENCFF388MOQ/@@download/ENCFF388MOQ.fastq.gz; https://www.encodeproject.org/files/ENCFF782TDP/@@download/ENCFF782TDP.fastq.gz; https://www.encodeproject.org/files/ENCFF251JJE/@@download/ENCFF251JJE.fastq.gz; https://www.encodeproject.org/files/ENCFF249CVG/@@download/ENCFF249CVG.fastq.gz; https://www.encodeproject.org/files/ENCFF972KER/@@download/ENCFF972KER.fastq.gz; https://www.encodeproject.org/files/ENCFF087ARR/@@download/ENCFF087ARR.fastq.gz; https://www.encodeproject.org/files/ENCFF225BZI/@@download/ENCFF225BZI.fastq.gz; https://www.encodeproject.org/files/ENCFF194CQB/@@download/ENCFF194CQB.fastq.gz; https://www.encodeproject.org/files/ENCFF956VBJ/@@download/ENCFF956VBJ.fastq.gz; https://www.encodeproject.org/files/ENCFF557LNG/@@download/ENCFF557LNG.fastq.gz; https://www.encodeproject.org/files/ENCFF920FOR/@@download/ENCFF920FOR.fastq.gz,direct released FASTQ assets supplied,https://www.encodeproject.org/files/ENCFF145QYN/@@download/ENCFF145QYN.fastq.gz; https://www.encodeproject.org/files/ENCFF141HIY/@@download/ENCFF141HIY.fastq.gz; https://www.encodeproject.org/files/ENCFF176TSB/@@download/ENCFF176TSB.bam; https://www.encodeproject.org/files/ENCFF287TJP/@@download/ENCFF287TJP.bam; https://www.encodeproject.org/files/ENCFF059LSZ/@@download/ENCFF059LSZ.tar.gz; https://www.encodeproject.org/files/ENCFF105ZHH/@@download/ENCFF105ZHH.bam; https://www.encodeproject.org/files/ENCFF339CSE/@@download/ENCFF339CSE.tar.gz; https://www.encodeproject.org/files/ENCFF568KOS/@@download/ENCFF568KOS.tar.gz; https://www.encodeproject.org/files/ENCFF385IHV/@@download/ENCFF385IHV.tar.gz; https://www.encodeproject.org/files/ENCFF749VWC/@@download/ENCFF749VWC.tar.gz; https://www.encodeproject.org/files/ENCFF908GVD/@@download/ENCFF908GVD.tar.gz,,BAM; FASTQ; GZ; fragment,false,false,true,false,40426328473,exact sum of released ENCODE read and index-read FASTQs,80834678194,exact sum of other released ENCODE component assets,121261006667,public,2026-08-01
ENCODE,ENCSR488VFJ,,ENCODE released multiomics series,Homo sapiens right cardiac atrium tissue nuclear fraction female adult (59 years),right cardiac atrium,Homo sapiens,single-cell RNA sequencing assay; single-nucleus ATAC-seq,true,21310,21310,21310,21310,provider-reported estimated nuclei,,https://www.encodeproject.org/experiments/ENCSR488VFJ/,https://www.encodeproject.org/files/ENCFF064HAY/@@download/ENCFF064HAY.fastq.gz; https://www.encodeproject.org/files/ENCFF667KYS/@@download/ENCFF667KYS.fastq.gz; https://www.encodeproject.org/files/ENCFF728LHO/@@download/ENCFF728LHO.fastq.gz; https://www.encodeproject.org/files/ENCFF409IPP/@@download/ENCFF409IPP.fastq.gz; https://www.encodeproject.org/files/ENCFF492DPZ/@@download/ENCFF492DPZ.fastq.gz; https://www.encodeproject.org/files/ENCFF487KLY/@@download/ENCFF487KLY.fastq.gz; https://www.encodeproject.org/files/ENCFF240HAY/@@download/ENCFF240HAY.fastq.gz; https://www.encodeproject.org/files/ENCFF988BCF/@@download/ENCFF988BCF.fastq.gz; https://www.encodeproject.org/files/ENCFF825TSR/@@download/ENCFF825TSR.fastq.gz; https://www.encodeproject.org/files/ENCFF886IWN/@@download/ENCFF886IWN.fastq.gz,direct released FASTQ assets supplied,https://www.encodeproject.org/files/ENCFF279TTU/@@download/ENCFF279TTU.fastq.gz; https://www.encodeproject.org/files/ENCFF971DGP/@@download/ENCFF971DGP.fastq.gz; https://www.encodeproject.org/files/ENCFF368KFF/@@download/ENCFF368KFF.bam; https://www.encodeproject.org/files/ENCFF550LHC/@@download/ENCFF550LHC.bam; https://www.encodeproject.org/files/ENCFF223COQ/@@download/ENCFF223COQ.tar.gz; https://www.encodeproject.org/files/ENCFF287URB/@@download/ENCFF287URB.bam; https://www.encodeproject.org/files/ENCFF972WLO/@@download/ENCFF972WLO.tar.gz; https://www.encodeproject.org/files/ENCFF412KCX/@@download/ENCFF412KCX.tar.gz; https://www.encodeproject.org/files/ENCFF983MQR/@@download/ENCFF983MQR.tar.gz; https://www.encodeproject.org/files/ENCFF876UIV/@@download/ENCFF876UIV.tar.gz; https://www.encodeproject.org/files/ENCFF208YLT/@@download/ENCFF208YLT.tar.gz,,BAM; FASTQ; GZ; fragment,false,false,true,false,41460512440,exact sum of released ENCODE read and index-read FASTQs,106319504051,exact sum of other released ENCODE component assets,147780016491,public,2026-08-01
ENCODE,ENCSR488WYF,,ENCODE released multiomics series,Homo sapiens heart left ventricle tissue nuclear fraction male adult (65 years),heart left ventricle,Homo sapiens,single-cell RNA sequencing assay; single-nucleus ATAC-seq,true,13766,13766,13766,13766,provider-reported estimated nuclei,,https://www.encodeproject.org/experiments/ENCSR488WYF/,https://www.encodeproject.org/files/ENCFF534NWN/@@download/ENCFF534NWN.fastq.gz; https://www.encodeproject.org/files/ENCFF344XBG/@@download/ENCFF344XBG.fastq.gz; https://www.encodeproject.org/files/ENCFF490HKT/@@download/ENCFF490HKT.fastq.gz; https://www.encodeproject.org/files/ENCFF162PYJ/@@download/ENCFF162PYJ.fastq.gz; https://www.encodeproject.org/files/ENCFF541JIF/@@download/ENCFF541JIF.fastq.gz; https://www.encodeproject.org/files/ENCFF640JCK/@@download/ENCFF640JCK.fastq.gz; https://www.encodeproject.org/files/ENCFF974QDI/@@download/ENCFF974QDI.fastq.gz; https://www.encodeproject.org/files/ENCFF333PQV/@@download/ENCFF333PQV.fastq.gz; https://www.encodeproject.org/files/ENCFF741QHH/@@download/ENCFF741QHH.fastq.gz; https://www.encodeproject.org/files/ENCFF401FLR/@@download/ENCFF401FLR.fastq.gz,direct released FASTQ assets supplied,https://www.encodeproject.org/files/ENCFF382LDV/@@download/ENCFF382LDV.bam; https://www.encodeproject.org/files/ENCFF612RZA/@@download/ENCFF612RZA.tar.gz; https://www.encodeproject.org/files/ENCFF625DIE/@@download/ENCFF625DIE.tar.gz; https://www.encodeproject.org/files/ENCFF791HUA/@@download/ENCFF791HUA.tar.gz; https://www.encodeproject.org/files/ENCFF175GXX/@@download/ENCFF175GXX.tar.gz; https://www.encodeproject.org/files/ENCFF264NLU/@@download/ENCFF264NLU.tar.gz; https://www.encodeproject.org/files/ENCFF911GDI/@@download/ENCFF911GDI.fastq.gz; https://www.encodeproject.org/files/ENCFF498KZN/@@download/ENCFF498KZN.fastq.gz; https://www.encodeproject.org/files/ENCFF866YWX/@@download/ENCFF866YWX.bam; https://www.encodeproject.org/files/ENCFF271TGI/@@download/ENCFF271TGI.bam; https://www.encodeproject.org/files/ENCFF673ECB/@@download/ENCFF673ECB.tar.gz,,BAM; FASTQ; GZ; fragment,false,false,true,false,20375847683,exact sum of released ENCODE read and index-read FASTQs,38967077085,exact sum of other released ENCODE component assets,59342924768,public,2026-08-01
ENCODE,ENCSR499ZLY,,ENCODE released multiomics series,Homo sapiens liver tissue nuclear fraction female adult (33 years),liver,Homo sapiens,single-cell RNA sequencing assay; single-nucleus ATAC-seq,true,9443,9443,9443,9443,provider-reported estimated nuclei,,https://www.encodeproject.org/experiments/ENCSR499ZLY/,https://www.encodeproject.org/files/ENCFF866YHQ/@@download/ENCFF866YHQ.fastq.gz; https://www.encodeproject.org/files/ENCFF884USK/@@download/ENCFF884USK.fastq.gz; https://www.encodeproject.org/files/ENCFF153UUO/@@download/ENCFF153UUO.fastq.gz; https://www.encodeproject.org/files/ENCFF719GZO/@@download/ENCFF719GZO.fastq.gz; https://www.encodeproject.org/files/ENCFF535UHX/@@download/ENCFF535UHX.fastq.gz; https://www.encodeproject.org/files/ENCFF936OOH/@@download/ENCFF936OOH.fastq.gz; https://www.encodeproject.org/files/ENCFF837CJR/@@download/ENCFF837CJR.fastq.gz; https://www.encodeproject.org/files/ENCFF769WGS/@@download/ENCFF769WGS.fastq.gz; https://www.encodeproject.org/files/ENCFF017OEP/@@download/ENCFF017OEP.fastq.gz; https://www.encodeproject.org/files/ENCFF628CBR/@@download/ENCFF628CBR.fastq.gz; https://www.encodeproject.org/files/ENCFF313KPF/@@download/ENCFF313KPF.fastq.gz; https://www.encodeproject.org/files/ENCFF811DQF/@@download/ENCFF811DQF.fastq.gz; https://www.encodeproject.org/files/ENCFF386RLQ/@@download/ENCFF386RLQ.fastq.gz,direct released FASTQ assets supplied,https://www.encodeproject.org/files/ENCFF296PDW/@@download/ENCFF296PDW.fastq.gz; https://www.encodeproject.org/files/ENCFF502VAP/@@download/ENCFF502VAP.fastq.gz; https://www.encodeproject.org/files/ENCFF640TRJ/@@download/ENCFF640TRJ.bam; https://www.encodeproject.org/files/ENCFF679GFC/@@download/ENCFF679GFC.bam; https://www.encodeproject.org/files/ENCFF478ULU/@@download/ENCFF478ULU.tar.gz; https://www.encodeproject.org/files/ENCFF011AYC/@@download/ENCFF011AYC.bam; https://www.encodeproject.org/files/ENCFF589QCR/@@download/ENCFF589QCR.tar.gz; https://www.encodeproject.org/files/ENCFF507QES/@@download/ENCFF507QES.tar.gz; https://www.encodeproject.org/files/ENCFF028EAY/@@download/ENCFF028EAY.tar.gz; https://www.encodeproject.org/files/ENCFF161BDE/@@download/ENCFF161BDE.tar.gz; https://www.encodeproject.org/files/ENCFF665NQZ/@@download/ENCFF665NQZ.tar.gz,,BAM; FASTQ; GZ; fragment,false,false,true,false,51650267072,exact sum of released ENCODE read and index-read FASTQs,114391213776,exact sum of other released ENCODE component assets,166041480848,public,2026-08-01
ENCODE,ENCSR508WRP,,ENCODE released multiomics series,Homo sapiens heart left ventricle tissue nuclear fraction female adult (41 years),heart left ventricle,Homo sapiens,single-cell RNA sequencing assay; single-nucleus ATAC-seq,true,20474,20474,20474,20474,provider-reported estimated nuclei,,https://www.encodeproject.org/experiments/ENCSR508WRP/,https://www.encodeproject.org/files/ENCFF937EDB/@@download/ENCFF937EDB.fastq.gz; https://www.encodeproject.org/files/ENCFF930KMN/@@download/ENCFF930KMN.fastq.gz; https://www.encodeproject.org/files/ENCFF556JFQ/@@download/ENCFF556JFQ.fastq.gz; https://www.encodeproject.org/files/ENCFF145SSR/@@download/ENCFF145SSR.fastq.gz; https://www.encodeproject.org/files/ENCFF344RLA/@@download/ENCFF344RLA.fastq.gz; https://www.encodeproject.org/files/ENCFF182ECN/@@download/ENCFF182ECN.fastq.gz; https://www.encodeproject.org/files/ENCFF367CAH/@@download/ENCFF367CAH.fastq.gz; https://www.encodeproject.org/files/ENCFF924ABC/@@download/ENCFF924ABC.fastq.gz; https://www.encodeproject.org/files/ENCFF634QLF/@@download/ENCFF634QLF.fastq.gz; https://www.encodeproject.org/files/ENCFF093ZIT/@@download/ENCFF093ZIT.fastq.gz,direct released FASTQ assets supplied,https://www.encodeproject.org/files/ENCFF802CZH/@@download/ENCFF802CZH.fastq.gz; https://www.encodeproject.org/files/ENCFF582GZF/@@download/ENCFF582GZF.fastq.gz; https://www.encodeproject.org/files/ENCFF496OPD/@@download/ENCFF496OPD.bam; https://www.encodeproject.org/files/ENCFF493SUJ/@@download/ENCFF493SUJ.bam; https://www.encodeproject.org/files/ENCFF205ZSB/@@download/ENCFF205ZSB.tar.gz; https://www.encodeproject.org/files/ENCFF843VYH/@@download/ENCFF843VYH.bam; https://www.encodeproject.org/files/ENCFF141KVN/@@download/ENCFF141KVN.tar.gz; https://www.encodeproject.org/files/ENCFF893VYH/@@download/ENCFF893VYH.tar.gz; https://www.encodeproject.org/files/ENCFF417VQT/@@download/ENCFF417VQT.tar.gz; https://www.encodeproject.org/files/ENCFF518WAA/@@download/ENCFF518WAA.tar.gz; https://www.encodeproject.org/files/ENCFF399IMG/@@download/ENCFF399IMG.tar.gz,,BAM; FASTQ; GZ; fragment,false,false,true,false,45246135006,exact sum of released ENCODE read and index-read FASTQs,106865727439,exact sum of other released ENCODE component assets,152111862445,public,2026-08-01
ENCODE,ENCSR511RDV,,ENCODE released multiomics series,Homo sapiens heart right ventricle tissue nuclear fraction female adult (59 years),heart right ventricle,Homo sapiens,single-cell RNA sequencing assay; single-nucleus ATAC-seq,true,11096,11096,11096,11096,provider-reported estimated nuclei,,https://www.encodeproject.org/experiments/ENCSR511RDV/,https://www.encodeproject.org/files/ENCFF991IYX/@@download/ENCFF991IYX.fastq.gz; https://www.encodeproject.org/files/ENCFF065CTW/@@download/ENCFF065CTW.fastq.gz; https://www.encodeproject.org/files/ENCFF969EQD/@@download/ENCFF969EQD.fastq.gz; https://www.encodeproject.org/files/ENCFF447RZC/@@download/ENCFF447RZC.fastq.gz; https://www.encodeproject.org/files/ENCFF073HFD/@@download/ENCFF073HFD.fastq.gz; https://www.encodeproject.org/files/ENCFF461YXS/@@download/ENCFF461YXS.fastq.gz; https://www.encodeproject.org/files/ENCFF002NAJ/@@download/ENCFF002NAJ.fastq.gz; https://www.encodeproject.org/files/ENCFF116EQT/@@download/ENCFF116EQT.fastq.gz; https://www.encodeproject.org/files/ENCFF948FPB/@@download/ENCFF948FPB.fastq.gz; https://www.encodeproject.org/files/ENCFF236EGO/@@download/ENCFF236EGO.fastq.gz,direct released FASTQ assets supplied,https://www.encodeproject.org/files/ENCFF418UMR/@@download/ENCFF418UMR.fastq.gz; https://www.encodeproject.org/files/ENCFF075ASZ/@@download/ENCFF075ASZ.fastq.gz; https://www.encodeproject.org/files/ENCFF541XGW/@@download/ENCFF541XGW.bam; https://www.encodeproject.org/files/ENCFF652ZFH/@@download/ENCFF652ZFH.bam; https://www.encodeproject.org/files/ENCFF145ABZ/@@download/ENCFF145ABZ.tar.gz; https://www.encodeproject.org/files/ENCFF219BGK/@@download/ENCFF219BGK.bam; https://www.encodeproject.org/files/ENCFF807QIG/@@download/ENCFF807QIG.tar.gz; https://www.encodeproject.org/files/ENCFF721UIW/@@download/ENCFF721UIW.tar.gz; https://www.encodeproject.org/files/ENCFF289QCB/@@download/ENCFF289QCB.tar.gz; https://www.encodeproject.org/files/ENCFF102RPE/@@download/ENCFF102RPE.tar.gz; https://www.encodeproject.org/files/ENCFF165KZR/@@download/ENCFF165KZR.tar.gz,,BAM; FASTQ; GZ; fragment,false,false,true,false,46595453845,exact sum of released ENCODE read and index-read FASTQs,98929464211,exact sum of other released ENCODE component assets,145524918056,public,2026-08-01
ENCODE,ENCSR521AOG,,ENCODE released multiomics series,Homo sapiens psoas muscle tissue nuclear fraction female adult (47 years),psoas muscle,Homo sapiens,single-cell RNA sequencing assay; single-nucleus ATAC-seq,true,8455,8455,8455,8455,provider-reported estimated nuclei,,https://www.encodeproject.org/experiments/ENCSR521AOG/,https://www.encodeproject.org/files/ENCFF380FNS/@@download/ENCFF380FNS.fastq.gz; https://www.encodeproject.org/files/ENCFF550OZK/@@download/ENCFF550OZK.fastq.gz; https://www.encodeproject.org/files/ENCFF998CHN/@@download/ENCFF998CHN.fastq.gz; https://www.encodeproject.org/files/ENCFF159ZRF/@@download/ENCFF159ZRF.fastq.gz; https://www.encodeproject.org/files/ENCFF673XYW/@@download/ENCFF673XYW.fastq.gz; https://www.encodeproject.org/files/ENCFF925EOG/@@download/ENCFF925EOG.fastq.gz; https://www.encodeproject.org/files/ENCFF121UIQ/@@download/ENCFF121UIQ.fastq.gz; https://www.encodeproject.org/files/ENCFF194KTM/@@download/ENCFF194KTM.fastq.gz; https://www.encodeproject.org/files/ENCFF663ZRK/@@download/ENCFF663ZRK.fastq.gz; https://www.encodeproject.org/files/ENCFF364QFJ/@@download/ENCFF364QFJ.fastq.gz,direct released FASTQ assets supplied,https://www.encodeproject.org/files/ENCFF920QEZ/@@download/ENCFF920QEZ.fastq.gz; https://www.encodeproject.org/files/ENCFF679YOZ/@@download/ENCFF679YOZ.fastq.gz; https://www.encodeproject.org/files/ENCFF031HER/@@download/ENCFF031HER.bam; https://www.encodeproject.org/files/ENCFF284JWW/@@download/ENCFF284JWW.bam; https://www.encodeproject.org/files/ENCFF301RZM/@@download/ENCFF301RZM.tar.gz; https://www.encodeproject.org/files/ENCFF755QLQ/@@download/ENCFF755QLQ.bam; https://www.encodeproject.org/files/ENCFF220GQO/@@download/ENCFF220GQO.tar.gz; https://www.encodeproject.org/files/ENCFF502DDT/@@download/ENCFF502DDT.tar.gz; https://www.encodeproject.org/files/ENCFF935CUV/@@download/ENCFF935CUV.tar.gz; https://www.encodeproject.org/files/ENCFF611CGN/@@download/ENCFF611CGN.tar.gz; https://www.encodeproject.org/files/ENCFF402YUQ/@@download/ENCFF402YUQ.tar.gz,,BAM; FASTQ; GZ; fragment,false,false,true,false,38024389491,exact sum of released ENCODE read and index-read FASTQs,83953861034,exact sum of other released ENCODE component assets,121978250525,public,2026-08-01
ENCODE,ENCSR523NMC,,ENCODE released multiomics series,Homo sapiens heart left ventricle tissue nuclear fraction female adult (47 years),heart left ventricle,Homo sapiens,single-cell RNA sequencing assay; single-nucleus ATAC-seq,true,10609,10609,10609,10609,provider-reported estimated nuclei,,https://www.encodeproject.org/experiments/ENCSR523NMC/,https://www.encodeproject.org/files/ENCFF909NUH/@@download/ENCFF909NUH.fastq.gz; https://www.encodeproject.org/files/ENCFF285SXL/@@download/ENCFF285SXL.fastq.gz; https://www.encodeproject.org/files/ENCFF450RTF/@@download/ENCFF450RTF.fastq.gz; https://www.encodeproject.org/files/ENCFF903QIG/@@download/ENCFF903QIG.fastq.gz; https://www.encodeproject.org/files/ENCFF639XJL/@@download/ENCFF639XJL.fastq.gz; https://www.encodeproject.org/files/ENCFF314DBY/@@download/ENCFF314DBY.fastq.gz; https://www.encodeproject.org/files/ENCFF864BWO/@@download/ENCFF864BWO.fastq.gz; https://www.encodeproject.org/files/ENCFF510ZAP/@@download/ENCFF510ZAP.fastq.gz; https://www.encodeproject.org/files/ENCFF907BFN/@@download/ENCFF907BFN.fastq.gz; https://www.encodeproject.org/files/ENCFF978LPZ/@@download/ENCFF978LPZ.fastq.gz,direct released FASTQ assets supplied,https://www.encodeproject.org/files/ENCFF019RGH/@@download/ENCFF019RGH.fastq.gz; https://www.encodeproject.org/files/ENCFF659VYV/@@download/ENCFF659VYV.fastq.gz; https://www.encodeproject.org/files/ENCFF602RSS/@@download/ENCFF602RSS.bam; https://www.encodeproject.org/files/ENCFF710IXI/@@download/ENCFF710IXI.bam; https://www.encodeproject.org/files/ENCFF290MWA/@@download/ENCFF290MWA.tar.gz; https://www.encodeproject.org/files/ENCFF221NFC/@@download/ENCFF221NFC.bam; https://www.encodeproject.org/files/ENCFF999CXO/@@download/ENCFF999CXO.tar.gz; https://www.encodeproject.org/files/ENCFF128XVA/@@download/ENCFF128XVA.tar.gz; https://www.encodeproject.org/files/ENCFF760QDB/@@download/ENCFF760QDB.tar.gz; https://www.encodeproject.org/files/ENCFF482FNO/@@download/ENCFF482FNO.tar.gz; https://www.encodeproject.org/files/ENCFF772BAH/@@download/ENCFF772BAH.tar.gz,,BAM; FASTQ; GZ; fragment,false,false,true,false,30013700095,exact sum of released ENCODE read and index-read FASTQs,59957307969,exact sum of other released ENCODE component assets,89971008064,public,2026-08-01
ENCODE,ENCSR527TJQ,,ENCODE released multiomics series,Homo sapiens liver tissue nuclear fraction female adult (51 years),liver,Homo sapiens,single-cell RNA sequencing assay; single-nucleus ATAC-seq,true,17105,17105,17105,17105,provider-reported estimated nuclei,,https://www.encodeproject.org/experiments/ENCSR527TJQ/,https://www.encodeproject.org/files/ENCFF178SUE/@@download/ENCFF178SUE.fastq.gz; https://www.encodeproject.org/files/ENCFF341DFF/@@download/ENCFF341DFF.fastq.gz; https://www.encodeproject.org/files/ENCFF050VER/@@download/ENCFF050VER.fastq.gz; https://www.encodeproject.org/files/ENCFF065LDT/@@download/ENCFF065LDT.fastq.gz; https://www.encodeproject.org/files/ENCFF596GFU/@@download/ENCFF596GFU.fastq.gz; https://www.encodeproject.org/files/ENCFF723STF/@@download/ENCFF723STF.fastq.gz; https://www.encodeproject.org/files/ENCFF371UVD/@@download/ENCFF371UVD.fastq.gz; https://www.encodeproject.org/files/ENCFF638BGA/@@download/ENCFF638BGA.fastq.gz; https://www.encodeproject.org/files/ENCFF595CCI/@@download/ENCFF595CCI.fastq.gz; https://www.encodeproject.org/files/ENCFF904XOW/@@download/ENCFF904XOW.fastq.gz; https://www.encodeproject.org/files/ENCFF774KMF/@@download/ENCFF774KMF.fastq.gz; https://www.encodeproject.org/files/ENCFF684VIO/@@download/ENCFF684VIO.fastq.gz; https://www.encodeproject.org/files/ENCFF747KEY/@@download/ENCFF747KEY.fastq.gz,direct released FASTQ assets supplied,https://www.encodeproject.org/files/ENCFF292QUE/@@download/ENCFF292QUE.fastq.gz; https://www.encodeproject.org/files/ENCFF737JVO/@@download/ENCFF737JVO.fastq.gz; https://www.encodeproject.org/files/ENCFF374ZOW/@@download/ENCFF374ZOW.bam; https://www.encodeproject.org/files/ENCFF360XHD/@@download/ENCFF360XHD.bam; https://www.encodeproject.org/files/ENCFF883DOK/@@download/ENCFF883DOK.tar.gz; https://www.encodeproject.org/files/ENCFF455JHM/@@download/ENCFF455JHM.bam; https://www.encodeproject.org/files/ENCFF890AIK/@@download/ENCFF890AIK.tar.gz; https://www.encodeproject.org/files/ENCFF728TIV/@@download/ENCFF728TIV.tar.gz; https://www.encodeproject.org/files/ENCFF680JNK/@@download/ENCFF680JNK.tar.gz; https://www.encodeproject.org/files/ENCFF947RZG/@@download/ENCFF947RZG.tar.gz; https://www.encodeproject.org/files/ENCFF666PCB/@@download/ENCFF666PCB.tar.gz,,BAM; FASTQ; GZ; fragment,false,false,true,false,60944446482,exact sum of released ENCODE read and index-read FASTQs,113030797328,exact sum of other released ENCODE component assets,173975243810,public,2026-08-01
ENCODE,ENCSR529JMP,,ENCODE released multiomics series,Homo sapiens heart left ventricle tissue nuclear fraction male adult (58 years),heart left ventricle,Homo sapiens,single-cell RNA sequencing assay; single-nucleus ATAC-seq,true,17842,17842,17842,17842,provider-reported estimated nuclei,,https://www.encodeproject.org/experiments/ENCSR529JMP/,https://www.encodeproject.org/files/ENCFF256POZ/@@download/ENCFF256POZ.fastq.gz; https://www.encodeproject.org/files/ENCFF265BJA/@@download/ENCFF265BJA.fastq.gz; https://www.encodeproject.org/files/ENCFF051ZZJ/@@download/ENCFF051ZZJ.fastq.gz; https://www.encodeproject.org/files/ENCFF664LZQ/@@download/ENCFF664LZQ.fastq.gz; https://www.encodeproject.org/files/ENCFF204EIN/@@download/ENCFF204EIN.fastq.gz; https://www.encodeproject.org/files/ENCFF422QJT/@@download/ENCFF422QJT.fastq.gz; https://www.encodeproject.org/files/ENCFF854ZZI/@@download/ENCFF854ZZI.fastq.gz; https://www.encodeproject.org/files/ENCFF219TXS/@@download/ENCFF219TXS.fastq.gz; https://www.encodeproject.org/files/ENCFF465LZJ/@@download/ENCFF465LZJ.fastq.gz; https://www.encodeproject.org/files/ENCFF555BGO/@@download/ENCFF555BGO.fastq.gz; https://www.encodeproject.org/files/ENCFF039CCB/@@download/ENCFF039CCB.fastq.gz; https://www.encodeproject.org/files/ENCFF825QMQ/@@download/ENCFF825QMQ.fastq.gz; https://www.encodeproject.org/files/ENCFF818XLR/@@download/ENCFF818XLR.fastq.gz; https://www.encodeproject.org/files/ENCFF161ZOQ/@@download/ENCFF161ZOQ.fastq.gz; https://www.encodeproject.org/files/ENCFF550LUQ/@@download/ENCFF550LUQ.fastq.gz; https://www.encodeproject.org/files/ENCFF943GZD/@@download/ENCFF943GZD.fastq.gz; https://www.encodeproject.org/files/ENCFF852DCT/@@download/ENCFF852DCT.fastq.gz; https://www.encodeproject.org/files/ENCFF648CYQ/@@download/ENCFF648CYQ.fastq.gz; https://www.encodeproject.org/files/ENCFF454JZJ/@@download/ENCFF454JZJ.fastq.gz; https://www.encodeproject.org/files/ENCFF769IUO/@@download/ENCFF769IUO.fastq.gz,direct released FASTQ assets supplied,https://www.encodeproject.org/files/ENCFF096ZBI/@@download/ENCFF096ZBI.fastq.gz; https://www.encodeproject.org/files/ENCFF602PCS/@@download/ENCFF602PCS.fastq.gz; https://www.encodeproject.org/files/ENCFF350YKZ/@@download/ENCFF350YKZ.bam; https://www.encodeproject.org/files/ENCFF651PUL/@@download/ENCFF651PUL.tar.gz; https://www.encodeproject.org/files/ENCFF109TPO/@@download/ENCFF109TPO.bam; https://www.encodeproject.org/files/ENCFF865YQD/@@download/ENCFF865YQD.bam; https://www.encodeproject.org/files/ENCFF136RNL/@@download/ENCFF136RNL.tar.gz; https://www.encodeproject.org/files/ENCFF238ACZ/@@download/ENCFF238ACZ.tar.gz; https://www.encodeproject.org/files/ENCFF133YDF/@@download/ENCFF133YDF.tar.gz; https://www.encodeproject.org/files/ENCFF246ZUF/@@download/ENCFF246ZUF.tar.gz; https://www.encodeproject.org/files/ENCFF757EEE/@@download/ENCFF757EEE.tar.gz,,BAM; FASTQ; GZ; fragment,false,false,true,false,61661434966,exact sum of released ENCODE read and index-read FASTQs,135001297545,exact sum of other released ENCODE component assets,196662732511,public,2026-08-01
ENCODE,ENCSR534YJW,,ENCODE released multiomics series,Homo sapiens heart right ventricle tissue nuclear fraction female adult (46 years),heart right ventricle,Homo sapiens,single-cell RNA sequencing assay; single-nucleus ATAC-seq,true,12753,12753,12753,12753,provider-reported estimated nuclei,,https://www.encodeproject.org/experiments/ENCSR534YJW/,https://www.encodeproject.org/files/ENCFF239JXJ/@@download/ENCFF239JXJ.fastq.gz; https://www.encodeproject.org/files/ENCFF342WUV/@@download/ENCFF342WUV.fastq.gz; https://www.encodeproject.org/files/ENCFF165RKX/@@download/ENCFF165RKX.fastq.gz; https://www.encodeproject.org/files/ENCFF145QGW/@@download/ENCFF145QGW.fastq.gz; https://www.encodeproject.org/files/ENCFF541MPM/@@download/ENCFF541MPM.fastq.gz; https://www.encodeproject.org/files/ENCFF055VNP/@@download/ENCFF055VNP.fastq.gz; https://www.encodeproject.org/files/ENCFF753DQU/@@download/ENCFF753DQU.fastq.gz; https://www.encodeproject.org/files/ENCFF976KZK/@@download/ENCFF976KZK.fastq.gz; https://www.encodeproject.org/files/ENCFF074BBG/@@download/ENCFF074BBG.fastq.gz; https://www.encodeproject.org/files/ENCFF481UYQ/@@download/ENCFF481UYQ.fastq.gz,direct released FASTQ assets supplied,https://www.encodeproject.org/files/ENCFF433DAC/@@download/ENCFF433DAC.fastq.gz; https://www.encodeproject.org/files/ENCFF523WTQ/@@download/ENCFF523WTQ.fastq.gz; https://www.encodeproject.org/files/ENCFF491KRM/@@download/ENCFF491KRM.bam; https://www.encodeproject.org/files/ENCFF500XNY/@@download/ENCFF500XNY.bam; https://www.encodeproject.org/files/ENCFF223DBM/@@download/ENCFF223DBM.tar.gz; https://www.encodeproject.org/files/ENCFF715DPH/@@download/ENCFF715DPH.bam; https://www.encodeproject.org/files/ENCFF252HWD/@@download/ENCFF252HWD.tar.gz; https://www.encodeproject.org/files/ENCFF757DCI/@@download/ENCFF757DCI.tar.gz; https://www.encodeproject.org/files/ENCFF563AIW/@@download/ENCFF563AIW.tar.gz; https://www.encodeproject.org/files/ENCFF373CQU/@@download/ENCFF373CQU.tar.gz; https://www.encodeproject.org/files/ENCFF427FYE/@@download/ENCFF427FYE.tar.gz,,BAM; FASTQ; GZ; fragment,false,false,true,false,42219869955,exact sum of released ENCODE read and index-read FASTQs,93750340435,exact sum of other released ENCODE component assets,135970210390,public,2026-08-01
ENCODE,ENCSR535LSU,,ENCODE released multiomics series,Homo sapiens heart left ventricle tissue nuclear fraction female adult (53 years),heart left ventricle,Homo sapiens,single-cell RNA sequencing assay; single-nucleus ATAC-seq,true,16477,16477,16477,16477,provider-reported estimated nuclei,,https://www.encodeproject.org/experiments/ENCSR535LSU/,https://www.encodeproject.org/files/ENCFF542OIF/@@download/ENCFF542OIF.fastq.gz; https://www.encodeproject.org/files/ENCFF413XKV/@@download/ENCFF413XKV.fastq.gz; https://www.encodeproject.org/files/ENCFF659JUZ/@@download/ENCFF659JUZ.fastq.gz; https://www.encodeproject.org/files/ENCFF922BTY/@@download/ENCFF922BTY.fastq.gz; https://www.encodeproject.org/files/ENCFF552IUM/@@download/ENCFF552IUM.fastq.gz; https://www.encodeproject.org/files/ENCFF921OGI/@@download/ENCFF921OGI.fastq.gz; https://www.encodeproject.org/files/ENCFF575XGS/@@download/ENCFF575XGS.fastq.gz; https://www.encodeproject.org/files/ENCFF452PAU/@@download/ENCFF452PAU.fastq.gz; https://www.encodeproject.org/files/ENCFF150OIZ/@@download/ENCFF150OIZ.fastq.gz; https://www.encodeproject.org/files/ENCFF828MEF/@@download/ENCFF828MEF.fastq.gz; https://www.encodeproject.org/files/ENCFF340ZPZ/@@download/ENCFF340ZPZ.fastq.gz; https://www.encodeproject.org/files/ENCFF210ZVO/@@download/ENCFF210ZVO.fastq.gz; https://www.encodeproject.org/files/ENCFF481AWA/@@download/ENCFF481AWA.fastq.gz; https://www.encodeproject.org/files/ENCFF445XRD/@@download/ENCFF445XRD.fastq.gz; https://www.encodeproject.org/files/ENCFF317GQX/@@download/ENCFF317GQX.fastq.gz; https://www.encodeproject.org/files/ENCFF177GGI/@@download/ENCFF177GGI.fastq.gz; https://www.encodeproject.org/files/ENCFF365CRH/@@download/ENCFF365CRH.fastq.gz; https://www.encodeproject.org/files/ENCFF014OUA/@@download/ENCFF014OUA.fastq.gz; https://www.encodeproject.org/files/ENCFF238CEH/@@download/ENCFF238CEH.fastq.gz; https://www.encodeproject.org/files/ENCFF402DHE/@@download/ENCFF402DHE.fastq.gz,direct released FASTQ assets supplied,https://www.encodeproject.org/files/ENCFF363ZJI/@@download/ENCFF363ZJI.fastq.gz; https://www.encodeproject.org/files/ENCFF280CTD/@@download/ENCFF280CTD.fastq.gz; https://www.encodeproject.org/files/ENCFF603EVE/@@download/ENCFF603EVE.bam; https://www.encodeproject.org/files/ENCFF431XGF/@@download/ENCFF431XGF.bam; https://www.encodeproject.org/files/ENCFF157WBA/@@download/ENCFF157WBA.tar.gz; https://www.encodeproject.org/files/ENCFF282IQM/@@download/ENCFF282IQM.bam; https://www.encodeproject.org/files/ENCFF666XBU/@@download/ENCFF666XBU.tar.gz; https://www.encodeproject.org/files/ENCFF672RPX/@@download/ENCFF672RPX.tar.gz; https://www.encodeproject.org/files/ENCFF854DXZ/@@download/ENCFF854DXZ.tar.gz; https://www.encodeproject.org/files/ENCFF579UEY/@@download/ENCFF579UEY.tar.gz; https://www.encodeproject.org/files/ENCFF522UBU/@@download/ENCFF522UBU.tar.gz,,BAM; FASTQ; GZ; fragment,false,false,true,false,49140235082,exact sum of released ENCODE read and index-read FASTQs,118461955730,exact sum of other released ENCODE component assets,167602190812,public,2026-08-01
ENCODE,ENCSR536ZVO,,ENCODE released multiomics series,Mus musculus strain B6CASTF1/J left cerebral cortex tissue nuclear fraction male adult (2 months),left cerebral cortex,Mus musculus,single-cell RNA sequencing assay; single-nucleus ATAC-seq,true,7758,7758,7758,7758,provider-reported estimated nuclei,,https://www.encodeproject.org/experiments/ENCSR536ZVO/,https://www.encodeproject.org/files/ENCFF349TNF/@@download/ENCFF349TNF.fastq.gz; https://www.encodeproject.org/files/ENCFF479LEN/@@download/ENCFF479LEN.fastq.gz; https://www.encodeproject.org/files/ENCFF204MGH/@@download/ENCFF204MGH.fastq.gz; https://www.encodeproject.org/files/ENCFF673GXE/@@download/ENCFF673GXE.fastq.gz; https://www.encodeproject.org/files/ENCFF307XDA/@@download/ENCFF307XDA.fastq.gz; https://www.encodeproject.org/files/ENCFF848XRM/@@download/ENCFF848XRM.fastq.gz; https://www.encodeproject.org/files/ENCFF783VZA/@@download/ENCFF783VZA.fastq.gz; https://www.encodeproject.org/files/ENCFF544WZE/@@download/ENCFF544WZE.fastq.gz; https://www.encodeproject.org/files/ENCFF399ATM/@@download/ENCFF399ATM.fastq.gz; https://www.encodeproject.org/files/ENCFF445QGV/@@download/ENCFF445QGV.fastq.gz,direct released FASTQ assets supplied,https://www.encodeproject.org/files/ENCFF140XJL/@@download/ENCFF140XJL.fastq.gz; https://www.encodeproject.org/files/ENCFF051IHR/@@download/ENCFF051IHR.fastq.gz; https://www.encodeproject.org/files/ENCFF439LZV/@@download/ENCFF439LZV.bam; https://www.encodeproject.org/files/ENCFF448RCO/@@download/ENCFF448RCO.bam; https://www.encodeproject.org/files/ENCFF206HQH/@@download/ENCFF206HQH.tar.gz; https://www.encodeproject.org/files/ENCFF568WRU/@@download/ENCFF568WRU.tar.gz; https://www.encodeproject.org/files/ENCFF895SZY/@@download/ENCFF895SZY.tar.gz; https://www.encodeproject.org/files/ENCFF507FNC/@@download/ENCFF507FNC.tar.gz; https://www.encodeproject.org/files/ENCFF398PHC/@@download/ENCFF398PHC.bam; https://www.encodeproject.org/files/ENCFF423OKJ/@@download/ENCFF423OKJ.tar.gz; https://www.encodeproject.org/files/ENCFF807TOM/@@download/ENCFF807TOM.tar.gz,,BAM; FASTQ; GZ; fragment,false,false,true,false,29832929831,exact sum of released ENCODE read and index-read FASTQs,60654433322,exact sum of other released ENCODE component assets,90487363153,public,2026-08-01
ENCODE,ENCSR541VCD,,ENCODE released multiomics series,Mus musculus strain B6CASTF1/J left cerebral cortex tissue nuclear fraction male postnatal (14 days),left cerebral cortex,Mus musculus,single-cell RNA sequencing assay; single-nucleus ATAC-seq,true,12246,12246,12246,12246,provider-reported estimated nuclei,,https://www.encodeproject.org/experiments/ENCSR541VCD/,https://www.encodeproject.org/files/ENCFF558MCW/@@download/ENCFF558MCW.fastq.gz; https://www.encodeproject.org/files/ENCFF644WHL/@@download/ENCFF644WHL.fastq.gz; https://www.encodeproject.org/files/ENCFF999NSG/@@download/ENCFF999NSG.fastq.gz; https://www.encodeproject.org/files/ENCFF293VFU/@@download/ENCFF293VFU.fastq.gz; https://www.encodeproject.org/files/ENCFF469SEP/@@download/ENCFF469SEP.fastq.gz; https://www.encodeproject.org/files/ENCFF984IEO/@@download/ENCFF984IEO.fastq.gz; https://www.encodeproject.org/files/ENCFF558MAL/@@download/ENCFF558MAL.fastq.gz; https://www.encodeproject.org/files/ENCFF704SOW/@@download/ENCFF704SOW.fastq.gz; https://www.encodeproject.org/files/ENCFF261BQU/@@download/ENCFF261BQU.fastq.gz; https://www.encodeproject.org/files/ENCFF202OTO/@@download/ENCFF202OTO.fastq.gz,direct released FASTQ assets supplied,https://www.encodeproject.org/files/ENCFF791ZSR/@@download/ENCFF791ZSR.fastq.gz; https://www.encodeproject.org/files/ENCFF089SBX/@@download/ENCFF089SBX.fastq.gz; https://www.encodeproject.org/files/ENCFF336RYN/@@download/ENCFF336RYN.bam; https://www.encodeproject.org/files/ENCFF867OJL/@@download/ENCFF867OJL.bam; https://www.encodeproject.org/files/ENCFF442NKD/@@download/ENCFF442NKD.tar.gz; https://www.encodeproject.org/files/ENCFF818PBY/@@download/ENCFF818PBY.bam; https://www.encodeproject.org/files/ENCFF366GOV/@@download/ENCFF366GOV.tar.gz; https://www.encodeproject.org/files/ENCFF669WCC/@@download/ENCFF669WCC.tar.gz; https://www.encodeproject.org/files/ENCFF732UYL/@@download/ENCFF732UYL.tar.gz; https://www.encodeproject.org/files/ENCFF936DLK/@@download/ENCFF936DLK.tar.gz; https://www.encodeproject.org/files/ENCFF362WBT/@@download/ENCFF362WBT.tar.gz,,BAM; FASTQ; GZ; fragment,false,false,true,false,27383186943,exact sum of released ENCODE read and index-read FASTQs,60210737267,exact sum of other released ENCODE component assets,87593924210,public,2026-08-01
ENCODE,ENCSR549BXX,,ENCODE released multiomics series,Homo sapiens heart left ventricle tissue nuclear fraction male adult (68 years),heart left ventricle,Homo sapiens,single-cell RNA sequencing assay; single-nucleus ATAC-seq,true,15222,15222,15222,15222,provider-reported estimated nuclei,,https://www.encodeproject.org/experiments/ENCSR549BXX/,https://www.encodeproject.org/files/ENCFF114ZUP/@@download/ENCFF114ZUP.fastq.gz; https://www.encodeproject.org/files/ENCFF764GQF/@@download/ENCFF764GQF.fastq.gz; https://www.encodeproject.org/files/ENCFF487QCE/@@download/ENCFF487QCE.fastq.gz; https://www.encodeproject.org/files/ENCFF968RIZ/@@download/ENCFF968RIZ.fastq.gz; https://www.encodeproject.org/files/ENCFF191LEV/@@download/ENCFF191LEV.fastq.gz; https://www.encodeproject.org/files/ENCFF440FNW/@@download/ENCFF440FNW.fastq.gz; https://www.encodeproject.org/files/ENCFF365QWR/@@download/ENCFF365QWR.fastq.gz; https://www.encodeproject.org/files/ENCFF183VTQ/@@download/ENCFF183VTQ.fastq.gz; https://www.encodeproject.org/files/ENCFF748TUN/@@download/ENCFF748TUN.fastq.gz; https://www.encodeproject.org/files/ENCFF988KUM/@@download/ENCFF988KUM.fastq.gz; https://www.encodeproject.org/files/ENCFF653BGJ/@@download/ENCFF653BGJ.fastq.gz; https://www.encodeproject.org/files/ENCFF319VIP/@@download/ENCFF319VIP.fastq.gz; https://www.encodeproject.org/files/ENCFF242KXL/@@download/ENCFF242KXL.fastq.gz; https://www.encodeproject.org/files/ENCFF335CMO/@@download/ENCFF335CMO.fastq.gz; https://www.encodeproject.org/files/ENCFF881WLP/@@download/ENCFF881WLP.fastq.gz; https://www.encodeproject.org/files/ENCFF443MBK/@@download/ENCFF443MBK.fastq.gz; https://www.encodeproject.org/files/ENCFF247RQP/@@download/ENCFF247RQP.fastq.gz; https://www.encodeproject.org/files/ENCFF931PKP/@@download/ENCFF931PKP.fastq.gz; https://www.encodeproject.org/files/ENCFF122BLU/@@download/ENCFF122BLU.fastq.gz; https://www.encodeproject.org/files/ENCFF036ZHC/@@download/ENCFF036ZHC.fastq.gz,direct released FASTQ assets supplied,https://www.encodeproject.org/files/ENCFF782MWW/@@download/ENCFF782MWW.fastq.gz; https://www.encodeproject.org/files/ENCFF004BKA/@@download/ENCFF004BKA.fastq.gz; https://www.encodeproject.org/files/ENCFF947UAF/@@download/ENCFF947UAF.bam; https://www.encodeproject.org/files/ENCFF760VIW/@@download/ENCFF760VIW.bam; https://www.encodeproject.org/files/ENCFF464YGD/@@download/ENCFF464YGD.tar.gz; https://www.encodeproject.org/files/ENCFF123KBX/@@download/ENCFF123KBX.bam; https://www.encodeproject.org/files/ENCFF841LBK/@@download/ENCFF841LBK.tar.gz; https://www.encodeproject.org/files/ENCFF243GIK/@@download/ENCFF243GIK.tar.gz; https://www.encodeproject.org/files/ENCFF360LUV/@@download/ENCFF360LUV.tar.gz; https://www.encodeproject.org/files/ENCFF574EYL/@@download/ENCFF574EYL.tar.gz; https://www.encodeproject.org/files/ENCFF252GVO/@@download/ENCFF252GVO.tar.gz,,BAM; FASTQ; GZ; fragment,false,false,true,false,46439262532,exact sum of released ENCODE read and index-read FASTQs,95412322913,exact sum of other released ENCODE component assets,141851585445,public,2026-08-01
ENCODE,ENCSR549KDX,,ENCODE released multiomics series,Homo sapiens upper lobe of left lung tissue nuclear fraction male adult (60 years),upper lobe of left lung,Homo sapiens,single-cell RNA sequencing assay; single-nucleus ATAC-seq,true,9561,9561,9561,9561,provider-reported estimated nuclei,,https://www.encodeproject.org/experiments/ENCSR549KDX/,https://www.encodeproject.org/files/ENCFF155UXB/@@download/ENCFF155UXB.fastq.gz; https://www.encodeproject.org/files/ENCFF128YDS/@@download/ENCFF128YDS.fastq.gz; https://www.encodeproject.org/files/ENCFF897QJV/@@download/ENCFF897QJV.fastq.gz; https://www.encodeproject.org/files/ENCFF717TPV/@@download/ENCFF717TPV.fastq.gz; https://www.encodeproject.org/files/ENCFF372ZOV/@@download/ENCFF372ZOV.fastq.gz; https://www.encodeproject.org/files/ENCFF101IWL/@@download/ENCFF101IWL.fastq.gz; https://www.encodeproject.org/files/ENCFF822MSH/@@download/ENCFF822MSH.fastq.gz; https://www.encodeproject.org/files/ENCFF927GFG/@@download/ENCFF927GFG.fastq.gz; https://www.encodeproject.org/files/ENCFF713NPT/@@download/ENCFF713NPT.fastq.gz; https://www.encodeproject.org/files/ENCFF992SAA/@@download/ENCFF992SAA.fastq.gz,direct released FASTQ assets supplied,https://www.encodeproject.org/files/ENCFF447GQN/@@download/ENCFF447GQN.fastq.gz; https://www.encodeproject.org/files/ENCFF838PDX/@@download/ENCFF838PDX.fastq.gz; https://www.encodeproject.org/files/ENCFF698PKQ/@@download/ENCFF698PKQ.bam; https://www.encodeproject.org/files/ENCFF282COK/@@download/ENCFF282COK.bam; https://www.encodeproject.org/files/ENCFF280ZNE/@@download/ENCFF280ZNE.tar.gz; https://www.encodeproject.org/files/ENCFF148TRW/@@download/ENCFF148TRW.bam; https://www.encodeproject.org/files/ENCFF292EPO/@@download/ENCFF292EPO.tar.gz; https://www.encodeproject.org/files/ENCFF415KNH/@@download/ENCFF415KNH.tar.gz; https://www.encodeproject.org/files/ENCFF320MZZ/@@download/ENCFF320MZZ.tar.gz; https://www.encodeproject.org/files/ENCFF100LYP/@@download/ENCFF100LYP.tar.gz; https://www.encodeproject.org/files/ENCFF740GBX/@@download/ENCFF740GBX.tar.gz,,BAM; FASTQ; GZ; fragment,false,false,true,false,52154209796,exact sum of released ENCODE read and index-read FASTQs,139770647037,exact sum of other released ENCODE component assets,191924856833,public,2026-08-01
ENCODE,ENCSR562CYR,,ENCODE released multiomics series,Mus musculus strain B6CASTF1/J gastrocnemius tissue nuclear fraction male adult (2 months),gastrocnemius,Mus musculus,single-cell RNA sequencing assay; single-nucleus ATAC-seq,true,9976,9976,9976,9976,provider-reported estimated nuclei,,https://www.encodeproject.org/experiments/ENCSR562CYR/,https://www.encodeproject.org/files/ENCFF368HJS/@@download/ENCFF368HJS.fastq.gz; https://www.encodeproject.org/files/ENCFF643OOC/@@download/ENCFF643OOC.fastq.gz; https://www.encodeproject.org/files/ENCFF796LYQ/@@download/ENCFF796LYQ.fastq.gz; https://www.encodeproject.org/files/ENCFF804KMV/@@download/ENCFF804KMV.fastq.gz; https://www.encodeproject.org/files/ENCFF936LYV/@@download/ENCFF936LYV.fastq.gz; https://www.encodeproject.org/files/ENCFF671HXN/@@download/ENCFF671HXN.fastq.gz; https://www.encodeproject.org/files/ENCFF660PLM/@@download/ENCFF660PLM.fastq.gz; https://www.encodeproject.org/files/ENCFF544XIZ/@@download/ENCFF544XIZ.fastq.gz; https://www.encodeproject.org/files/ENCFF326MCO/@@download/ENCFF326MCO.fastq.gz; https://www.encodeproject.org/files/ENCFF701TBF/@@download/ENCFF701TBF.fastq.gz,direct released FASTQ assets supplied,https://www.encodeproject.org/files/ENCFF890JKU/@@download/ENCFF890JKU.fastq.gz; https://www.encodeproject.org/files/ENCFF085JIL/@@download/ENCFF085JIL.fastq.gz; https://www.encodeproject.org/files/ENCFF462ZCM/@@download/ENCFF462ZCM.bam; https://www.encodeproject.org/files/ENCFF346BIN/@@download/ENCFF346BIN.bam; https://www.encodeproject.org/files/ENCFF390IWZ/@@download/ENCFF390IWZ.tar.gz; https://www.encodeproject.org/files/ENCFF270GSF/@@download/ENCFF270GSF.bam; https://www.encodeproject.org/files/ENCFF619BXW/@@download/ENCFF619BXW.tar.gz; https://www.encodeproject.org/files/ENCFF322CWG/@@download/ENCFF322CWG.tar.gz; https://www.encodeproject.org/files/ENCFF707JLS/@@download/ENCFF707JLS.tar.gz; https://www.encodeproject.org/files/ENCFF408ESM/@@download/ENCFF408ESM.tar.gz; https://www.encodeproject.org/files/ENCFF639AUM/@@download/ENCFF639AUM.tar.gz,,BAM; FASTQ; GZ; fragment,false,false,true,false,26808649014,exact sum of released ENCODE read and index-read FASTQs,53962767669,exact sum of other released ENCODE component assets,80771416683,public,2026-08-01
ENCODE,ENCSR568QKW,,ENCODE released multiomics series,Homo sapiens heart left ventricle tissue nuclear fraction female adult (46 years),heart left ventricle,Homo sapiens,single-cell RNA sequencing assay; single-nucleus ATAC-seq,true,23120,23120,23120,23120,provider-reported estimated nuclei,,https://www.encodeproject.org/experiments/ENCSR568QKW/,https://www.encodeproject.org/files/ENCFF003ZWX/@@download/ENCFF003ZWX.fastq.gz; https://www.encodeproject.org/files/ENCFF005VCI/@@download/ENCFF005VCI.fastq.gz; https://www.encodeproject.org/files/ENCFF973QFN/@@download/ENCFF973QFN.fastq.gz; https://www.encodeproject.org/files/ENCFF876IVZ/@@download/ENCFF876IVZ.fastq.gz; https://www.encodeproject.org/files/ENCFF581IWS/@@download/ENCFF581IWS.fastq.gz; https://www.encodeproject.org/files/ENCFF056WFF/@@download/ENCFF056WFF.fastq.gz; https://www.encodeproject.org/files/ENCFF411KSY/@@download/ENCFF411KSY.fastq.gz; https://www.encodeproject.org/files/ENCFF870KQA/@@download/ENCFF870KQA.fastq.gz; https://www.encodeproject.org/files/ENCFF105FJT/@@download/ENCFF105FJT.fastq.gz; https://www.encodeproject.org/files/ENCFF971OTQ/@@download/ENCFF971OTQ.fastq.gz,direct released FASTQ assets supplied,https://www.encodeproject.org/files/ENCFF049OQV/@@download/ENCFF049OQV.fastq.gz; https://www.encodeproject.org/files/ENCFF307HAM/@@download/ENCFF307HAM.fastq.gz; https://www.encodeproject.org/files/ENCFF403DEZ/@@download/ENCFF403DEZ.bam; https://www.encodeproject.org/files/ENCFF684CHT/@@download/ENCFF684CHT.bam; https://www.encodeproject.org/files/ENCFF055VIV/@@download/ENCFF055VIV.tar.gz; https://www.encodeproject.org/files/ENCFF998KOF/@@download/ENCFF998KOF.tar.gz; https://www.encodeproject.org/files/ENCFF115PBR/@@download/ENCFF115PBR.bam; https://www.encodeproject.org/files/ENCFF902CTE/@@download/ENCFF902CTE.tar.gz; https://www.encodeproject.org/files/ENCFF392PCC/@@download/ENCFF392PCC.tar.gz; https://www.encodeproject.org/files/ENCFF314GZU/@@download/ENCFF314GZU.tar.gz; https://www.encodeproject.org/files/ENCFF320FXH/@@download/ENCFF320FXH.tar.gz,,BAM; FASTQ; GZ; fragment,false,false,true,false,46065612169,exact sum of released ENCODE read and index-read FASTQs,103147768100,exact sum of other released ENCODE component assets,149213380269,public,2026-08-01
ENCODE,ENCSR570CLE,,ENCODE released multiomics series,Homo sapiens liver tissue nuclear fraction male adult (18 years),liver,Homo sapiens,single-cell RNA sequencing assay; single-nucleus ATAC-seq,true,7321,7321,7321,7321,provider-reported estimated nuclei,,https://www.encodeproject.org/experiments/ENCSR570CLE/,https://www.encodeproject.org/files/ENCFF397JJD/@@download/ENCFF397JJD.fastq.gz; https://www.encodeproject.org/files/ENCFF438VUJ/@@download/ENCFF438VUJ.fastq.gz; https://www.encodeproject.org/files/ENCFF371KZV/@@download/ENCFF371KZV.fastq.gz; https://www.encodeproject.org/files/ENCFF812OAK/@@download/ENCFF812OAK.fastq.gz; https://www.encodeproject.org/files/ENCFF970LKH/@@download/ENCFF970LKH.fastq.gz; https://www.encodeproject.org/files/ENCFF416CWY/@@download/ENCFF416CWY.fastq.gz; https://www.encodeproject.org/files/ENCFF168IXB/@@download/ENCFF168IXB.fastq.gz; https://www.encodeproject.org/files/ENCFF580YIL/@@download/ENCFF580YIL.fastq.gz; https://www.encodeproject.org/files/ENCFF400NDU/@@download/ENCFF400NDU.fastq.gz; https://www.encodeproject.org/files/ENCFF510TBX/@@download/ENCFF510TBX.fastq.gz; https://www.encodeproject.org/files/ENCFF575VMZ/@@download/ENCFF575VMZ.fastq.gz; https://www.encodeproject.org/files/ENCFF209LBX/@@download/ENCFF209LBX.fastq.gz; https://www.encodeproject.org/files/ENCFF674BTA/@@download/ENCFF674BTA.fastq.gz,direct released FASTQ assets supplied,https://www.encodeproject.org/files/ENCFF364DTC/@@download/ENCFF364DTC.fastq.gz; https://www.encodeproject.org/files/ENCFF390LQR/@@download/ENCFF390LQR.fastq.gz; https://www.encodeproject.org/files/ENCFF542WRK/@@download/ENCFF542WRK.bam; https://www.encodeproject.org/files/ENCFF541VUW/@@download/ENCFF541VUW.bam; https://www.encodeproject.org/files/ENCFF397EDU/@@download/ENCFF397EDU.tar.gz; https://www.encodeproject.org/files/ENCFF420TSS/@@download/ENCFF420TSS.bam; https://www.encodeproject.org/files/ENCFF216JYK/@@download/ENCFF216JYK.tar.gz; https://www.encodeproject.org/files/ENCFF549XVL/@@download/ENCFF549XVL.tar.gz; https://www.encodeproject.org/files/ENCFF330OPU/@@download/ENCFF330OPU.tar.gz; https://www.encodeproject.org/files/ENCFF694LSQ/@@download/ENCFF694LSQ.tar.gz; https://www.encodeproject.org/files/ENCFF474LGL/@@download/ENCFF474LGL.tar.gz,,BAM; FASTQ; GZ; fragment,false,false,true,false,49844279414,exact sum of released ENCODE read and index-read FASTQs,125444379014,exact sum of other released ENCODE component assets,175288658428,public,2026-08-01
ENCODE,ENCSR573DJW,,ENCODE released multiomics series,Homo sapiens heart left ventricle tissue nuclear fraction male adult (57 years),heart left ventricle,Homo sapiens,single-cell RNA sequencing assay; single-nucleus ATAC-seq,true,9320,9320,9320,9320,provider-reported estimated nuclei,,https://www.encodeproject.org/experiments/ENCSR573DJW/,https://www.encodeproject.org/files/ENCFF710DKZ/@@download/ENCFF710DKZ.fastq.gz; https://www.encodeproject.org/files/ENCFF327JHV/@@download/ENCFF327JHV.fastq.gz; https://www.encodeproject.org/files/ENCFF412CKW/@@download/ENCFF412CKW.fastq.gz; https://www.encodeproject.org/files/ENCFF563MRG/@@download/ENCFF563MRG.fastq.gz; https://www.encodeproject.org/files/ENCFF145UFL/@@download/ENCFF145UFL.fastq.gz; https://www.encodeproject.org/files/ENCFF040IOB/@@download/ENCFF040IOB.fastq.gz; https://www.encodeproject.org/files/ENCFF067LVY/@@download/ENCFF067LVY.fastq.gz; https://www.encodeproject.org/files/ENCFF893QDX/@@download/ENCFF893QDX.fastq.gz; https://www.encodeproject.org/files/ENCFF250GPW/@@download/ENCFF250GPW.fastq.gz; https://www.encodeproject.org/files/ENCFF826KIK/@@download/ENCFF826KIK.fastq.gz,direct released FASTQ assets supplied,https://www.encodeproject.org/files/ENCFF542YGD/@@download/ENCFF542YGD.fastq.gz; https://www.encodeproject.org/files/ENCFF876BEF/@@download/ENCFF876BEF.fastq.gz; https://www.encodeproject.org/files/ENCFF240RIP/@@download/ENCFF240RIP.bam; https://www.encodeproject.org/files/ENCFF424JDG/@@download/ENCFF424JDG.bam; https://www.encodeproject.org/files/ENCFF426YMY/@@download/ENCFF426YMY.tar.gz; https://www.encodeproject.org/files/ENCFF562LRO/@@download/ENCFF562LRO.bam; https://www.encodeproject.org/files/ENCFF047YYV/@@download/ENCFF047YYV.tar.gz; https://www.encodeproject.org/files/ENCFF507PDS/@@download/ENCFF507PDS.tar.gz; https://www.encodeproject.org/files/ENCFF657DBR/@@download/ENCFF657DBR.tar.gz; https://www.encodeproject.org/files/ENCFF917UJV/@@download/ENCFF917UJV.tar.gz; https://www.encodeproject.org/files/ENCFF480ETF/@@download/ENCFF480ETF.tar.gz,,BAM; FASTQ; GZ; fragment,false,false,true,false,26332408362,exact sum of released ENCODE read and index-read FASTQs,61959851143,exact sum of other released ENCODE component assets,88292259505,public,2026-08-01
ENCODE,ENCSR579NBU,,ENCODE released multiomics series,Homo sapiens uterus tissue nuclear fraction female adult (59 years),uterus,Homo sapiens,single-cell RNA sequencing assay; single-nucleus ATAC-seq,true,15146,15146,15146,15146,provider-reported estimated nuclei,,https://www.encodeproject.org/experiments/ENCSR579NBU/,https://www.encodeproject.org/files/ENCFF320PWN/@@download/ENCFF320PWN.fastq.gz; https://www.encodeproject.org/files/ENCFF477OZU/@@download/ENCFF477OZU.fastq.gz; https://www.encodeproject.org/files/ENCFF695WCO/@@download/ENCFF695WCO.fastq.gz; https://www.encodeproject.org/files/ENCFF638TNW/@@download/ENCFF638TNW.fastq.gz; https://www.encodeproject.org/files/ENCFF200ICZ/@@download/ENCFF200ICZ.fastq.gz; https://www.encodeproject.org/files/ENCFF210VQA/@@download/ENCFF210VQA.fastq.gz; https://www.encodeproject.org/files/ENCFF035RUK/@@download/ENCFF035RUK.fastq.gz; https://www.encodeproject.org/files/ENCFF384DNR/@@download/ENCFF384DNR.fastq.gz; https://www.encodeproject.org/files/ENCFF397FVA/@@download/ENCFF397FVA.fastq.gz; https://www.encodeproject.org/files/ENCFF781HJS/@@download/ENCFF781HJS.fastq.gz,direct released FASTQ assets supplied,https://www.encodeproject.org/files/ENCFF199KLU/@@download/ENCFF199KLU.fastq.gz; https://www.encodeproject.org/files/ENCFF830KKN/@@download/ENCFF830KKN.fastq.gz; https://www.encodeproject.org/files/ENCFF104TRB/@@download/ENCFF104TRB.bam; https://www.encodeproject.org/files/ENCFF789CIW/@@download/ENCFF789CIW.bam; https://www.encodeproject.org/files/ENCFF403BDC/@@download/ENCFF403BDC.tar.gz; https://www.encodeproject.org/files/ENCFF962ATV/@@download/ENCFF962ATV.tar.gz; https://www.encodeproject.org/files/ENCFF643OMB/@@download/ENCFF643OMB.tar.gz; https://www.encodeproject.org/files/ENCFF863XRV/@@download/ENCFF863XRV.bam; https://www.encodeproject.org/files/ENCFF573BTC/@@download/ENCFF573BTC.tar.gz; https://www.encodeproject.org/files/ENCFF927SUR/@@download/ENCFF927SUR.tar.gz; https://www.encodeproject.org/files/ENCFF128ZNY/@@download/ENCFF128ZNY.tar.gz,,BAM; FASTQ; GZ; fragment,false,false,true,false,31395401488,exact sum of released ENCODE read and index-read FASTQs,78864049837,exact sum of other released ENCODE component assets,110259451325,public,2026-08-01
ENCODE,ENCSR584MBU,,ENCODE released multiomics series,Mus musculus strain B6CASTF1/J gastrocnemius tissue nuclear fraction female adult (2 months),gastrocnemius,Mus musculus,single-cell RNA sequencing assay; single-nucleus ATAC-seq,true,9225,9225,9225,9225,provider-reported estimated nuclei,,https://www.encodeproject.org/experiments/ENCSR584MBU/,https://www.encodeproject.org/files/ENCFF252KPN/@@download/ENCFF252KPN.fastq.gz; https://www.encodeproject.org/files/ENCFF864LUQ/@@download/ENCFF864LUQ.fastq.gz; https://www.encodeproject.org/files/ENCFF381WHX/@@download/ENCFF381WHX.fastq.gz; https://www.encodeproject.org/files/ENCFF963BTZ/@@download/ENCFF963BTZ.fastq.gz; https://www.encodeproject.org/files/ENCFF446WVE/@@download/ENCFF446WVE.fastq.gz; https://www.encodeproject.org/files/ENCFF785YUG/@@download/ENCFF785YUG.fastq.gz; https://www.encodeproject.org/files/ENCFF135RHC/@@download/ENCFF135RHC.fastq.gz; https://www.encodeproject.org/files/ENCFF346GMM/@@download/ENCFF346GMM.fastq.gz; https://www.encodeproject.org/files/ENCFF404HNR/@@download/ENCFF404HNR.fastq.gz; https://www.encodeproject.org/files/ENCFF384WJE/@@download/ENCFF384WJE.fastq.gz,direct released FASTQ assets supplied,https://www.encodeproject.org/files/ENCFF378ADZ/@@download/ENCFF378ADZ.fastq.gz; https://www.encodeproject.org/files/ENCFF930TLG/@@download/ENCFF930TLG.fastq.gz; https://www.encodeproject.org/files/ENCFF665RNS/@@download/ENCFF665RNS.bam; https://www.encodeproject.org/files/ENCFF105YDC/@@download/ENCFF105YDC.bam; https://www.encodeproject.org/files/ENCFF324WYO/@@download/ENCFF324WYO.tar.gz; https://www.encodeproject.org/files/ENCFF647UXG/@@download/ENCFF647UXG.bam; https://www.encodeproject.org/files/ENCFF859FZB/@@download/ENCFF859FZB.tar.gz; https://www.encodeproject.org/files/ENCFF947XZU/@@download/ENCFF947XZU.tar.gz; https://www.encodeproject.org/files/ENCFF343ZTW/@@download/ENCFF343ZTW.tar.gz; https://www.encodeproject.org/files/ENCFF229GFN/@@download/ENCFF229GFN.tar.gz; https://www.encodeproject.org/files/ENCFF571XTK/@@download/ENCFF571XTK.tar.gz,,BAM; FASTQ; GZ; fragment,false,false,true,false,30157945954,exact sum of released ENCODE read and index-read FASTQs,63078727132,exact sum of other released ENCODE component assets,93236673086,public,2026-08-01
ENCODE,ENCSR601VZY,,ENCODE released multiomics series,Mus musculus strain B6CASTF1/J left cerebral cortex tissue nuclear fraction female adult (2 months),left cerebral cortex,Mus musculus,single-cell RNA sequencing assay; single-nucleus ATAC-seq,true,10565,10565,10565,10565,provider-reported estimated nuclei,,https://www.encodeproject.org/experiments/ENCSR601VZY/,https://www.encodeproject.org/files/ENCFF255LRE/@@download/ENCFF255LRE.fastq.gz; https://www.encodeproject.org/files/ENCFF299ZJM/@@download/ENCFF299ZJM.fastq.gz; https://www.encodeproject.org/files/ENCFF685LDC/@@download/ENCFF685LDC.fastq.gz; https://www.encodeproject.org/files/ENCFF454ECE/@@download/ENCFF454ECE.fastq.gz; https://www.encodeproject.org/files/ENCFF250XTJ/@@download/ENCFF250XTJ.fastq.gz; https://www.encodeproject.org/files/ENCFF621UTK/@@download/ENCFF621UTK.fastq.gz; https://www.encodeproject.org/files/ENCFF227EXH/@@download/ENCFF227EXH.fastq.gz; https://www.encodeproject.org/files/ENCFF747UCC/@@download/ENCFF747UCC.fastq.gz; https://www.encodeproject.org/files/ENCFF375FKH/@@download/ENCFF375FKH.fastq.gz; https://www.encodeproject.org/files/ENCFF569IDG/@@download/ENCFF569IDG.fastq.gz,direct released FASTQ assets supplied,https://www.encodeproject.org/files/ENCFF695WVJ/@@download/ENCFF695WVJ.fastq.gz; https://www.encodeproject.org/files/ENCFF436OAD/@@download/ENCFF436OAD.fastq.gz; https://www.encodeproject.org/files/ENCFF901HHO/@@download/ENCFF901HHO.bam; https://www.encodeproject.org/files/ENCFF563SCK/@@download/ENCFF563SCK.bam; https://www.encodeproject.org/files/ENCFF111TDK/@@download/ENCFF111TDK.tar.gz; https://www.encodeproject.org/files/ENCFF396UPV/@@download/ENCFF396UPV.tar.gz; https://www.encodeproject.org/files/ENCFF817WXC/@@download/ENCFF817WXC.tar.gz; https://www.encodeproject.org/files/ENCFF459QEO/@@download/ENCFF459QEO.tar.gz; https://www.encodeproject.org/files/ENCFF674LLI/@@download/ENCFF674LLI.tar.gz; https://www.encodeproject.org/files/ENCFF747NIT/@@download/ENCFF747NIT.bam; https://www.encodeproject.org/files/ENCFF401LGU/@@download/ENCFF401LGU.tar.gz,,BAM; FASTQ; GZ; fragment,false,false,true,false,22392893208,exact sum of released ENCODE read and index-read FASTQs,45874653743,exact sum of other released ENCODE component assets,68267546951,public,2026-08-01
ENCODE,ENCSR613LBN,,ENCODE released multiomics series,Homo sapiens left cardiac atrium tissue nuclear fraction male adult (60 years),left cardiac atrium,Homo sapiens,single-cell RNA sequencing assay; single-nucleus ATAC-seq,true,13718,13718,13718,13718,provider-reported estimated nuclei,,https://www.encodeproject.org/experiments/ENCSR613LBN/,https://www.encodeproject.org/files/ENCFF403FCP/@@download/ENCFF403FCP.fastq.gz; https://www.encodeproject.org/files/ENCFF943IRC/@@download/ENCFF943IRC.fastq.gz; https://www.encodeproject.org/files/ENCFF804PPB/@@download/ENCFF804PPB.fastq.gz; https://www.encodeproject.org/files/ENCFF924CXJ/@@download/ENCFF924CXJ.fastq.gz; https://www.encodeproject.org/files/ENCFF313MBJ/@@download/ENCFF313MBJ.fastq.gz; https://www.encodeproject.org/files/ENCFF613OQQ/@@download/ENCFF613OQQ.fastq.gz; https://www.encodeproject.org/files/ENCFF162GQO/@@download/ENCFF162GQO.fastq.gz; https://www.encodeproject.org/files/ENCFF139UOI/@@download/ENCFF139UOI.fastq.gz; https://www.encodeproject.org/files/ENCFF777TRD/@@download/ENCFF777TRD.fastq.gz; https://www.encodeproject.org/files/ENCFF388DMN/@@download/ENCFF388DMN.fastq.gz,direct released FASTQ assets supplied,https://www.encodeproject.org/files/ENCFF902CZA/@@download/ENCFF902CZA.fastq.gz; https://www.encodeproject.org/files/ENCFF516YWC/@@download/ENCFF516YWC.fastq.gz; https://www.encodeproject.org/files/ENCFF019RXD/@@download/ENCFF019RXD.bam; https://www.encodeproject.org/files/ENCFF590CCZ/@@download/ENCFF590CCZ.bam; https://www.encodeproject.org/files/ENCFF035RFS/@@download/ENCFF035RFS.tar.gz; https://www.encodeproject.org/files/ENCFF278PYZ/@@download/ENCFF278PYZ.tar.gz; https://www.encodeproject.org/files/ENCFF546SAM/@@download/ENCFF546SAM.tar.gz; https://www.encodeproject.org/files/ENCFF569FPJ/@@download/ENCFF569FPJ.tar.gz; https://www.encodeproject.org/files/ENCFF725VAP/@@download/ENCFF725VAP.bam; https://www.encodeproject.org/files/ENCFF596XYY/@@download/ENCFF596XYY.tar.gz; https://www.encodeproject.org/files/ENCFF964JXD/@@download/ENCFF964JXD.tar.gz,,BAM; FASTQ; GZ; fragment,false,false,true,false,44631564045,exact sum of released ENCODE read and index-read FASTQs,100635138730,exact sum of other released ENCODE component assets,145266702775,public,2026-08-01
ENCODE,ENCSR616MKL,,ENCODE released multiomics series,Mus musculus strain B6CASTF1/J adrenal gland tissue nuclear fraction male postnatal (14 days),adrenal gland,Mus musculus,single-cell RNA sequencing assay; single-nucleus ATAC-seq,true,5549,5549,5549,5549,provider-reported estimated nuclei,,https://www.encodeproject.org/experiments/ENCSR616MKL/,https://www.encodeproject.org/files/ENCFF378ONR/@@download/ENCFF378ONR.fastq.gz; https://www.encodeproject.org/files/ENCFF214LSQ/@@download/ENCFF214LSQ.fastq.gz; https://www.encodeproject.org/files/ENCFF796QBL/@@download/ENCFF796QBL.fastq.gz; https://www.encodeproject.org/files/ENCFF968FWJ/@@download/ENCFF968FWJ.fastq.gz; https://www.encodeproject.org/files/ENCFF274QKP/@@download/ENCFF274QKP.fastq.gz; https://www.encodeproject.org/files/ENCFF156LRY/@@download/ENCFF156LRY.fastq.gz; https://www.encodeproject.org/files/ENCFF085DGF/@@download/ENCFF085DGF.fastq.gz; https://www.encodeproject.org/files/ENCFF924VRD/@@download/ENCFF924VRD.fastq.gz; https://www.encodeproject.org/files/ENCFF982IGW/@@download/ENCFF982IGW.fastq.gz; https://www.encodeproject.org/files/ENCFF548TAA/@@download/ENCFF548TAA.fastq.gz,direct released FASTQ assets supplied,https://www.encodeproject.org/files/ENCFF810YOF/@@download/ENCFF810YOF.fastq.gz; https://www.encodeproject.org/files/ENCFF553TYX/@@download/ENCFF553TYX.fastq.gz; https://www.encodeproject.org/files/ENCFF122IDO/@@download/ENCFF122IDO.bam; https://www.encodeproject.org/files/ENCFF345ETH/@@download/ENCFF345ETH.bam; https://www.encodeproject.org/files/ENCFF042ZJI/@@download/ENCFF042ZJI.tar.gz; https://www.encodeproject.org/files/ENCFF215RLD/@@download/ENCFF215RLD.bam; https://www.encodeproject.org/files/ENCFF174AXR/@@download/ENCFF174AXR.tar.gz; https://www.encodeproject.org/files/ENCFF325ACA/@@download/ENCFF325ACA.tar.gz; https://www.encodeproject.org/files/ENCFF847YKB/@@download/ENCFF847YKB.tar.gz; https://www.encodeproject.org/files/ENCFF492ORZ/@@download/ENCFF492ORZ.tar.gz; https://www.encodeproject.org/files/ENCFF621SSR/@@download/ENCFF621SSR.tar.gz,,BAM; FASTQ; GZ; fragment,false,false,true,false,28876101027,exact sum of released ENCODE read and index-read FASTQs,59119554592,exact sum of other released ENCODE component assets,87995655619,public,2026-08-01
ENCODE,ENCSR618WVK,,ENCODE released multiomics series,Homo sapiens left lobe of liver tissue nuclear fraction male adult (45 years),left lobe of liver,Homo sapiens,single-cell RNA sequencing assay; single-nucleus ATAC-seq,true,20038,20038,20038,20038,provider-reported estimated nuclei,,https://www.encodeproject.org/experiments/ENCSR618WVK/,https://www.encodeproject.org/files/ENCFF649BLI/@@download/ENCFF649BLI.fastq.gz; https://www.encodeproject.org/files/ENCFF183VRB/@@download/ENCFF183VRB.fastq.gz; https://www.encodeproject.org/files/ENCFF725XHC/@@download/ENCFF725XHC.fastq.gz; https://www.encodeproject.org/files/ENCFF098GEU/@@download/ENCFF098GEU.fastq.gz; https://www.encodeproject.org/files/ENCFF463BJF/@@download/ENCFF463BJF.fastq.gz; https://www.encodeproject.org/files/ENCFF828NXL/@@download/ENCFF828NXL.fastq.gz; https://www.encodeproject.org/files/ENCFF579PTX/@@download/ENCFF579PTX.fastq.gz; https://www.encodeproject.org/files/ENCFF907MUD/@@download/ENCFF907MUD.fastq.gz; https://www.encodeproject.org/files/ENCFF923ZAO/@@download/ENCFF923ZAO.fastq.gz; https://www.encodeproject.org/files/ENCFF793AYK/@@download/ENCFF793AYK.fastq.gz,direct released FASTQ assets supplied,https://www.encodeproject.org/files/ENCFF355XZE/@@download/ENCFF355XZE.fastq.gz; https://www.encodeproject.org/files/ENCFF726ZOM/@@download/ENCFF726ZOM.fastq.gz; https://www.encodeproject.org/files/ENCFF718QHK/@@download/ENCFF718QHK.bam; https://www.encodeproject.org/files/ENCFF093FYX/@@download/ENCFF093FYX.bam; https://www.encodeproject.org/files/ENCFF240WBA/@@download/ENCFF240WBA.tar.gz; https://www.encodeproject.org/files/ENCFF541VFH/@@download/ENCFF541VFH.bam; https://www.encodeproject.org/files/ENCFF429WMQ/@@download/ENCFF429WMQ.tar.gz; https://www.encodeproject.org/files/ENCFF643YRS/@@download/ENCFF643YRS.tar.gz; https://www.encodeproject.org/files/ENCFF038QBW/@@download/ENCFF038QBW.tar.gz; https://www.encodeproject.org/files/ENCFF596PFE/@@download/ENCFF596PFE.tar.gz; https://www.encodeproject.org/files/ENCFF693XBN/@@download/ENCFF693XBN.tar.gz,,BAM; FASTQ; GZ; fragment,false,false,true,false,42973066752,exact sum of released ENCODE read and index-read FASTQs,104592734502,exact sum of other released ENCODE component assets,147565801254,public,2026-08-01
ENCODE,ENCSR623PHF,,ENCODE released multiomics series,Homo sapiens heart left ventricle tissue nuclear fraction male adult (39 years),heart left ventricle,Homo sapiens,single-cell RNA sequencing assay; single-nucleus ATAC-seq,true,26156,26156,26156,26156,provider-reported estimated nuclei,,https://www.encodeproject.org/experiments/ENCSR623PHF/,https://www.encodeproject.org/files/ENCFF429SQV/@@download/ENCFF429SQV.fastq.gz; https://www.encodeproject.org/files/ENCFF753JSR/@@download/ENCFF753JSR.fastq.gz; https://www.encodeproject.org/files/ENCFF068JSI/@@download/ENCFF068JSI.fastq.gz; https://www.encodeproject.org/files/ENCFF941WXI/@@download/ENCFF941WXI.fastq.gz; https://www.encodeproject.org/files/ENCFF643QNS/@@download/ENCFF643QNS.fastq.gz; https://www.encodeproject.org/files/ENCFF051OKJ/@@download/ENCFF051OKJ.fastq.gz; https://www.encodeproject.org/files/ENCFF742LPN/@@download/ENCFF742LPN.fastq.gz; https://www.encodeproject.org/files/ENCFF132EBJ/@@download/ENCFF132EBJ.fastq.gz; https://www.encodeproject.org/files/ENCFF836XXF/@@download/ENCFF836XXF.fastq.gz; https://www.encodeproject.org/files/ENCFF578CQJ/@@download/ENCFF578CQJ.fastq.gz; https://www.encodeproject.org/files/ENCFF070RFH/@@download/ENCFF070RFH.fastq.gz; https://www.encodeproject.org/files/ENCFF731SBP/@@download/ENCFF731SBP.fastq.gz; https://www.encodeproject.org/files/ENCFF864ILT/@@download/ENCFF864ILT.fastq.gz; https://www.encodeproject.org/files/ENCFF581IBO/@@download/ENCFF581IBO.fastq.gz; https://www.encodeproject.org/files/ENCFF687VPX/@@download/ENCFF687VPX.fastq.gz; https://www.encodeproject.org/files/ENCFF831YBR/@@download/ENCFF831YBR.fastq.gz; https://www.encodeproject.org/files/ENCFF606KBS/@@download/ENCFF606KBS.fastq.gz; https://www.encodeproject.org/files/ENCFF141KID/@@download/ENCFF141KID.fastq.gz; https://www.encodeproject.org/files/ENCFF030TKW/@@download/ENCFF030TKW.fastq.gz; https://www.encodeproject.org/files/ENCFF128TKX/@@download/ENCFF128TKX.fastq.gz,direct released FASTQ assets supplied,https://www.encodeproject.org/files/ENCFF198IHY/@@download/ENCFF198IHY.fastq.gz; https://www.encodeproject.org/files/ENCFF683INK/@@download/ENCFF683INK.fastq.gz; https://www.encodeproject.org/files/ENCFF474RMJ/@@download/ENCFF474RMJ.bam; https://www.encodeproject.org/files/ENCFF997VTM/@@download/ENCFF997VTM.bam; https://www.encodeproject.org/files/ENCFF646MWY/@@download/ENCFF646MWY.tar.gz; https://www.encodeproject.org/files/ENCFF137QKK/@@download/ENCFF137QKK.bam; https://www.encodeproject.org/files/ENCFF322INV/@@download/ENCFF322INV.tar.gz; https://www.encodeproject.org/files/ENCFF720QFR/@@download/ENCFF720QFR.tar.gz; https://www.encodeproject.org/files/ENCFF542TGC/@@download/ENCFF542TGC.tar.gz; https://www.encodeproject.org/files/ENCFF568GHX/@@download/ENCFF568GHX.tar.gz; https://www.encodeproject.org/files/ENCFF839GRA/@@download/ENCFF839GRA.tar.gz,,BAM; FASTQ; GZ; fragment,false,false,true,false,58195068191,exact sum of released ENCODE read and index-read FASTQs,124611820100,exact sum of other released ENCODE component assets,182806888291,public,2026-08-01
ENCODE,ENCSR629CZM,,ENCODE released multiomics series,Homo sapiens heart left ventricle tissue nuclear fraction male adult (65 years),heart left ventricle,Homo sapiens,single-cell RNA sequencing assay; single-nucleus ATAC-seq,true,15054,15054,15054,15054,provider-reported estimated nuclei,,https://www.encodeproject.org/experiments/ENCSR629CZM/,https://www.encodeproject.org/files/ENCFF830TZA/@@download/ENCFF830TZA.fastq.gz; https://www.encodeproject.org/files/ENCFF371WLX/@@download/ENCFF371WLX.fastq.gz; https://www.encodeproject.org/files/ENCFF762WVQ/@@download/ENCFF762WVQ.fastq.gz; https://www.encodeproject.org/files/ENCFF066HQL/@@download/ENCFF066HQL.fastq.gz; https://www.encodeproject.org/files/ENCFF987JPZ/@@download/ENCFF987JPZ.fastq.gz; https://www.encodeproject.org/files/ENCFF332KVE/@@download/ENCFF332KVE.fastq.gz; https://www.encodeproject.org/files/ENCFF496WIA/@@download/ENCFF496WIA.fastq.gz; https://www.encodeproject.org/files/ENCFF892SDA/@@download/ENCFF892SDA.fastq.gz; https://www.encodeproject.org/files/ENCFF692QJQ/@@download/ENCFF692QJQ.fastq.gz; https://www.encodeproject.org/files/ENCFF132WVI/@@download/ENCFF132WVI.fastq.gz; https://www.encodeproject.org/files/ENCFF857QMX/@@download/ENCFF857QMX.fastq.gz; https://www.encodeproject.org/files/ENCFF813ZEX/@@download/ENCFF813ZEX.fastq.gz; https://www.encodeproject.org/files/ENCFF542PVM/@@download/ENCFF542PVM.fastq.gz; https://www.encodeproject.org/files/ENCFF990SFA/@@download/ENCFF990SFA.fastq.gz; https://www.encodeproject.org/files/ENCFF336JIT/@@download/ENCFF336JIT.fastq.gz; https://www.encodeproject.org/files/ENCFF015CTJ/@@download/ENCFF015CTJ.fastq.gz; https://www.encodeproject.org/files/ENCFF421FRU/@@download/ENCFF421FRU.fastq.gz; https://www.encodeproject.org/files/ENCFF356JKV/@@download/ENCFF356JKV.fastq.gz; https://www.encodeproject.org/files/ENCFF261RMT/@@download/ENCFF261RMT.fastq.gz; https://www.encodeproject.org/files/ENCFF751VEG/@@download/ENCFF751VEG.fastq.gz,direct released FASTQ assets supplied,https://www.encodeproject.org/files/ENCFF819HZG/@@download/ENCFF819HZG.fastq.gz; https://www.encodeproject.org/files/ENCFF774OWT/@@download/ENCFF774OWT.fastq.gz; https://www.encodeproject.org/files/ENCFF794VGL/@@download/ENCFF794VGL.bam; https://www.encodeproject.org/files/ENCFF862KPC/@@download/ENCFF862KPC.bam; https://www.encodeproject.org/files/ENCFF129SAX/@@download/ENCFF129SAX.tar.gz; https://www.encodeproject.org/files/ENCFF679UQW/@@download/ENCFF679UQW.bam; https://www.encodeproject.org/files/ENCFF958PQA/@@download/ENCFF958PQA.tar.gz; https://www.encodeproject.org/files/ENCFF286MIT/@@download/ENCFF286MIT.tar.gz; https://www.encodeproject.org/files/ENCFF992HFX/@@download/ENCFF992HFX.tar.gz; https://www.encodeproject.org/files/ENCFF989JHC/@@download/ENCFF989JHC.tar.gz; https://www.encodeproject.org/files/ENCFF429HVH/@@download/ENCFF429HVH.tar.gz,,BAM; FASTQ; GZ; fragment,false,false,true,false,45252355338,exact sum of released ENCODE read and index-read FASTQs,91770610859,exact sum of other released ENCODE component assets,137022966197,public,2026-08-01
ENCODE,ENCSR636WIB,,ENCODE released multiomics series,Homo sapiens mucosa of descending colon tissue nuclear fraction female adult (61 years),mucosa of descending colon,Homo sapiens,single-cell RNA sequencing assay; single-nucleus ATAC-seq,true,5696,5696,5696,5696,provider-reported estimated nuclei,,https://www.encodeproject.org/experiments/ENCSR636WIB/,https://www.encodeproject.org/files/ENCFF216KOO/@@download/ENCFF216KOO.fastq.gz; https://www.encodeproject.org/files/ENCFF060PTN/@@download/ENCFF060PTN.fastq.gz; https://www.encodeproject.org/files/ENCFF804YGO/@@download/ENCFF804YGO.fastq.gz; https://www.encodeproject.org/files/ENCFF141RAF/@@download/ENCFF141RAF.fastq.gz; https://www.encodeproject.org/files/ENCFF916ZFN/@@download/ENCFF916ZFN.fastq.gz; https://www.encodeproject.org/files/ENCFF346DJR/@@download/ENCFF346DJR.fastq.gz; https://www.encodeproject.org/files/ENCFF305RLV/@@download/ENCFF305RLV.fastq.gz; https://www.encodeproject.org/files/ENCFF796AXA/@@download/ENCFF796AXA.fastq.gz; https://www.encodeproject.org/files/ENCFF949JKC/@@download/ENCFF949JKC.fastq.gz; https://www.encodeproject.org/files/ENCFF915LJJ/@@download/ENCFF915LJJ.fastq.gz,direct released FASTQ assets supplied,https://www.encodeproject.org/files/ENCFF623GRT/@@download/ENCFF623GRT.fastq.gz; https://www.encodeproject.org/files/ENCFF812LOV/@@download/ENCFF812LOV.fastq.gz; https://www.encodeproject.org/files/ENCFF221TMS/@@download/ENCFF221TMS.bam; https://www.encodeproject.org/files/ENCFF413EEU/@@download/ENCFF413EEU.bam; https://www.encodeproject.org/files/ENCFF218LJA/@@download/ENCFF218LJA.tar.gz; https://www.encodeproject.org/files/ENCFF934KWA/@@download/ENCFF934KWA.bam; https://www.encodeproject.org/files/ENCFF922TGC/@@download/ENCFF922TGC.tar.gz; https://www.encodeproject.org/files/ENCFF656EXX/@@download/ENCFF656EXX.tar.gz; https://www.encodeproject.org/files/ENCFF643JXD/@@download/ENCFF643JXD.tar.gz; https://www.encodeproject.org/files/ENCFF637JIH/@@download/ENCFF637JIH.tar.gz; https://www.encodeproject.org/files/ENCFF975HAC/@@download/ENCFF975HAC.tar.gz,,BAM; FASTQ; GZ; fragment,false,false,true,false,26286802589,exact sum of released ENCODE read and index-read FASTQs,86669118905,exact sum of other released ENCODE component assets,112955921494,public,2026-08-01
ENCODE,ENCSR638WYG,,ENCODE released multiomics series,Mus musculus strain B6CASTF1/J left cerebral cortex tissue nuclear fraction male adult (2 months),left cerebral cortex,Mus musculus,single-cell RNA sequencing assay; single-nucleus ATAC-seq,true,6215,6215,6215,6215,provider-reported estimated nuclei,,https://www.encodeproject.org/experiments/ENCSR638WYG/,https://www.encodeproject.org/files/ENCFF594WUU/@@download/ENCFF594WUU.fastq.gz; https://www.encodeproject.org/files/ENCFF960QTA/@@download/ENCFF960QTA.fastq.gz; https://www.encodeproject.org/files/ENCFF565OLH/@@download/ENCFF565OLH.fastq.gz; https://www.encodeproject.org/files/ENCFF094VMO/@@download/ENCFF094VMO.fastq.gz; https://www.encodeproject.org/files/ENCFF048ZBD/@@download/ENCFF048ZBD.fastq.gz; https://www.encodeproject.org/files/ENCFF831GUM/@@download/ENCFF831GUM.fastq.gz; https://www.encodeproject.org/files/ENCFF910KZT/@@download/ENCFF910KZT.fastq.gz; https://www.encodeproject.org/files/ENCFF754DYA/@@download/ENCFF754DYA.fastq.gz; https://www.encodeproject.org/files/ENCFF690ZPV/@@download/ENCFF690ZPV.fastq.gz; https://www.encodeproject.org/files/ENCFF555OYY/@@download/ENCFF555OYY.fastq.gz,direct released FASTQ assets supplied,https://www.encodeproject.org/files/ENCFF684XHI/@@download/ENCFF684XHI.fastq.gz; https://www.encodeproject.org/files/ENCFF522DGV/@@download/ENCFF522DGV.fastq.gz; https://www.encodeproject.org/files/ENCFF659RFZ/@@download/ENCFF659RFZ.bam; https://www.encodeproject.org/files/ENCFF501ZZU/@@download/ENCFF501ZZU.bam; https://www.encodeproject.org/files/ENCFF507SZV/@@download/ENCFF507SZV.tar.gz; https://www.encodeproject.org/files/ENCFF233PGD/@@download/ENCFF233PGD.bam; https://www.encodeproject.org/files/ENCFF387HVL/@@download/ENCFF387HVL.tar.gz; https://www.encodeproject.org/files/ENCFF820YHM/@@download/ENCFF820YHM.tar.gz; https://www.encodeproject.org/files/ENCFF493KLP/@@download/ENCFF493KLP.tar.gz; https://www.encodeproject.org/files/ENCFF976NZD/@@download/ENCFF976NZD.tar.gz; https://www.encodeproject.org/files/ENCFF279USZ/@@download/ENCFF279USZ.tar.gz,,BAM; FASTQ; GZ; fragment,false,false,true,false,30398251754,exact sum of released ENCODE read and index-read FASTQs,61297302520,exact sum of other released ENCODE component assets,91695554274,public,2026-08-01
ENCODE,ENCSR648KQI,,ENCODE released multiomics series,Mus musculus strain B6CASTF1/J gastrocnemius tissue nuclear fraction male adult (2 months),gastrocnemius,Mus musculus,single-cell RNA sequencing assay; single-nucleus ATAC-seq,true,11775,11775,11775,11775,provider-reported estimated nuclei,,https://www.encodeproject.org/experiments/ENCSR648KQI/,https://www.encodeproject.org/files/ENCFF466FRX/@@download/ENCFF466FRX.fastq.gz; https://www.encodeproject.org/files/ENCFF349NBT/@@download/ENCFF349NBT.fastq.gz; https://www.encodeproject.org/files/ENCFF563IIU/@@download/ENCFF563IIU.fastq.gz; https://www.encodeproject.org/files/ENCFF267ITB/@@download/ENCFF267ITB.fastq.gz; https://www.encodeproject.org/files/ENCFF685GXR/@@download/ENCFF685GXR.fastq.gz; https://www.encodeproject.org/files/ENCFF713CLO/@@download/ENCFF713CLO.fastq.gz; https://www.encodeproject.org/files/ENCFF277LMG/@@download/ENCFF277LMG.fastq.gz; https://www.encodeproject.org/files/ENCFF547ZAU/@@download/ENCFF547ZAU.fastq.gz; https://www.encodeproject.org/files/ENCFF339KEA/@@download/ENCFF339KEA.fastq.gz; https://www.encodeproject.org/files/ENCFF850ION/@@download/ENCFF850ION.fastq.gz,direct released FASTQ assets supplied,https://www.encodeproject.org/files/ENCFF292LWW/@@download/ENCFF292LWW.fastq.gz; https://www.encodeproject.org/files/ENCFF850KTY/@@download/ENCFF850KTY.fastq.gz; https://www.encodeproject.org/files/ENCFF101QCQ/@@download/ENCFF101QCQ.bam; https://www.encodeproject.org/files/ENCFF201OAK/@@download/ENCFF201OAK.bam; https://www.encodeproject.org/files/ENCFF612CUQ/@@download/ENCFF612CUQ.tar.gz; https://www.encodeproject.org/files/ENCFF786TTY/@@download/ENCFF786TTY.bam; https://www.encodeproject.org/files/ENCFF019XRG/@@download/ENCFF019XRG.tar.gz; https://www.encodeproject.org/files/ENCFF788GTH/@@download/ENCFF788GTH.tar.gz; https://www.encodeproject.org/files/ENCFF312OYD/@@download/ENCFF312OYD.tar.gz; https://www.encodeproject.org/files/ENCFF774ONU/@@download/ENCFF774ONU.tar.gz; https://www.encodeproject.org/files/ENCFF489ZUW/@@download/ENCFF489ZUW.tar.gz,,BAM; FASTQ; GZ; fragment,false,false,true,false,30393572168,exact sum of released ENCODE read and index-read FASTQs,60204294164,exact sum of other released ENCODE component assets,90597866332,public,2026-08-01
ENCODE,ENCSR650UPV,,ENCODE released multiomics series,Homo sapiens liver tissue nuclear fraction male adult (31 years),liver,Homo sapiens,single-cell RNA sequencing assay; single-nucleus ATAC-seq,true,2360,2360,2360,2360,provider-reported estimated nuclei,,https://www.encodeproject.org/experiments/ENCSR650UPV/,https://www.encodeproject.org/files/ENCFF551VJV/@@download/ENCFF551VJV.fastq.gz; https://www.encodeproject.org/files/ENCFF742DYQ/@@download/ENCFF742DYQ.fastq.gz; https://www.encodeproject.org/files/ENCFF584NVU/@@download/ENCFF584NVU.fastq.gz; https://www.encodeproject.org/files/ENCFF503RSW/@@download/ENCFF503RSW.fastq.gz; https://www.encodeproject.org/files/ENCFF769VAZ/@@download/ENCFF769VAZ.fastq.gz; https://www.encodeproject.org/files/ENCFF328HWB/@@download/ENCFF328HWB.fastq.gz; https://www.encodeproject.org/files/ENCFF021YEI/@@download/ENCFF021YEI.fastq.gz; https://www.encodeproject.org/files/ENCFF568DTR/@@download/ENCFF568DTR.fastq.gz; https://www.encodeproject.org/files/ENCFF686UDM/@@download/ENCFF686UDM.fastq.gz; https://www.encodeproject.org/files/ENCFF288LGP/@@download/ENCFF288LGP.fastq.gz; https://www.encodeproject.org/files/ENCFF499UEP/@@download/ENCFF499UEP.fastq.gz; https://www.encodeproject.org/files/ENCFF758KFY/@@download/ENCFF758KFY.fastq.gz; https://www.encodeproject.org/files/ENCFF587AMJ/@@download/ENCFF587AMJ.fastq.gz,direct released FASTQ assets supplied,https://www.encodeproject.org/files/ENCFF144BTR/@@download/ENCFF144BTR.fastq.gz; https://www.encodeproject.org/files/ENCFF634WSV/@@download/ENCFF634WSV.fastq.gz; https://www.encodeproject.org/files/ENCFF349YOZ/@@download/ENCFF349YOZ.bam; https://www.encodeproject.org/files/ENCFF674BWR/@@download/ENCFF674BWR.bam; https://www.encodeproject.org/files/ENCFF375OTA/@@download/ENCFF375OTA.tar.gz; https://www.encodeproject.org/files/ENCFF130CBV/@@download/ENCFF130CBV.bam; https://www.encodeproject.org/files/ENCFF022XWW/@@download/ENCFF022XWW.tar.gz; https://www.encodeproject.org/files/ENCFF133HRL/@@download/ENCFF133HRL.tar.gz; https://www.encodeproject.org/files/ENCFF093HVE/@@download/ENCFF093HVE.tar.gz; https://www.encodeproject.org/files/ENCFF245NYT/@@download/ENCFF245NYT.tar.gz; https://www.encodeproject.org/files/ENCFF953VJL/@@download/ENCFF953VJL.tar.gz,,BAM; FASTQ; GZ; fragment,false,false,true,false,39219363947,exact sum of released ENCODE read and index-read FASTQs,113192385443,exact sum of other released ENCODE component assets,152411749390,public,2026-08-01
ENCODE,ENCSR662XCU,,ENCODE released multiomics series,Homo sapiens adrenal gland tissue nuclear fraction female child (16 years),adrenal gland,Homo sapiens,single-cell RNA sequencing assay; single-nucleus ATAC-seq,true,15708,15708,15708,15708,provider-reported estimated nuclei,,https://www.encodeproject.org/experiments/ENCSR662XCU/,https://www.encodeproject.org/files/ENCFF853WTH/@@download/ENCFF853WTH.fastq.gz; https://www.encodeproject.org/files/ENCFF760QLU/@@download/ENCFF760QLU.fastq.gz; https://www.encodeproject.org/files/ENCFF500VXA/@@download/ENCFF500VXA.fastq.gz; https://www.encodeproject.org/files/ENCFF803RDM/@@download/ENCFF803RDM.fastq.gz; https://www.encodeproject.org/files/ENCFF112IMQ/@@download/ENCFF112IMQ.fastq.gz; https://www.encodeproject.org/files/ENCFF526JBZ/@@download/ENCFF526JBZ.fastq.gz; https://www.encodeproject.org/files/ENCFF150FBF/@@download/ENCFF150FBF.fastq.gz; https://www.encodeproject.org/files/ENCFF351VBS/@@download/ENCFF351VBS.fastq.gz; https://www.encodeproject.org/files/ENCFF385IAW/@@download/ENCFF385IAW.fastq.gz; https://www.encodeproject.org/files/ENCFF503CCI/@@download/ENCFF503CCI.fastq.gz,direct released FASTQ assets supplied,https://www.encodeproject.org/files/ENCFF200PLG/@@download/ENCFF200PLG.fastq.gz; https://www.encodeproject.org/files/ENCFF090CNW/@@download/ENCFF090CNW.fastq.gz; https://www.encodeproject.org/files/ENCFF694PJN/@@download/ENCFF694PJN.bam; https://www.encodeproject.org/files/ENCFF067BKA/@@download/ENCFF067BKA.bam; https://www.encodeproject.org/files/ENCFF370JZO/@@download/ENCFF370JZO.tar.gz; https://www.encodeproject.org/files/ENCFF526HNI/@@download/ENCFF526HNI.bam; https://www.encodeproject.org/files/ENCFF863NXO/@@download/ENCFF863NXO.tar.gz; https://www.encodeproject.org/files/ENCFF429ERO/@@download/ENCFF429ERO.tar.gz; https://www.encodeproject.org/files/ENCFF846BGR/@@download/ENCFF846BGR.tar.gz; https://www.encodeproject.org/files/ENCFF388BFG/@@download/ENCFF388BFG.tar.gz; https://www.encodeproject.org/files/ENCFF222PTL/@@download/ENCFF222PTL.tar.gz,,BAM; FASTQ; GZ; fragment,false,false,true,false,44832327510,exact sum of released ENCODE read and index-read FASTQs,99495270029,exact sum of other released ENCODE component assets,144327597539,public,2026-08-01
ENCODE,ENCSR664QSO,,ENCODE released multiomics series,Homo sapiens heart left ventricle tissue nuclear fraction male adult (51 years),heart left ventricle,Homo sapiens,single-cell RNA sequencing assay; single-nucleus ATAC-seq,true,19215,19215,19215,19215,provider-reported estimated nuclei,,https://www.encodeproject.org/experiments/ENCSR664QSO/,https://www.encodeproject.org/files/ENCFF873DCF/@@download/ENCFF873DCF.fastq.gz; https://www.encodeproject.org/files/ENCFF868HXE/@@download/ENCFF868HXE.fastq.gz; https://www.encodeproject.org/files/ENCFF488RUK/@@download/ENCFF488RUK.fastq.gz; https://www.encodeproject.org/files/ENCFF084JGO/@@download/ENCFF084JGO.fastq.gz; https://www.encodeproject.org/files/ENCFF440JPZ/@@download/ENCFF440JPZ.fastq.gz; https://www.encodeproject.org/files/ENCFF197UJG/@@download/ENCFF197UJG.fastq.gz; https://www.encodeproject.org/files/ENCFF062PNT/@@download/ENCFF062PNT.fastq.gz; https://www.encodeproject.org/files/ENCFF642RQO/@@download/ENCFF642RQO.fastq.gz; https://www.encodeproject.org/files/ENCFF709WGM/@@download/ENCFF709WGM.fastq.gz; https://www.encodeproject.org/files/ENCFF534SPO/@@download/ENCFF534SPO.fastq.gz,direct released FASTQ assets supplied,https://www.encodeproject.org/files/ENCFF089WAD/@@download/ENCFF089WAD.fastq.gz; https://www.encodeproject.org/files/ENCFF068TVM/@@download/ENCFF068TVM.fastq.gz; https://www.encodeproject.org/files/ENCFF582VRC/@@download/ENCFF582VRC.bam; https://www.encodeproject.org/files/ENCFF088HHP/@@download/ENCFF088HHP.bam; https://www.encodeproject.org/files/ENCFF478UNG/@@download/ENCFF478UNG.tar.gz; https://www.encodeproject.org/files/ENCFF615TNB/@@download/ENCFF615TNB.bam; https://www.encodeproject.org/files/ENCFF272BPW/@@download/ENCFF272BPW.tar.gz; https://www.encodeproject.org/files/ENCFF538RCL/@@download/ENCFF538RCL.tar.gz; https://www.encodeproject.org/files/ENCFF221ADI/@@download/ENCFF221ADI.tar.gz; https://www.encodeproject.org/files/ENCFF201DKN/@@download/ENCFF201DKN.tar.gz; https://www.encodeproject.org/files/ENCFF385YNN/@@download/ENCFF385YNN.tar.gz,,BAM; FASTQ; GZ; fragment,false,false,true,false,27071211130,exact sum of released ENCODE read and index-read FASTQs,64950556411,exact sum of other released ENCODE component assets,92021767541,public,2026-08-01
ENCODE,ENCSR673CAA,,ENCODE released multiomics series,Homo sapiens heart left ventricle tissue nuclear fraction female adult (48 years),heart left ventricle,Homo sapiens,single-cell RNA sequencing assay; single-nucleus ATAC-seq,true,12681,12681,12681,12681,provider-reported estimated nuclei,,https://www.encodeproject.org/experiments/ENCSR673CAA/,https://www.encodeproject.org/files/ENCFF166MXW/@@download/ENCFF166MXW.fastq.gz; https://www.encodeproject.org/files/ENCFF130MNH/@@download/ENCFF130MNH.fastq.gz; https://www.encodeproject.org/files/ENCFF459KLG/@@download/ENCFF459KLG.fastq.gz; https://www.encodeproject.org/files/ENCFF994CFE/@@download/ENCFF994CFE.fastq.gz; https://www.encodeproject.org/files/ENCFF415HFX/@@download/ENCFF415HFX.fastq.gz; https://www.encodeproject.org/files/ENCFF696ULN/@@download/ENCFF696ULN.fastq.gz; https://www.encodeproject.org/files/ENCFF999IWK/@@download/ENCFF999IWK.fastq.gz; https://www.encodeproject.org/files/ENCFF149KQL/@@download/ENCFF149KQL.fastq.gz; https://www.encodeproject.org/files/ENCFF434VJS/@@download/ENCFF434VJS.fastq.gz; https://www.encodeproject.org/files/ENCFF390XAP/@@download/ENCFF390XAP.fastq.gz,direct released FASTQ assets supplied,https://www.encodeproject.org/files/ENCFF041XIR/@@download/ENCFF041XIR.fastq.gz; https://www.encodeproject.org/files/ENCFF168TOI/@@download/ENCFF168TOI.fastq.gz; https://www.encodeproject.org/files/ENCFF546FLR/@@download/ENCFF546FLR.bam; https://www.encodeproject.org/files/ENCFF017QXL/@@download/ENCFF017QXL.bam; https://www.encodeproject.org/files/ENCFF599JXU/@@download/ENCFF599JXU.tar.gz; https://www.encodeproject.org/files/ENCFF797TFI/@@download/ENCFF797TFI.bam; https://www.encodeproject.org/files/ENCFF553VJR/@@download/ENCFF553VJR.tar.gz; https://www.encodeproject.org/files/ENCFF612FUI/@@download/ENCFF612FUI.tar.gz; https://www.encodeproject.org/files/ENCFF844LKW/@@download/ENCFF844LKW.tar.gz; https://www.encodeproject.org/files/ENCFF490WIG/@@download/ENCFF490WIG.tar.gz; https://www.encodeproject.org/files/ENCFF277KQL/@@download/ENCFF277KQL.tar.gz,,BAM; FASTQ; GZ; fragment,false,false,true,false,25386996258,exact sum of released ENCODE read and index-read FASTQs,52231619908,exact sum of other released ENCODE component assets,77618616166,public,2026-08-01
ENCODE,ENCSR684FTW,,ENCODE released multiomics series,Mus musculus strain B6CASTF1/J heart tissue nuclear fraction female postnatal (14 days),heart,Mus musculus,single-cell RNA sequencing assay; single-nucleus ATAC-seq,true,21640,21640,21640,21640,provider-reported estimated nuclei,,https://www.encodeproject.org/experiments/ENCSR684FTW/,https://www.encodeproject.org/files/ENCFF649TME/@@download/ENCFF649TME.fastq.gz; https://www.encodeproject.org/files/ENCFF238RME/@@download/ENCFF238RME.fastq.gz; https://www.encodeproject.org/files/ENCFF428YJP/@@download/ENCFF428YJP.fastq.gz; https://www.encodeproject.org/files/ENCFF734TDB/@@download/ENCFF734TDB.fastq.gz; https://www.encodeproject.org/files/ENCFF471FEJ/@@download/ENCFF471FEJ.fastq.gz; https://www.encodeproject.org/files/ENCFF220ZLG/@@download/ENCFF220ZLG.fastq.gz; https://www.encodeproject.org/files/ENCFF651VNY/@@download/ENCFF651VNY.fastq.gz; https://www.encodeproject.org/files/ENCFF015FLT/@@download/ENCFF015FLT.fastq.gz; https://www.encodeproject.org/files/ENCFF316AOM/@@download/ENCFF316AOM.fastq.gz; https://www.encodeproject.org/files/ENCFF503SXS/@@download/ENCFF503SXS.fastq.gz,direct released FASTQ assets supplied,https://www.encodeproject.org/files/ENCFF360LFT/@@download/ENCFF360LFT.fastq.gz; https://www.encodeproject.org/files/ENCFF166YLM/@@download/ENCFF166YLM.fastq.gz; https://www.encodeproject.org/files/ENCFF978OIL/@@download/ENCFF978OIL.bam; https://www.encodeproject.org/files/ENCFF997LWS/@@download/ENCFF997LWS.bam; https://www.encodeproject.org/files/ENCFF135RXW/@@download/ENCFF135RXW.tar.gz; https://www.encodeproject.org/files/ENCFF818DVX/@@download/ENCFF818DVX.tar.gz; https://www.encodeproject.org/files/ENCFF189PRB/@@download/ENCFF189PRB.tar.gz; https://www.encodeproject.org/files/ENCFF134IJM/@@download/ENCFF134IJM.tar.gz; https://www.encodeproject.org/files/ENCFF214XJT/@@download/ENCFF214XJT.bam; https://www.encodeproject.org/files/ENCFF972ILZ/@@download/ENCFF972ILZ.tar.gz; https://www.encodeproject.org/files/ENCFF514TJX/@@download/ENCFF514TJX.tar.gz,,BAM; FASTQ; GZ; fragment,false,false,true,false,30431053078,exact sum of released ENCODE read and index-read FASTQs,64604310150,exact sum of other released ENCODE component assets,95035363228,public,2026-08-01
ENCODE,ENCSR684FZJ,,ENCODE released multiomics series,Mus musculus strain B6CASTF1/J layer of hippocampus tissue nuclear fraction male adult (2 months),layer of hippocampus,Mus musculus,single-cell RNA sequencing assay; single-nucleus ATAC-seq,true,3351,3351,3351,3351,provider-reported estimated nuclei,,https://www.encodeproject.org/experiments/ENCSR684FZJ/,https://www.encodeproject.org/files/ENCFF928KKG/@@download/ENCFF928KKG.fastq.gz; https://www.encodeproject.org/files/ENCFF982RUP/@@download/ENCFF982RUP.fastq.gz; https://www.encodeproject.org/files/ENCFF006BYQ/@@download/ENCFF006BYQ.fastq.gz; https://www.encodeproject.org/files/ENCFF246WBC/@@download/ENCFF246WBC.fastq.gz; https://www.encodeproject.org/files/ENCFF365HBL/@@download/ENCFF365HBL.fastq.gz; https://www.encodeproject.org/files/ENCFF675QWV/@@download/ENCFF675QWV.fastq.gz; https://www.encodeproject.org/files/ENCFF715ASN/@@download/ENCFF715ASN.fastq.gz; https://www.encodeproject.org/files/ENCFF205WZS/@@download/ENCFF205WZS.fastq.gz; https://www.encodeproject.org/files/ENCFF285GJV/@@download/ENCFF285GJV.fastq.gz; https://www.encodeproject.org/files/ENCFF662FAU/@@download/ENCFF662FAU.fastq.gz,direct released FASTQ assets supplied,https://www.encodeproject.org/files/ENCFF464NYR/@@download/ENCFF464NYR.fastq.gz; https://www.encodeproject.org/files/ENCFF549JTY/@@download/ENCFF549JTY.fastq.gz; https://www.encodeproject.org/files/ENCFF906VOR/@@download/ENCFF906VOR.bam; https://www.encodeproject.org/files/ENCFF604JWL/@@download/ENCFF604JWL.bam; https://www.encodeproject.org/files/ENCFF309DAD/@@download/ENCFF309DAD.tar.gz; https://www.encodeproject.org/files/ENCFF971OPH/@@download/ENCFF971OPH.tar.gz; https://www.encodeproject.org/files/ENCFF089IBF/@@download/ENCFF089IBF.bam; https://www.encodeproject.org/files/ENCFF412RIM/@@download/ENCFF412RIM.tar.gz; https://www.encodeproject.org/files/ENCFF739ZRM/@@download/ENCFF739ZRM.tar.gz; https://www.encodeproject.org/files/ENCFF498VSU/@@download/ENCFF498VSU.tar.gz; https://www.encodeproject.org/files/ENCFF589GMQ/@@download/ENCFF589GMQ.tar.gz,,BAM; FASTQ; GZ; fragment,false,false,true,false,24949424973,exact sum of released ENCODE read and index-read FASTQs,44237967610,exact sum of other released ENCODE component assets,69187392583,public,2026-08-01
ENCODE,ENCSR694BTU,,ENCODE released multiomics series,Homo sapiens placenta tissue nuclear fraction male embryo,placenta,Homo sapiens,single-cell RNA sequencing assay; single-nucleus ATAC-seq,true,6772,6772,6772,6772,provider-reported estimated nuclei,,https://www.encodeproject.org/experiments/ENCSR694BTU/,https://www.encodeproject.org/files/ENCFF927HGM/@@download/ENCFF927HGM.fastq.gz; https://www.encodeproject.org/files/ENCFF996ZIW/@@download/ENCFF996ZIW.fastq.gz; https://www.encodeproject.org/files/ENCFF411UNG/@@download/ENCFF411UNG.fastq.gz; https://www.encodeproject.org/files/ENCFF790RLP/@@download/ENCFF790RLP.fastq.gz; https://www.encodeproject.org/files/ENCFF358DNO/@@download/ENCFF358DNO.fastq.gz; https://www.encodeproject.org/files/ENCFF322UEB/@@download/ENCFF322UEB.fastq.gz; https://www.encodeproject.org/files/ENCFF459OFW/@@download/ENCFF459OFW.fastq.gz; https://www.encodeproject.org/files/ENCFF755GKQ/@@download/ENCFF755GKQ.fastq.gz; https://www.encodeproject.org/files/ENCFF898OFR/@@download/ENCFF898OFR.fastq.gz; https://www.encodeproject.org/files/ENCFF102ZYZ/@@download/ENCFF102ZYZ.fastq.gz,direct released FASTQ assets supplied,https://www.encodeproject.org/files/ENCFF397DWB/@@download/ENCFF397DWB.fastq.gz; https://www.encodeproject.org/files/ENCFF372UES/@@download/ENCFF372UES.fastq.gz; https://www.encodeproject.org/files/ENCFF925IMC/@@download/ENCFF925IMC.bam; https://www.encodeproject.org/files/ENCFF246SQT/@@download/ENCFF246SQT.bam; https://www.encodeproject.org/files/ENCFF043WJS/@@download/ENCFF043WJS.tar.gz; https://www.encodeproject.org/files/ENCFF295ROC/@@download/ENCFF295ROC.bam; https://www.encodeproject.org/files/ENCFF829HYX/@@download/ENCFF829HYX.tar.gz; https://www.encodeproject.org/files/ENCFF463PXH/@@download/ENCFF463PXH.tar.gz; https://www.encodeproject.org/files/ENCFF512JYM/@@download/ENCFF512JYM.tar.gz; https://www.encodeproject.org/files/ENCFF520SKH/@@download/ENCFF520SKH.tar.gz; https://www.encodeproject.org/files/ENCFF712GLV/@@download/ENCFF712GLV.tar.gz,,BAM; FASTQ; GZ; fragment,false,false,true,false,21980402285,exact sum of released ENCODE read and index-read FASTQs,52147468621,exact sum of other released ENCODE component assets,74127870906,public,2026-08-01
ENCODE,ENCSR703OZJ,,ENCODE released multiomics series,Homo sapiens heart left ventricle tissue nuclear fraction female adult (51 years),heart left ventricle,Homo sapiens,single-cell RNA sequencing assay; single-nucleus ATAC-seq,true,24368,24368,24368,24368,provider-reported estimated nuclei,,https://www.encodeproject.org/experiments/ENCSR703OZJ/,https://www.encodeproject.org/files/ENCFF680ZKC/@@download/ENCFF680ZKC.fastq.gz; https://www.encodeproject.org/files/ENCFF887SBZ/@@download/ENCFF887SBZ.fastq.gz; https://www.encodeproject.org/files/ENCFF228ARS/@@download/ENCFF228ARS.fastq.gz; https://www.encodeproject.org/files/ENCFF497IKO/@@download/ENCFF497IKO.fastq.gz; https://www.encodeproject.org/files/ENCFF657XXB/@@download/ENCFF657XXB.fastq.gz; https://www.encodeproject.org/files/ENCFF578NXU/@@download/ENCFF578NXU.fastq.gz; https://www.encodeproject.org/files/ENCFF687LUY/@@download/ENCFF687LUY.fastq.gz; https://www.encodeproject.org/files/ENCFF334SSV/@@download/ENCFF334SSV.fastq.gz; https://www.encodeproject.org/files/ENCFF110GEW/@@download/ENCFF110GEW.fastq.gz; https://www.encodeproject.org/files/ENCFF975TTE/@@download/ENCFF975TTE.fastq.gz; https://www.encodeproject.org/files/ENCFF244DKP/@@download/ENCFF244DKP.fastq.gz; https://www.encodeproject.org/files/ENCFF563BEN/@@download/ENCFF563BEN.fastq.gz; https://www.encodeproject.org/files/ENCFF988OYM/@@download/ENCFF988OYM.fastq.gz; https://www.encodeproject.org/files/ENCFF301IZZ/@@download/ENCFF301IZZ.fastq.gz; https://www.encodeproject.org/files/ENCFF520TGK/@@download/ENCFF520TGK.fastq.gz; https://www.encodeproject.org/files/ENCFF516NQR/@@download/ENCFF516NQR.fastq.gz; https://www.encodeproject.org/files/ENCFF857RLY/@@download/ENCFF857RLY.fastq.gz; https://www.encodeproject.org/files/ENCFF865RJY/@@download/ENCFF865RJY.fastq.gz; https://www.encodeproject.org/files/ENCFF525HRF/@@download/ENCFF525HRF.fastq.gz; https://www.encodeproject.org/files/ENCFF304TIT/@@download/ENCFF304TIT.fastq.gz,direct released FASTQ assets supplied,https://www.encodeproject.org/files/ENCFF791PXF/@@download/ENCFF791PXF.fastq.gz; https://www.encodeproject.org/files/ENCFF900BSC/@@download/ENCFF900BSC.fastq.gz; https://www.encodeproject.org/files/ENCFF809PEF/@@download/ENCFF809PEF.bam; https://www.encodeproject.org/files/ENCFF851GIC/@@download/ENCFF851GIC.bam; https://www.encodeproject.org/files/ENCFF027WEQ/@@download/ENCFF027WEQ.tar.gz; https://www.encodeproject.org/files/ENCFF058FKB/@@download/ENCFF058FKB.bam; https://www.encodeproject.org/files/ENCFF366MNP/@@download/ENCFF366MNP.tar.gz; https://www.encodeproject.org/files/ENCFF507PAU/@@download/ENCFF507PAU.tar.gz; https://www.encodeproject.org/files/ENCFF828HKS/@@download/ENCFF828HKS.tar.gz; https://www.encodeproject.org/files/ENCFF728ESX/@@download/ENCFF728ESX.tar.gz; https://www.encodeproject.org/files/ENCFF732OIQ/@@download/ENCFF732OIQ.tar.gz,,BAM; FASTQ; GZ; fragment,false,false,true,false,43965687624,exact sum of released ENCODE read and index-read FASTQs,91844177434,exact sum of other released ENCODE component assets,135809865058,public,2026-08-01
ENCODE,ENCSR707XPP,,ENCODE released multiomics series,Homo sapiens heart left ventricle tissue nuclear fraction male adult (41 years),heart left ventricle,Homo sapiens,single-cell RNA sequencing assay; single-nucleus ATAC-seq,true,22841,22841,22841,22841,provider-reported estimated nuclei,,https://www.encodeproject.org/experiments/ENCSR707XPP/,https://www.encodeproject.org/files/ENCFF980ZNI/@@download/ENCFF980ZNI.fastq.gz; https://www.encodeproject.org/files/ENCFF616IHS/@@download/ENCFF616IHS.fastq.gz; https://www.encodeproject.org/files/ENCFF243WKN/@@download/ENCFF243WKN.fastq.gz; https://www.encodeproject.org/files/ENCFF361ADX/@@download/ENCFF361ADX.fastq.gz; https://www.encodeproject.org/files/ENCFF849MQW/@@download/ENCFF849MQW.fastq.gz; https://www.encodeproject.org/files/ENCFF207XLB/@@download/ENCFF207XLB.fastq.gz; https://www.encodeproject.org/files/ENCFF587MMN/@@download/ENCFF587MMN.fastq.gz; https://www.encodeproject.org/files/ENCFF244FPS/@@download/ENCFF244FPS.fastq.gz; https://www.encodeproject.org/files/ENCFF047KKD/@@download/ENCFF047KKD.fastq.gz; https://www.encodeproject.org/files/ENCFF706FDG/@@download/ENCFF706FDG.fastq.gz; https://www.encodeproject.org/files/ENCFF936ZPG/@@download/ENCFF936ZPG.fastq.gz; https://www.encodeproject.org/files/ENCFF545WVP/@@download/ENCFF545WVP.fastq.gz; https://www.encodeproject.org/files/ENCFF054TZP/@@download/ENCFF054TZP.fastq.gz; https://www.encodeproject.org/files/ENCFF905JLX/@@download/ENCFF905JLX.fastq.gz; https://www.encodeproject.org/files/ENCFF365AEX/@@download/ENCFF365AEX.fastq.gz; https://www.encodeproject.org/files/ENCFF283JFE/@@download/ENCFF283JFE.fastq.gz; https://www.encodeproject.org/files/ENCFF626ZGN/@@download/ENCFF626ZGN.fastq.gz; https://www.encodeproject.org/files/ENCFF810TLH/@@download/ENCFF810TLH.fastq.gz; https://www.encodeproject.org/files/ENCFF720YOG/@@download/ENCFF720YOG.fastq.gz; https://www.encodeproject.org/files/ENCFF813ZNI/@@download/ENCFF813ZNI.fastq.gz,direct released FASTQ assets supplied,https://www.encodeproject.org/files/ENCFF698AOQ/@@download/ENCFF698AOQ.fastq.gz; https://www.encodeproject.org/files/ENCFF174HPG/@@download/ENCFF174HPG.fastq.gz; https://www.encodeproject.org/files/ENCFF557XEK/@@download/ENCFF557XEK.bam; https://www.encodeproject.org/files/ENCFF945HKG/@@download/ENCFF945HKG.bam; https://www.encodeproject.org/files/ENCFF478CZM/@@download/ENCFF478CZM.tar.gz; https://www.encodeproject.org/files/ENCFF249IHW/@@download/ENCFF249IHW.bam; https://www.encodeproject.org/files/ENCFF578CWA/@@download/ENCFF578CWA.tar.gz; https://www.encodeproject.org/files/ENCFF779VYI/@@download/ENCFF779VYI.tar.gz; https://www.encodeproject.org/files/ENCFF431AQJ/@@download/ENCFF431AQJ.tar.gz; https://www.encodeproject.org/files/ENCFF249BCO/@@download/ENCFF249BCO.tar.gz; https://www.encodeproject.org/files/ENCFF624UUV/@@download/ENCFF624UUV.tar.gz,,BAM; FASTQ; GZ; fragment,false,false,true,false,65415989901,exact sum of released ENCODE read and index-read FASTQs,149519210895,exact sum of other released ENCODE component assets,214935200796,public,2026-08-01
ENCODE,ENCSR716XVF,,ENCODE released multiomics series,Homo sapiens heart left ventricle tissue nuclear fraction female adult (61 years),heart left ventricle,Homo sapiens,single-cell RNA sequencing assay; single-nucleus ATAC-seq,true,13110,13110,13110,13110,provider-reported estimated nuclei,,https://www.encodeproject.org/experiments/ENCSR716XVF/,https://www.encodeproject.org/files/ENCFF888FYF/@@download/ENCFF888FYF.fastq.gz; https://www.encodeproject.org/files/ENCFF809XSD/@@download/ENCFF809XSD.fastq.gz; https://www.encodeproject.org/files/ENCFF027WDM/@@download/ENCFF027WDM.fastq.gz; https://www.encodeproject.org/files/ENCFF481CVN/@@download/ENCFF481CVN.fastq.gz; https://www.encodeproject.org/files/ENCFF474UTK/@@download/ENCFF474UTK.fastq.gz; https://www.encodeproject.org/files/ENCFF985TTZ/@@download/ENCFF985TTZ.fastq.gz; https://www.encodeproject.org/files/ENCFF679CMK/@@download/ENCFF679CMK.fastq.gz; https://www.encodeproject.org/files/ENCFF573OPN/@@download/ENCFF573OPN.fastq.gz; https://www.encodeproject.org/files/ENCFF952OSH/@@download/ENCFF952OSH.fastq.gz; https://www.encodeproject.org/files/ENCFF343HQB/@@download/ENCFF343HQB.fastq.gz; https://www.encodeproject.org/files/ENCFF545MFM/@@download/ENCFF545MFM.fastq.gz; https://www.encodeproject.org/files/ENCFF327YOX/@@download/ENCFF327YOX.fastq.gz; https://www.encodeproject.org/files/ENCFF938KWD/@@download/ENCFF938KWD.fastq.gz; https://www.encodeproject.org/files/ENCFF062QKD/@@download/ENCFF062QKD.fastq.gz; https://www.encodeproject.org/files/ENCFF029YXL/@@download/ENCFF029YXL.fastq.gz; https://www.encodeproject.org/files/ENCFF795UFJ/@@download/ENCFF795UFJ.fastq.gz; https://www.encodeproject.org/files/ENCFF733OOH/@@download/ENCFF733OOH.fastq.gz; https://www.encodeproject.org/files/ENCFF618YOF/@@download/ENCFF618YOF.fastq.gz; https://www.encodeproject.org/files/ENCFF249IRW/@@download/ENCFF249IRW.fastq.gz; https://www.encodeproject.org/files/ENCFF091PAF/@@download/ENCFF091PAF.fastq.gz,direct released FASTQ assets supplied,https://www.encodeproject.org/files/ENCFF820CGY/@@download/ENCFF820CGY.fastq.gz; https://www.encodeproject.org/files/ENCFF923YVW/@@download/ENCFF923YVW.fastq.gz; https://www.encodeproject.org/files/ENCFF484LMR/@@download/ENCFF484LMR.bam; https://www.encodeproject.org/files/ENCFF843YZF/@@download/ENCFF843YZF.bam; https://www.encodeproject.org/files/ENCFF133YXZ/@@download/ENCFF133YXZ.tar.gz; https://www.encodeproject.org/files/ENCFF913KIW/@@download/ENCFF913KIW.bam; https://www.encodeproject.org/files/ENCFF224DHQ/@@download/ENCFF224DHQ.tar.gz; https://www.encodeproject.org/files/ENCFF944XQK/@@download/ENCFF944XQK.tar.gz; https://www.encodeproject.org/files/ENCFF658FBF/@@download/ENCFF658FBF.tar.gz; https://www.encodeproject.org/files/ENCFF429ZOD/@@download/ENCFF429ZOD.tar.gz; https://www.encodeproject.org/files/ENCFF250NEP/@@download/ENCFF250NEP.tar.gz,,BAM; FASTQ; GZ; fragment,false,false,true,false,34801197777,exact sum of released ENCODE read and index-read FASTQs,68128464208,exact sum of other released ENCODE component assets,102929661985,public,2026-08-01
ENCODE,ENCSR725MMM,,ENCODE released multiomics series,Homo sapiens heart left ventricle tissue nuclear fraction male adult (66 years),heart left ventricle,Homo sapiens,single-cell RNA sequencing assay; single-nucleus ATAC-seq,true,21446,21446,21446,21446,provider-reported estimated nuclei,,https://www.encodeproject.org/experiments/ENCSR725MMM/,https://www.encodeproject.org/files/ENCFF798ZIQ/@@download/ENCFF798ZIQ.fastq.gz; https://www.encodeproject.org/files/ENCFF791SSJ/@@download/ENCFF791SSJ.fastq.gz; https://www.encodeproject.org/files/ENCFF085FTU/@@download/ENCFF085FTU.fastq.gz; https://www.encodeproject.org/files/ENCFF016UKO/@@download/ENCFF016UKO.fastq.gz; https://www.encodeproject.org/files/ENCFF337CEN/@@download/ENCFF337CEN.fastq.gz; https://www.encodeproject.org/files/ENCFF358CEO/@@download/ENCFF358CEO.fastq.gz; https://www.encodeproject.org/files/ENCFF291IVN/@@download/ENCFF291IVN.fastq.gz; https://www.encodeproject.org/files/ENCFF398IWB/@@download/ENCFF398IWB.fastq.gz; https://www.encodeproject.org/files/ENCFF469IFG/@@download/ENCFF469IFG.fastq.gz; https://www.encodeproject.org/files/ENCFF891TLA/@@download/ENCFF891TLA.fastq.gz; https://www.encodeproject.org/files/ENCFF052MAQ/@@download/ENCFF052MAQ.fastq.gz; https://www.encodeproject.org/files/ENCFF033RQS/@@download/ENCFF033RQS.fastq.gz; https://www.encodeproject.org/files/ENCFF804XQY/@@download/ENCFF804XQY.fastq.gz; https://www.encodeproject.org/files/ENCFF790XKQ/@@download/ENCFF790XKQ.fastq.gz; https://www.encodeproject.org/files/ENCFF388EKP/@@download/ENCFF388EKP.fastq.gz; https://www.encodeproject.org/files/ENCFF697GPR/@@download/ENCFF697GPR.fastq.gz; https://www.encodeproject.org/files/ENCFF194TGM/@@download/ENCFF194TGM.fastq.gz; https://www.encodeproject.org/files/ENCFF775DIF/@@download/ENCFF775DIF.fastq.gz; https://www.encodeproject.org/files/ENCFF734KVM/@@download/ENCFF734KVM.fastq.gz; https://www.encodeproject.org/files/ENCFF422QJF/@@download/ENCFF422QJF.fastq.gz,direct released FASTQ assets supplied,https://www.encodeproject.org/files/ENCFF688FMK/@@download/ENCFF688FMK.fastq.gz; https://www.encodeproject.org/files/ENCFF442YKJ/@@download/ENCFF442YKJ.fastq.gz; https://www.encodeproject.org/files/ENCFF047PJW/@@download/ENCFF047PJW.bam; https://www.encodeproject.org/files/ENCFF967CEQ/@@download/ENCFF967CEQ.bam; https://www.encodeproject.org/files/ENCFF535XLW/@@download/ENCFF535XLW.tar.gz; https://www.encodeproject.org/files/ENCFF288GXQ/@@download/ENCFF288GXQ.tar.gz; https://www.encodeproject.org/files/ENCFF852ZZM/@@download/ENCFF852ZZM.bam; https://www.encodeproject.org/files/ENCFF344ORC/@@download/ENCFF344ORC.tar.gz; https://www.encodeproject.org/files/ENCFF596XTQ/@@download/ENCFF596XTQ.tar.gz; https://www.encodeproject.org/files/ENCFF616KUA/@@download/ENCFF616KUA.tar.gz; https://www.encodeproject.org/files/ENCFF332PIV/@@download/ENCFF332PIV.tar.gz,,BAM; FASTQ; GZ; fragment,false,false,true,false,110361558900,exact sum of released ENCODE read and index-read FASTQs,284364638378,exact sum of other released ENCODE component assets,394726197278,public,2026-08-01
ENCODE,ENCSR727WGO,,ENCODE released multiomics series,Homo sapiens ovary tissue nuclear fraction female adult (61 years),ovary,Homo sapiens,single-cell RNA sequencing assay; single-nucleus ATAC-seq,true,27428,27428,27428,27428,provider-reported estimated nuclei,,https://www.encodeproject.org/experiments/ENCSR727WGO/,https://www.encodeproject.org/files/ENCFF573NNR/@@download/ENCFF573NNR.fastq.gz; https://www.encodeproject.org/files/ENCFF758XXC/@@download/ENCFF758XXC.fastq.gz; https://www.encodeproject.org/files/ENCFF455WOQ/@@download/ENCFF455WOQ.fastq.gz; https://www.encodeproject.org/files/ENCFF804LOP/@@download/ENCFF804LOP.fastq.gz; https://www.encodeproject.org/files/ENCFF281GEH/@@download/ENCFF281GEH.fastq.gz; https://www.encodeproject.org/files/ENCFF510NCD/@@download/ENCFF510NCD.fastq.gz; https://www.encodeproject.org/files/ENCFF919BFO/@@download/ENCFF919BFO.fastq.gz; https://www.encodeproject.org/files/ENCFF326FTJ/@@download/ENCFF326FTJ.fastq.gz; https://www.encodeproject.org/files/ENCFF022TYN/@@download/ENCFF022TYN.fastq.gz; https://www.encodeproject.org/files/ENCFF066QDY/@@download/ENCFF066QDY.fastq.gz,direct released FASTQ assets supplied,https://www.encodeproject.org/files/ENCFF336NLT/@@download/ENCFF336NLT.fastq.gz; https://www.encodeproject.org/files/ENCFF907LZL/@@download/ENCFF907LZL.fastq.gz; https://www.encodeproject.org/files/ENCFF327OQY/@@download/ENCFF327OQY.bam; https://www.encodeproject.org/files/ENCFF894HPS/@@download/ENCFF894HPS.bam; https://www.encodeproject.org/files/ENCFF457SHC/@@download/ENCFF457SHC.tar.gz; https://www.encodeproject.org/files/ENCFF994MYE/@@download/ENCFF994MYE.bam; https://www.encodeproject.org/files/ENCFF994JVH/@@download/ENCFF994JVH.tar.gz; https://www.encodeproject.org/files/ENCFF938HOM/@@download/ENCFF938HOM.tar.gz; https://www.encodeproject.org/files/ENCFF800GFT/@@download/ENCFF800GFT.tar.gz; https://www.encodeproject.org/files/ENCFF111JYB/@@download/ENCFF111JYB.tar.gz; https://www.encodeproject.org/files/ENCFF603EXK/@@download/ENCFF603EXK.tar.gz,,BAM; FASTQ; GZ; fragment,false,false,true,false,38972974004,exact sum of released ENCODE read and index-read FASTQs,106554980846,exact sum of other released ENCODE component assets,145527954850,public,2026-08-01
ENCODE,ENCSR728OVE,,ENCODE released multiomics series,Homo sapiens liver tissue nuclear fraction female adult (39 years),liver,Homo sapiens,single-cell RNA sequencing assay; single-nucleus ATAC-seq,true,14367,14367,14367,14367,provider-reported estimated nuclei,,https://www.encodeproject.org/experiments/ENCSR728OVE/,https://www.encodeproject.org/files/ENCFF665CUM/@@download/ENCFF665CUM.fastq.gz; https://www.encodeproject.org/files/ENCFF657GDU/@@download/ENCFF657GDU.fastq.gz; https://www.encodeproject.org/files/ENCFF055GDP/@@download/ENCFF055GDP.fastq.gz; https://www.encodeproject.org/files/ENCFF451MFE/@@download/ENCFF451MFE.fastq.gz; https://www.encodeproject.org/files/ENCFF777ORW/@@download/ENCFF777ORW.fastq.gz; https://www.encodeproject.org/files/ENCFF969GSH/@@download/ENCFF969GSH.fastq.gz; https://www.encodeproject.org/files/ENCFF414GGW/@@download/ENCFF414GGW.fastq.gz; https://www.encodeproject.org/files/ENCFF290TFC/@@download/ENCFF290TFC.fastq.gz; https://www.encodeproject.org/files/ENCFF714FWE/@@download/ENCFF714FWE.fastq.gz; https://www.encodeproject.org/files/ENCFF192HTU/@@download/ENCFF192HTU.fastq.gz; https://www.encodeproject.org/files/ENCFF177DBK/@@download/ENCFF177DBK.fastq.gz; https://www.encodeproject.org/files/ENCFF330OZF/@@download/ENCFF330OZF.fastq.gz; https://www.encodeproject.org/files/ENCFF576EWF/@@download/ENCFF576EWF.fastq.gz,direct released FASTQ assets supplied,https://www.encodeproject.org/files/ENCFF859SMH/@@download/ENCFF859SMH.fastq.gz; https://www.encodeproject.org/files/ENCFF289MPA/@@download/ENCFF289MPA.fastq.gz; https://www.encodeproject.org/files/ENCFF304VQW/@@download/ENCFF304VQW.bam; https://www.encodeproject.org/files/ENCFF067KIG/@@download/ENCFF067KIG.bam; https://www.encodeproject.org/files/ENCFF589YDE/@@download/ENCFF589YDE.tar.gz; https://www.encodeproject.org/files/ENCFF038LZO/@@download/ENCFF038LZO.bam; https://www.encodeproject.org/files/ENCFF678ZEZ/@@download/ENCFF678ZEZ.tar.gz; https://www.encodeproject.org/files/ENCFF858PYR/@@download/ENCFF858PYR.tar.gz; https://www.encodeproject.org/files/ENCFF655VXT/@@download/ENCFF655VXT.tar.gz; https://www.encodeproject.org/files/ENCFF760JVE/@@download/ENCFF760JVE.tar.gz; https://www.encodeproject.org/files/ENCFF741IOT/@@download/ENCFF741IOT.tar.gz,,BAM; FASTQ; GZ; fragment,false,false,true,false,43128178348,exact sum of released ENCODE read and index-read FASTQs,89218401150,exact sum of other released ENCODE component assets,132346579498,public,2026-08-01
ENCODE,ENCSR730AXV,,ENCODE released multiomics series,Homo sapiens heart left ventricle tissue nuclear fraction female adult (50 years),heart left ventricle,Homo sapiens,single-cell RNA sequencing assay; single-nucleus ATAC-seq,true,13272,13272,13272,13272,provider-reported estimated nuclei,,https://www.encodeproject.org/experiments/ENCSR730AXV/,https://www.encodeproject.org/files/ENCFF107RUI/@@download/ENCFF107RUI.fastq.gz; https://www.encodeproject.org/files/ENCFF914QER/@@download/ENCFF914QER.fastq.gz; https://www.encodeproject.org/files/ENCFF031NOR/@@download/ENCFF031NOR.fastq.gz; https://www.encodeproject.org/files/ENCFF297JKZ/@@download/ENCFF297JKZ.fastq.gz; https://www.encodeproject.org/files/ENCFF441VAN/@@download/ENCFF441VAN.fastq.gz; https://www.encodeproject.org/files/ENCFF158SVD/@@download/ENCFF158SVD.fastq.gz; https://www.encodeproject.org/files/ENCFF523AEZ/@@download/ENCFF523AEZ.fastq.gz; https://www.encodeproject.org/files/ENCFF278UIG/@@download/ENCFF278UIG.fastq.gz; https://www.encodeproject.org/files/ENCFF686JEL/@@download/ENCFF686JEL.fastq.gz; https://www.encodeproject.org/files/ENCFF629CUT/@@download/ENCFF629CUT.fastq.gz,direct released FASTQ assets supplied,https://www.encodeproject.org/files/ENCFF257DEF/@@download/ENCFF257DEF.fastq.gz; https://www.encodeproject.org/files/ENCFF797DKG/@@download/ENCFF797DKG.fastq.gz; https://www.encodeproject.org/files/ENCFF791VID/@@download/ENCFF791VID.bam; https://www.encodeproject.org/files/ENCFF003PYR/@@download/ENCFF003PYR.bam; https://www.encodeproject.org/files/ENCFF394PVM/@@download/ENCFF394PVM.tar.gz; https://www.encodeproject.org/files/ENCFF890MQZ/@@download/ENCFF890MQZ.bam; https://www.encodeproject.org/files/ENCFF944AQV/@@download/ENCFF944AQV.tar.gz; https://www.encodeproject.org/files/ENCFF474ZVW/@@download/ENCFF474ZVW.tar.gz; https://www.encodeproject.org/files/ENCFF467RZG/@@download/ENCFF467RZG.tar.gz; https://www.encodeproject.org/files/ENCFF459ZSZ/@@download/ENCFF459ZSZ.tar.gz; https://www.encodeproject.org/files/ENCFF245BNG/@@download/ENCFF245BNG.tar.gz,,BAM; FASTQ; GZ; fragment,false,false,true,false,32536705282,exact sum of released ENCODE read and index-read FASTQs,64112108221,exact sum of other released ENCODE component assets,96648813503,public,2026-08-01
ENCODE,ENCSR765ROV,,ENCODE released multiomics series,Mus musculus strain B6CASTF1/J layer of hippocampus tissue nuclear fraction female adult (2 months),layer of hippocampus,Mus musculus,single-cell RNA sequencing assay; single-nucleus ATAC-seq,true,5011,5011,5011,5011,provider-reported estimated nuclei,,https://www.encodeproject.org/experiments/ENCSR765ROV/,https://www.encodeproject.org/files/ENCFF555MUV/@@download/ENCFF555MUV.fastq.gz; https://www.encodeproject.org/files/ENCFF165NVS/@@download/ENCFF165NVS.fastq.gz; https://www.encodeproject.org/files/ENCFF799DAG/@@download/ENCFF799DAG.fastq.gz; https://www.encodeproject.org/files/ENCFF774THV/@@download/ENCFF774THV.fastq.gz; https://www.encodeproject.org/files/ENCFF164ZWR/@@download/ENCFF164ZWR.fastq.gz; https://www.encodeproject.org/files/ENCFF048RHV/@@download/ENCFF048RHV.fastq.gz; https://www.encodeproject.org/files/ENCFF258HFO/@@download/ENCFF258HFO.fastq.gz; https://www.encodeproject.org/files/ENCFF373PCQ/@@download/ENCFF373PCQ.fastq.gz; https://www.encodeproject.org/files/ENCFF447UWN/@@download/ENCFF447UWN.fastq.gz; https://www.encodeproject.org/files/ENCFF773VCX/@@download/ENCFF773VCX.fastq.gz,direct released FASTQ assets supplied,https://www.encodeproject.org/files/ENCFF878XTZ/@@download/ENCFF878XTZ.fastq.gz; https://www.encodeproject.org/files/ENCFF375IXY/@@download/ENCFF375IXY.fastq.gz; https://www.encodeproject.org/files/ENCFF938ZJO/@@download/ENCFF938ZJO.bam; https://www.encodeproject.org/files/ENCFF860TXD/@@download/ENCFF860TXD.bam; https://www.encodeproject.org/files/ENCFF895ZNJ/@@download/ENCFF895ZNJ.tar.gz; https://www.encodeproject.org/files/ENCFF986JQM/@@download/ENCFF986JQM.bam; https://www.encodeproject.org/files/ENCFF786SQX/@@download/ENCFF786SQX.tar.gz; https://www.encodeproject.org/files/ENCFF857LAM/@@download/ENCFF857LAM.tar.gz; https://www.encodeproject.org/files/ENCFF152KHN/@@download/ENCFF152KHN.tar.gz; https://www.encodeproject.org/files/ENCFF244ZFC/@@download/ENCFF244ZFC.tar.gz; https://www.encodeproject.org/files/ENCFF961FHF/@@download/ENCFF961FHF.tar.gz,,BAM; FASTQ; GZ; fragment,false,false,true,false,27760012971,exact sum of released ENCODE read and index-read FASTQs,56989538631,exact sum of other released ENCODE component assets,84749551602,public,2026-08-01
ENCODE,ENCSR768WQT,,ENCODE released multiomics series,Homo sapiens heart left ventricle tissue nuclear fraction male adult (25 years),heart left ventricle,Homo sapiens,single-cell RNA sequencing assay; single-nucleus ATAC-seq,true,11045,11045,11045,11045,provider-reported estimated nuclei,,https://www.encodeproject.org/experiments/ENCSR768WQT/,https://www.encodeproject.org/files/ENCFF602MDS/@@download/ENCFF602MDS.fastq.gz; https://www.encodeproject.org/files/ENCFF070UQH/@@download/ENCFF070UQH.fastq.gz; https://www.encodeproject.org/files/ENCFF212NGT/@@download/ENCFF212NGT.fastq.gz; https://www.encodeproject.org/files/ENCFF884NPJ/@@download/ENCFF884NPJ.fastq.gz; https://www.encodeproject.org/files/ENCFF427XMS/@@download/ENCFF427XMS.fastq.gz; https://www.encodeproject.org/files/ENCFF161LPA/@@download/ENCFF161LPA.fastq.gz; https://www.encodeproject.org/files/ENCFF832NAM/@@download/ENCFF832NAM.fastq.gz; https://www.encodeproject.org/files/ENCFF247KPQ/@@download/ENCFF247KPQ.fastq.gz; https://www.encodeproject.org/files/ENCFF364MIM/@@download/ENCFF364MIM.fastq.gz; https://www.encodeproject.org/files/ENCFF652OJX/@@download/ENCFF652OJX.fastq.gz,direct released FASTQ assets supplied,https://www.encodeproject.org/files/ENCFF222CUO/@@download/ENCFF222CUO.fastq.gz; https://www.encodeproject.org/files/ENCFF468VFF/@@download/ENCFF468VFF.fastq.gz; https://www.encodeproject.org/files/ENCFF596JUG/@@download/ENCFF596JUG.bam; https://www.encodeproject.org/files/ENCFF779DMG/@@download/ENCFF779DMG.bam; https://www.encodeproject.org/files/ENCFF718FRI/@@download/ENCFF718FRI.tar.gz; https://www.encodeproject.org/files/ENCFF596PVI/@@download/ENCFF596PVI.bam; https://www.encodeproject.org/files/ENCFF634GVC/@@download/ENCFF634GVC.tar.gz; https://www.encodeproject.org/files/ENCFF137CCP/@@download/ENCFF137CCP.tar.gz; https://www.encodeproject.org/files/ENCFF861QBB/@@download/ENCFF861QBB.tar.gz; https://www.encodeproject.org/files/ENCFF862QRX/@@download/ENCFF862QRX.tar.gz; https://www.encodeproject.org/files/ENCFF492GYR/@@download/ENCFF492GYR.tar.gz,,BAM; FASTQ; GZ; fragment,false,false,true,false,30012671007,exact sum of released ENCODE read and index-read FASTQs,66421287224,exact sum of other released ENCODE component assets,96433958231,public,2026-08-01
ENCODE,ENCSR775AZP,,ENCODE released multiomics series,Homo sapiens psoas muscle tissue nuclear fraction female adult (41 years),psoas muscle,Homo sapiens,single-cell RNA sequencing assay; single-nucleus ATAC-seq,true,7579,7579,7579,7579,provider-reported estimated nuclei,,https://www.encodeproject.org/experiments/ENCSR775AZP/,https://www.encodeproject.org/files/ENCFF293FVB/@@download/ENCFF293FVB.fastq.gz; https://www.encodeproject.org/files/ENCFF923HGY/@@download/ENCFF923HGY.fastq.gz; https://www.encodeproject.org/files/ENCFF962FYQ/@@download/ENCFF962FYQ.fastq.gz; https://www.encodeproject.org/files/ENCFF176LTK/@@download/ENCFF176LTK.fastq.gz; https://www.encodeproject.org/files/ENCFF449IAD/@@download/ENCFF449IAD.fastq.gz; https://www.encodeproject.org/files/ENCFF857GNQ/@@download/ENCFF857GNQ.fastq.gz; https://www.encodeproject.org/files/ENCFF997HQU/@@download/ENCFF997HQU.fastq.gz; https://www.encodeproject.org/files/ENCFF045NXG/@@download/ENCFF045NXG.fastq.gz; https://www.encodeproject.org/files/ENCFF440UMX/@@download/ENCFF440UMX.fastq.gz; https://www.encodeproject.org/files/ENCFF814XRG/@@download/ENCFF814XRG.fastq.gz,direct released FASTQ assets supplied,https://www.encodeproject.org/files/ENCFF941RXH/@@download/ENCFF941RXH.fastq.gz; https://www.encodeproject.org/files/ENCFF174YNS/@@download/ENCFF174YNS.fastq.gz; https://www.encodeproject.org/files/ENCFF780XDF/@@download/ENCFF780XDF.bam; https://www.encodeproject.org/files/ENCFF826QZW/@@download/ENCFF826QZW.bam; https://www.encodeproject.org/files/ENCFF832YIV/@@download/ENCFF832YIV.tar.gz; https://www.encodeproject.org/files/ENCFF930GKT/@@download/ENCFF930GKT.bam; https://www.encodeproject.org/files/ENCFF418SND/@@download/ENCFF418SND.tar.gz; https://www.encodeproject.org/files/ENCFF831OBZ/@@download/ENCFF831OBZ.tar.gz; https://www.encodeproject.org/files/ENCFF820LUU/@@download/ENCFF820LUU.tar.gz; https://www.encodeproject.org/files/ENCFF701VIQ/@@download/ENCFF701VIQ.tar.gz; https://www.encodeproject.org/files/ENCFF220CCK/@@download/ENCFF220CCK.tar.gz,,BAM; FASTQ; GZ; fragment,false,false,true,false,40977202746,exact sum of released ENCODE read and index-read FASTQs,87665250847,exact sum of other released ENCODE component assets,128642453593,public,2026-08-01
ENCODE,ENCSR788DZO,,ENCODE released multiomics series,Homo sapiens right lobe of liver tissue nuclear fraction female adult (47 years),right lobe of liver,Homo sapiens,single-cell RNA sequencing assay; single-nucleus ATAC-seq,true,9497,9497,9497,9497,provider-reported estimated nuclei,,https://www.encodeproject.org/experiments/ENCSR788DZO/,https://www.encodeproject.org/files/ENCFF557VJT/@@download/ENCFF557VJT.fastq.gz; https://www.encodeproject.org/files/ENCFF656WTS/@@download/ENCFF656WTS.fastq.gz; https://www.encodeproject.org/files/ENCFF633WYG/@@download/ENCFF633WYG.fastq.gz; https://www.encodeproject.org/files/ENCFF655ECF/@@download/ENCFF655ECF.fastq.gz; https://www.encodeproject.org/files/ENCFF654UWB/@@download/ENCFF654UWB.fastq.gz; https://www.encodeproject.org/files/ENCFF817GCS/@@download/ENCFF817GCS.fastq.gz; https://www.encodeproject.org/files/ENCFF698NTC/@@download/ENCFF698NTC.fastq.gz; https://www.encodeproject.org/files/ENCFF687BEZ/@@download/ENCFF687BEZ.fastq.gz; https://www.encodeproject.org/files/ENCFF803GJE/@@download/ENCFF803GJE.fastq.gz; https://www.encodeproject.org/files/ENCFF555WUM/@@download/ENCFF555WUM.fastq.gz,direct released FASTQ assets supplied,https://www.encodeproject.org/files/ENCFF233ZQS/@@download/ENCFF233ZQS.fastq.gz; https://www.encodeproject.org/files/ENCFF899SEK/@@download/ENCFF899SEK.fastq.gz; https://www.encodeproject.org/files/ENCFF750XKX/@@download/ENCFF750XKX.bam; https://www.encodeproject.org/files/ENCFF211UZB/@@download/ENCFF211UZB.bam; https://www.encodeproject.org/files/ENCFF673SPK/@@download/ENCFF673SPK.tar.gz; https://www.encodeproject.org/files/ENCFF070GXQ/@@download/ENCFF070GXQ.bam; https://www.encodeproject.org/files/ENCFF434VZS/@@download/ENCFF434VZS.tar.gz; https://www.encodeproject.org/files/ENCFF589LJM/@@download/ENCFF589LJM.tar.gz; https://www.encodeproject.org/files/ENCFF805VIL/@@download/ENCFF805VIL.tar.gz; https://www.encodeproject.org/files/ENCFF753EFM/@@download/ENCFF753EFM.tar.gz; https://www.encodeproject.org/files/ENCFF340ASW/@@download/ENCFF340ASW.tar.gz,,BAM; FASTQ; GZ; fragment,false,false,true,false,24666109457,exact sum of released ENCODE read and index-read FASTQs,66399272358,exact sum of other released ENCODE component assets,91065381815,public,2026-08-01
ENCODE,ENCSR788RCF,,ENCODE released multiomics series,Homo sapiens liver tissue nuclear fraction male adult (45 years),liver,Homo sapiens,single-cell RNA sequencing assay; single-nucleus ATAC-seq,true,2673,2673,2673,2673,provider-reported estimated nuclei,,https://www.encodeproject.org/experiments/ENCSR788RCF/,https://www.encodeproject.org/files/ENCFF438MEI/@@download/ENCFF438MEI.fastq.gz; https://www.encodeproject.org/files/ENCFF727BFJ/@@download/ENCFF727BFJ.fastq.gz; https://www.encodeproject.org/files/ENCFF030DGY/@@download/ENCFF030DGY.fastq.gz; https://www.encodeproject.org/files/ENCFF773VSA/@@download/ENCFF773VSA.fastq.gz; https://www.encodeproject.org/files/ENCFF842BLF/@@download/ENCFF842BLF.fastq.gz; https://www.encodeproject.org/files/ENCFF842TPH/@@download/ENCFF842TPH.fastq.gz; https://www.encodeproject.org/files/ENCFF330URN/@@download/ENCFF330URN.fastq.gz; https://www.encodeproject.org/files/ENCFF230PXN/@@download/ENCFF230PXN.fastq.gz; https://www.encodeproject.org/files/ENCFF973EEQ/@@download/ENCFF973EEQ.fastq.gz; https://www.encodeproject.org/files/ENCFF076CCO/@@download/ENCFF076CCO.fastq.gz; https://www.encodeproject.org/files/ENCFF942OVA/@@download/ENCFF942OVA.fastq.gz; https://www.encodeproject.org/files/ENCFF724JTH/@@download/ENCFF724JTH.fastq.gz; https://www.encodeproject.org/files/ENCFF722PLN/@@download/ENCFF722PLN.fastq.gz,direct released FASTQ assets supplied,https://www.encodeproject.org/files/ENCFF004CMN/@@download/ENCFF004CMN.fastq.gz; https://www.encodeproject.org/files/ENCFF485OSQ/@@download/ENCFF485OSQ.fastq.gz; https://www.encodeproject.org/files/ENCFF136IMJ/@@download/ENCFF136IMJ.bam; https://www.encodeproject.org/files/ENCFF765LBA/@@download/ENCFF765LBA.bam; https://www.encodeproject.org/files/ENCFF033LOH/@@download/ENCFF033LOH.tar.gz; https://www.encodeproject.org/files/ENCFF311QES/@@download/ENCFF311QES.bam; https://www.encodeproject.org/files/ENCFF606IOV/@@download/ENCFF606IOV.tar.gz; https://www.encodeproject.org/files/ENCFF872JQP/@@download/ENCFF872JQP.tar.gz; https://www.encodeproject.org/files/ENCFF542DNB/@@download/ENCFF542DNB.tar.gz; https://www.encodeproject.org/files/ENCFF025GUF/@@download/ENCFF025GUF.tar.gz; https://www.encodeproject.org/files/ENCFF256UTW/@@download/ENCFF256UTW.tar.gz,,BAM; FASTQ; GZ; fragment,false,false,true,false,39716536676,exact sum of released ENCODE read and index-read FASTQs,104383707547,exact sum of other released ENCODE component assets,144100244223,public,2026-08-01
ENCODE,ENCSR793DNM,,ENCODE released multiomics series,Homo sapiens heart left ventricle tissue nuclear fraction female adult (59 years),heart left ventricle,Homo sapiens,single-cell RNA sequencing assay; single-nucleus ATAC-seq,true,13909,13909,13909,13909,provider-reported estimated nuclei,,https://www.encodeproject.org/experiments/ENCSR793DNM/,https://www.encodeproject.org/files/ENCFF467UEH/@@download/ENCFF467UEH.fastq.gz; https://www.encodeproject.org/files/ENCFF698TCR/@@download/ENCFF698TCR.fastq.gz; https://www.encodeproject.org/files/ENCFF387FDR/@@download/ENCFF387FDR.fastq.gz; https://www.encodeproject.org/files/ENCFF127WPK/@@download/ENCFF127WPK.fastq.gz; https://www.encodeproject.org/files/ENCFF047DLK/@@download/ENCFF047DLK.fastq.gz; https://www.encodeproject.org/files/ENCFF418KCW/@@download/ENCFF418KCW.fastq.gz; https://www.encodeproject.org/files/ENCFF765RMN/@@download/ENCFF765RMN.fastq.gz; https://www.encodeproject.org/files/ENCFF538DXH/@@download/ENCFF538DXH.fastq.gz; https://www.encodeproject.org/files/ENCFF579PUI/@@download/ENCFF579PUI.fastq.gz; https://www.encodeproject.org/files/ENCFF572SPG/@@download/ENCFF572SPG.fastq.gz,direct released FASTQ assets supplied,https://www.encodeproject.org/files/ENCFF582EHH/@@download/ENCFF582EHH.fastq.gz; https://www.encodeproject.org/files/ENCFF243CBN/@@download/ENCFF243CBN.fastq.gz; https://www.encodeproject.org/files/ENCFF585AWA/@@download/ENCFF585AWA.bam; https://www.encodeproject.org/files/ENCFF920YVW/@@download/ENCFF920YVW.bam; https://www.encodeproject.org/files/ENCFF922FFM/@@download/ENCFF922FFM.tar.gz; https://www.encodeproject.org/files/ENCFF673YWL/@@download/ENCFF673YWL.bam; https://www.encodeproject.org/files/ENCFF916VFR/@@download/ENCFF916VFR.tar.gz; https://www.encodeproject.org/files/ENCFF718XQH/@@download/ENCFF718XQH.tar.gz; https://www.encodeproject.org/files/ENCFF842ZNS/@@download/ENCFF842ZNS.tar.gz; https://www.encodeproject.org/files/ENCFF364GBG/@@download/ENCFF364GBG.tar.gz; https://www.encodeproject.org/files/ENCFF307NAL/@@download/ENCFF307NAL.tar.gz,,BAM; FASTQ; GZ; fragment,false,false,true,false,51113790824,exact sum of released ENCODE read and index-read FASTQs,107681835231,exact sum of other released ENCODE component assets,158795626055,public,2026-08-01
ENCODE,ENCSR793XGJ,,ENCODE released multiomics series,Homo sapiens heart left ventricle tissue nuclear fraction male adult (58 years),heart left ventricle,Homo sapiens,single-cell RNA sequencing assay; single-nucleus ATAC-seq,true,7066,7066,7066,7066,provider-reported estimated nuclei,,https://www.encodeproject.org/experiments/ENCSR793XGJ/,https://www.encodeproject.org/files/ENCFF884BJH/@@download/ENCFF884BJH.fastq.gz; https://www.encodeproject.org/files/ENCFF144EUN/@@download/ENCFF144EUN.fastq.gz; https://www.encodeproject.org/files/ENCFF029OFA/@@download/ENCFF029OFA.fastq.gz; https://www.encodeproject.org/files/ENCFF241QZN/@@download/ENCFF241QZN.fastq.gz; https://www.encodeproject.org/files/ENCFF005VAE/@@download/ENCFF005VAE.fastq.gz; https://www.encodeproject.org/files/ENCFF326IQY/@@download/ENCFF326IQY.fastq.gz; https://www.encodeproject.org/files/ENCFF559PVH/@@download/ENCFF559PVH.fastq.gz; https://www.encodeproject.org/files/ENCFF260DAH/@@download/ENCFF260DAH.fastq.gz; https://www.encodeproject.org/files/ENCFF910PQO/@@download/ENCFF910PQO.fastq.gz; https://www.encodeproject.org/files/ENCFF394ZCC/@@download/ENCFF394ZCC.fastq.gz; https://www.encodeproject.org/files/ENCFF328EOR/@@download/ENCFF328EOR.fastq.gz; https://www.encodeproject.org/files/ENCFF477HBR/@@download/ENCFF477HBR.fastq.gz; https://www.encodeproject.org/files/ENCFF028NHT/@@download/ENCFF028NHT.fastq.gz; https://www.encodeproject.org/files/ENCFF619ADE/@@download/ENCFF619ADE.fastq.gz; https://www.encodeproject.org/files/ENCFF948WBP/@@download/ENCFF948WBP.fastq.gz; https://www.encodeproject.org/files/ENCFF978DTH/@@download/ENCFF978DTH.fastq.gz; https://www.encodeproject.org/files/ENCFF219NBO/@@download/ENCFF219NBO.fastq.gz; https://www.encodeproject.org/files/ENCFF930BHH/@@download/ENCFF930BHH.fastq.gz; https://www.encodeproject.org/files/ENCFF769HEP/@@download/ENCFF769HEP.fastq.gz; https://www.encodeproject.org/files/ENCFF819QII/@@download/ENCFF819QII.fastq.gz,direct released FASTQ assets supplied,https://www.encodeproject.org/files/ENCFF401WTZ/@@download/ENCFF401WTZ.fastq.gz; https://www.encodeproject.org/files/ENCFF814IJM/@@download/ENCFF814IJM.fastq.gz; https://www.encodeproject.org/files/ENCFF235JWM/@@download/ENCFF235JWM.bam; https://www.encodeproject.org/files/ENCFF524KAK/@@download/ENCFF524KAK.bam; https://www.encodeproject.org/files/ENCFF888EOS/@@download/ENCFF888EOS.tar.gz; https://www.encodeproject.org/files/ENCFF419RRF/@@download/ENCFF419RRF.bam; https://www.encodeproject.org/files/ENCFF306ADI/@@download/ENCFF306ADI.tar.gz; https://www.encodeproject.org/files/ENCFF004QRO/@@download/ENCFF004QRO.tar.gz; https://www.encodeproject.org/files/ENCFF299VHU/@@download/ENCFF299VHU.tar.gz; https://www.encodeproject.org/files/ENCFF207WJQ/@@download/ENCFF207WJQ.tar.gz; https://www.encodeproject.org/files/ENCFF314JFV/@@download/ENCFF314JFV.tar.gz,,BAM; FASTQ; GZ; fragment,false,false,true,false,42775457911,exact sum of released ENCODE read and index-read FASTQs,88168510510,exact sum of other released ENCODE component assets,130943968421,public,2026-08-01
ENCODE,ENCSR807EAE,,ENCODE released multiomics series,Mus musculus C2C12 nuclear fraction,C2C12,Mus musculus,long read single-cell RNA-seq; single-cell RNA sequencing assay,true,159,159,159,159,provider-reported estimated nuclei,,https://www.encodeproject.org/experiments/ENCSR807EAE/,https://www.encodeproject.org/files/ENCFF740VMZ/@@download/ENCFF740VMZ.fastq.gz; https://www.encodeproject.org/files/ENCFF443YLR/@@download/ENCFF443YLR.fastq.gz; https://www.encodeproject.org/files/ENCFF912NLO/@@download/ENCFF912NLO.fastq.gz,direct released FASTQ assets supplied,https://www.encodeproject.org/files/ENCFF951XAO/@@download/ENCFF951XAO.fasta.gz; https://www.encodeproject.org/files/ENCFF904GHP/@@download/ENCFF904GHP.tsv; https://www.encodeproject.org/files/ENCFF301DZH/@@download/ENCFF301DZH.h5ad; https://www.encodeproject.org/files/ENCFF033NVO/@@download/ENCFF033NVO.h5ad; https://www.encodeproject.org/files/ENCFF816NGZ/@@download/ENCFF816NGZ.gtf.gz; https://www.encodeproject.org/files/ENCFF755KGW/@@download/ENCFF755KGW.h5ad; https://www.encodeproject.org/files/ENCFF176GAT/@@download/ENCFF176GAT.fasta.gz; https://www.encodeproject.org/files/ENCFF246FVU/@@download/ENCFF246FVU.bam; https://www.encodeproject.org/files/ENCFF340PFO/@@download/ENCFF340PFO.bam; https://www.encodeproject.org/files/ENCFF996NLE/@@download/ENCFF996NLE.tar.gz; https://www.encodeproject.org/files/ENCFF239OJE/@@download/ENCFF239OJE.tar.gz; https://www.encodeproject.org/files/ENCFF926QGY/@@download/ENCFF926QGY.tar.gz,,BAM; FASTQ; GZ; H5AD; TSV,true,false,false,false,1004852232,exact sum of released ENCODE read and index-read FASTQs,1792021046,exact sum of other released ENCODE component assets,2796873278,public,2026-08-01
ENCODE,ENCSR808RAT,,ENCODE released multiomics series,Homo sapiens lower lobe of left lung tissue nuclear fraction female adult (59 years),lower lobe of left lung,Homo sapiens,single-cell RNA sequencing assay; single-nucleus ATAC-seq,true,7972,7972,7972,7972,provider-reported estimated nuclei,,https://www.encodeproject.org/experiments/ENCSR808RAT/,https://www.encodeproject.org/files/ENCFF833DZJ/@@download/ENCFF833DZJ.fastq.gz; https://www.encodeproject.org/files/ENCFF867HOP/@@download/ENCFF867HOP.fastq.gz; https://www.encodeproject.org/files/ENCFF083SFF/@@download/ENCFF083SFF.fastq.gz; https://www.encodeproject.org/files/ENCFF808TDN/@@download/ENCFF808TDN.fastq.gz; https://www.encodeproject.org/files/ENCFF716RKX/@@download/ENCFF716RKX.fastq.gz; https://www.encodeproject.org/files/ENCFF787KAS/@@download/ENCFF787KAS.fastq.gz; https://www.encodeproject.org/files/ENCFF391ZYL/@@download/ENCFF391ZYL.fastq.gz; https://www.encodeproject.org/files/ENCFF233WOL/@@download/ENCFF233WOL.fastq.gz; https://www.encodeproject.org/files/ENCFF905YJA/@@download/ENCFF905YJA.fastq.gz; https://www.encodeproject.org/files/ENCFF191WWP/@@download/ENCFF191WWP.fastq.gz,direct released FASTQ assets supplied,https://www.encodeproject.org/files/ENCFF279JKC/@@download/ENCFF279JKC.fastq.gz; https://www.encodeproject.org/files/ENCFF086MPH/@@download/ENCFF086MPH.fastq.gz; https://www.encodeproject.org/files/ENCFF234FOF/@@download/ENCFF234FOF.bam; https://www.encodeproject.org/files/ENCFF801HEM/@@download/ENCFF801HEM.bam; https://www.encodeproject.org/files/ENCFF175ZOV/@@download/ENCFF175ZOV.tar.gz; https://www.encodeproject.org/files/ENCFF510UXD/@@download/ENCFF510UXD.bam; https://www.encodeproject.org/files/ENCFF955OLP/@@download/ENCFF955OLP.tar.gz; https://www.encodeproject.org/files/ENCFF904BER/@@download/ENCFF904BER.tar.gz; https://www.encodeproject.org/files/ENCFF125QIM/@@download/ENCFF125QIM.tar.gz; https://www.encodeproject.org/files/ENCFF461RNX/@@download/ENCFF461RNX.tar.gz; https://www.encodeproject.org/files/ENCFF822GUS/@@download/ENCFF822GUS.tar.gz,,BAM; FASTQ; GZ; fragment,false,false,true,false,54935041692,exact sum of released ENCODE read and index-read FASTQs,145903090510,exact sum of other released ENCODE component assets,200838132202,public,2026-08-01
ENCODE,ENCSR817RYV,,ENCODE released multiomics series,Mus musculus strain B6CASTF1/J left cerebral cortex tissue nuclear fraction female postnatal (14 days),left cerebral cortex,Mus musculus,single-cell RNA sequencing assay; single-nucleus ATAC-seq,true,15133,15133,15133,15133,provider-reported estimated nuclei,,https://www.encodeproject.org/experiments/ENCSR817RYV/,https://www.encodeproject.org/files/ENCFF723RXJ/@@download/ENCFF723RXJ.fastq.gz; https://www.encodeproject.org/files/ENCFF867XJT/@@download/ENCFF867XJT.fastq.gz; https://www.encodeproject.org/files/ENCFF936CSY/@@download/ENCFF936CSY.fastq.gz; https://www.encodeproject.org/files/ENCFF136TMY/@@download/ENCFF136TMY.fastq.gz; https://www.encodeproject.org/files/ENCFF849RKX/@@download/ENCFF849RKX.fastq.gz; https://www.encodeproject.org/files/ENCFF615OTD/@@download/ENCFF615OTD.fastq.gz; https://www.encodeproject.org/files/ENCFF386HIN/@@download/ENCFF386HIN.fastq.gz; https://www.encodeproject.org/files/ENCFF128UFQ/@@download/ENCFF128UFQ.fastq.gz; https://www.encodeproject.org/files/ENCFF906EHJ/@@download/ENCFF906EHJ.fastq.gz; https://www.encodeproject.org/files/ENCFF917YZN/@@download/ENCFF917YZN.fastq.gz,direct released FASTQ assets supplied,https://www.encodeproject.org/files/ENCFF994DSQ/@@download/ENCFF994DSQ.fastq.gz; https://www.encodeproject.org/files/ENCFF815JGO/@@download/ENCFF815JGO.fastq.gz; https://www.encodeproject.org/files/ENCFF776YVE/@@download/ENCFF776YVE.bam; https://www.encodeproject.org/files/ENCFF023NRL/@@download/ENCFF023NRL.bam; https://www.encodeproject.org/files/ENCFF674ICZ/@@download/ENCFF674ICZ.tar.gz; https://www.encodeproject.org/files/ENCFF048FZK/@@download/ENCFF048FZK.bam; https://www.encodeproject.org/files/ENCFF197HUK/@@download/ENCFF197HUK.tar.gz; https://www.encodeproject.org/files/ENCFF215TJX/@@download/ENCFF215TJX.tar.gz; https://www.encodeproject.org/files/ENCFF370WGD/@@download/ENCFF370WGD.tar.gz; https://www.encodeproject.org/files/ENCFF225JAP/@@download/ENCFF225JAP.tar.gz; https://www.encodeproject.org/files/ENCFF076RMG/@@download/ENCFF076RMG.tar.gz,,BAM; FASTQ; GZ; fragment,false,false,true,false,26656853191,exact sum of released ENCODE read and index-read FASTQs,57137751842,exact sum of other released ENCODE component assets,83794605033,public,2026-08-01
ENCODE,ENCSR822CXI,,ENCODE released multiomics series,Homo sapiens heart left ventricle tissue nuclear fraction male adult (20 years),heart left ventricle,Homo sapiens,single-cell RNA sequencing assay; single-nucleus ATAC-seq,true,14040,14040,14040,14040,provider-reported estimated nuclei,,https://www.encodeproject.org/experiments/ENCSR822CXI/,https://www.encodeproject.org/files/ENCFF293XMR/@@download/ENCFF293XMR.fastq.gz; https://www.encodeproject.org/files/ENCFF851EGC/@@download/ENCFF851EGC.fastq.gz; https://www.encodeproject.org/files/ENCFF358NZT/@@download/ENCFF358NZT.fastq.gz; https://www.encodeproject.org/files/ENCFF327XQH/@@download/ENCFF327XQH.fastq.gz; https://www.encodeproject.org/files/ENCFF533AZC/@@download/ENCFF533AZC.fastq.gz; https://www.encodeproject.org/files/ENCFF896KGE/@@download/ENCFF896KGE.fastq.gz; https://www.encodeproject.org/files/ENCFF887IOB/@@download/ENCFF887IOB.fastq.gz; https://www.encodeproject.org/files/ENCFF117ILV/@@download/ENCFF117ILV.fastq.gz; https://www.encodeproject.org/files/ENCFF508EMF/@@download/ENCFF508EMF.fastq.gz; https://www.encodeproject.org/files/ENCFF859DQJ/@@download/ENCFF859DQJ.fastq.gz,direct released FASTQ assets supplied,https://www.encodeproject.org/files/ENCFF270LOU/@@download/ENCFF270LOU.fastq.gz; https://www.encodeproject.org/files/ENCFF076HVL/@@download/ENCFF076HVL.fastq.gz; https://www.encodeproject.org/files/ENCFF256SPS/@@download/ENCFF256SPS.bam; https://www.encodeproject.org/files/ENCFF560XYH/@@download/ENCFF560XYH.bam; https://www.encodeproject.org/files/ENCFF522SKF/@@download/ENCFF522SKF.tar.gz; https://www.encodeproject.org/files/ENCFF031EGO/@@download/ENCFF031EGO.tar.gz; https://www.encodeproject.org/files/ENCFF797JDN/@@download/ENCFF797JDN.bam; https://www.encodeproject.org/files/ENCFF326OCK/@@download/ENCFF326OCK.tar.gz; https://www.encodeproject.org/files/ENCFF213BYF/@@download/ENCFF213BYF.tar.gz; https://www.encodeproject.org/files/ENCFF845YIP/@@download/ENCFF845YIP.tar.gz; https://www.encodeproject.org/files/ENCFF145JOX/@@download/ENCFF145JOX.tar.gz,,BAM; FASTQ; GZ; fragment,false,false,true,false,29103032687,exact sum of released ENCODE read and index-read FASTQs,66779780347,exact sum of other released ENCODE component assets,95882813034,public,2026-08-01
ENCODE,ENCSR823KSL,,ENCODE released multiomics series,Homo sapiens ovary tissue nuclear fraction female child (16 years),ovary,Homo sapiens,single-cell RNA sequencing assay; single-nucleus ATAC-seq,true,21215,21215,21215,21215,provider-reported estimated nuclei,,https://www.encodeproject.org/experiments/ENCSR823KSL/,https://www.encodeproject.org/files/ENCFF530JDP/@@download/ENCFF530JDP.fastq.gz; https://www.encodeproject.org/files/ENCFF958EUH/@@download/ENCFF958EUH.fastq.gz; https://www.encodeproject.org/files/ENCFF407JHJ/@@download/ENCFF407JHJ.fastq.gz; https://www.encodeproject.org/files/ENCFF441LTD/@@download/ENCFF441LTD.fastq.gz; https://www.encodeproject.org/files/ENCFF415CDM/@@download/ENCFF415CDM.fastq.gz; https://www.encodeproject.org/files/ENCFF056IHW/@@download/ENCFF056IHW.fastq.gz; https://www.encodeproject.org/files/ENCFF900WUC/@@download/ENCFF900WUC.fastq.gz; https://www.encodeproject.org/files/ENCFF924UWK/@@download/ENCFF924UWK.fastq.gz; https://www.encodeproject.org/files/ENCFF032CCL/@@download/ENCFF032CCL.fastq.gz; https://www.encodeproject.org/files/ENCFF334NHJ/@@download/ENCFF334NHJ.fastq.gz,direct released FASTQ assets supplied,https://www.encodeproject.org/files/ENCFF902RGZ/@@download/ENCFF902RGZ.fastq.gz; https://www.encodeproject.org/files/ENCFF630XOM/@@download/ENCFF630XOM.fastq.gz; https://www.encodeproject.org/files/ENCFF627ZZL/@@download/ENCFF627ZZL.bam; https://www.encodeproject.org/files/ENCFF333DMG/@@download/ENCFF333DMG.bam; https://www.encodeproject.org/files/ENCFF448IRV/@@download/ENCFF448IRV.tar.gz; https://www.encodeproject.org/files/ENCFF537ZEB/@@download/ENCFF537ZEB.bam; https://www.encodeproject.org/files/ENCFF364KZY/@@download/ENCFF364KZY.tar.gz; https://www.encodeproject.org/files/ENCFF754MMW/@@download/ENCFF754MMW.tar.gz; https://www.encodeproject.org/files/ENCFF022EJA/@@download/ENCFF022EJA.tar.gz; https://www.encodeproject.org/files/ENCFF810QKU/@@download/ENCFF810QKU.tar.gz; https://www.encodeproject.org/files/ENCFF853EHL/@@download/ENCFF853EHL.tar.gz,,BAM; FASTQ; GZ; fragment,false,false,true,false,24667691887,exact sum of released ENCODE read and index-read FASTQs,66275170085,exact sum of other released ENCODE component assets,90942861972,public,2026-08-01
ENCODE,ENCSR851GBP,,ENCODE released multiomics series,Homo sapiens psoas muscle tissue nuclear fraction female adult (59 years),psoas muscle,Homo sapiens,single-cell RNA sequencing assay; single-nucleus ATAC-seq,true,12946,12946,12946,12946,provider-reported estimated nuclei,,https://www.encodeproject.org/experiments/ENCSR851GBP/,https://www.encodeproject.org/files/ENCFF747SKZ/@@download/ENCFF747SKZ.fastq.gz; https://www.encodeproject.org/files/ENCFF124DBI/@@download/ENCFF124DBI.fastq.gz; https://www.encodeproject.org/files/ENCFF734JYC/@@download/ENCFF734JYC.fastq.gz; https://www.encodeproject.org/files/ENCFF383ZFT/@@download/ENCFF383ZFT.fastq.gz; https://www.encodeproject.org/files/ENCFF723EHZ/@@download/ENCFF723EHZ.fastq.gz; https://www.encodeproject.org/files/ENCFF518BEG/@@download/ENCFF518BEG.fastq.gz; https://www.encodeproject.org/files/ENCFF434RFM/@@download/ENCFF434RFM.fastq.gz; https://www.encodeproject.org/files/ENCFF272DQZ/@@download/ENCFF272DQZ.fastq.gz; https://www.encodeproject.org/files/ENCFF067ABO/@@download/ENCFF067ABO.fastq.gz; https://www.encodeproject.org/files/ENCFF895EDQ/@@download/ENCFF895EDQ.fastq.gz,direct released FASTQ assets supplied,https://www.encodeproject.org/files/ENCFF832NVW/@@download/ENCFF832NVW.fastq.gz; https://www.encodeproject.org/files/ENCFF899RUO/@@download/ENCFF899RUO.fastq.gz; https://www.encodeproject.org/files/ENCFF825IWK/@@download/ENCFF825IWK.bam; https://www.encodeproject.org/files/ENCFF579VPL/@@download/ENCFF579VPL.bam; https://www.encodeproject.org/files/ENCFF769KLR/@@download/ENCFF769KLR.tar.gz; https://www.encodeproject.org/files/ENCFF161XVG/@@download/ENCFF161XVG.bam; https://www.encodeproject.org/files/ENCFF810VOM/@@download/ENCFF810VOM.tar.gz; https://www.encodeproject.org/files/ENCFF485MID/@@download/ENCFF485MID.tar.gz; https://www.encodeproject.org/files/ENCFF205DLX/@@download/ENCFF205DLX.tar.gz; https://www.encodeproject.org/files/ENCFF885RTX/@@download/ENCFF885RTX.tar.gz; https://www.encodeproject.org/files/ENCFF758AEB/@@download/ENCFF758AEB.tar.gz,,BAM; FASTQ; GZ; fragment,false,false,true,false,44981997384,exact sum of released ENCODE read and index-read FASTQs,95458069733,exact sum of other released ENCODE component assets,140440067117,public,2026-08-01
ENCODE,ENCSR853JMV,,ENCODE released multiomics series,Homo sapiens liver tissue nuclear fraction male adult (35 years),liver,Homo sapiens,single-cell RNA sequencing assay; single-nucleus ATAC-seq,true,17947,17947,17947,17947,provider-reported estimated nuclei,,https://www.encodeproject.org/experiments/ENCSR853JMV/,https://www.encodeproject.org/files/ENCFF665VZY/@@download/ENCFF665VZY.fastq.gz; https://www.encodeproject.org/files/ENCFF538JIR/@@download/ENCFF538JIR.fastq.gz; https://www.encodeproject.org/files/ENCFF412RGG/@@download/ENCFF412RGG.fastq.gz; https://www.encodeproject.org/files/ENCFF545JMM/@@download/ENCFF545JMM.fastq.gz; https://www.encodeproject.org/files/ENCFF818WKU/@@download/ENCFF818WKU.fastq.gz; https://www.encodeproject.org/files/ENCFF464JDL/@@download/ENCFF464JDL.fastq.gz; https://www.encodeproject.org/files/ENCFF723SAE/@@download/ENCFF723SAE.fastq.gz; https://www.encodeproject.org/files/ENCFF721FRD/@@download/ENCFF721FRD.fastq.gz; https://www.encodeproject.org/files/ENCFF087RXJ/@@download/ENCFF087RXJ.fastq.gz; https://www.encodeproject.org/files/ENCFF022TXS/@@download/ENCFF022TXS.fastq.gz; https://www.encodeproject.org/files/ENCFF153LDP/@@download/ENCFF153LDP.fastq.gz; https://www.encodeproject.org/files/ENCFF973PYO/@@download/ENCFF973PYO.fastq.gz; https://www.encodeproject.org/files/ENCFF693VDP/@@download/ENCFF693VDP.fastq.gz,direct released FASTQ assets supplied,https://www.encodeproject.org/files/ENCFF003ENX/@@download/ENCFF003ENX.fastq.gz; https://www.encodeproject.org/files/ENCFF202CSU/@@download/ENCFF202CSU.fastq.gz; https://www.encodeproject.org/files/ENCFF599JUF/@@download/ENCFF599JUF.bam; https://www.encodeproject.org/files/ENCFF254ZIC/@@download/ENCFF254ZIC.bam; https://www.encodeproject.org/files/ENCFF744GTE/@@download/ENCFF744GTE.tar.gz; https://www.encodeproject.org/files/ENCFF367CDO/@@download/ENCFF367CDO.bam; https://www.encodeproject.org/files/ENCFF441SVW/@@download/ENCFF441SVW.tar.gz; https://www.encodeproject.org/files/ENCFF448KFC/@@download/ENCFF448KFC.tar.gz; https://www.encodeproject.org/files/ENCFF376WEO/@@download/ENCFF376WEO.tar.gz; https://www.encodeproject.org/files/ENCFF346ETS/@@download/ENCFF346ETS.tar.gz; https://www.encodeproject.org/files/ENCFF867AUQ/@@download/ENCFF867AUQ.tar.gz,,BAM; FASTQ; GZ; fragment,false,false,true,false,83333689488,exact sum of released ENCODE read and index-read FASTQs,145333211826,exact sum of other released ENCODE component assets,228666901314,public,2026-08-01
ENCODE,ENCSR861PPJ,,ENCODE released multiomics series,Homo sapiens heart left ventricle tissue nuclear fraction male adult (68 years),heart left ventricle,Homo sapiens,single-cell RNA sequencing assay; single-nucleus ATAC-seq,true,23968,23968,23968,23968,provider-reported estimated nuclei,,https://www.encodeproject.org/experiments/ENCSR861PPJ/,https://www.encodeproject.org/files/ENCFF103IQU/@@download/ENCFF103IQU.fastq.gz; https://www.encodeproject.org/files/ENCFF420KQU/@@download/ENCFF420KQU.fastq.gz; https://www.encodeproject.org/files/ENCFF438GZJ/@@download/ENCFF438GZJ.fastq.gz; https://www.encodeproject.org/files/ENCFF860FXT/@@download/ENCFF860FXT.fastq.gz; https://www.encodeproject.org/files/ENCFF608NIN/@@download/ENCFF608NIN.fastq.gz; https://www.encodeproject.org/files/ENCFF889ZSA/@@download/ENCFF889ZSA.fastq.gz; https://www.encodeproject.org/files/ENCFF005ESF/@@download/ENCFF005ESF.fastq.gz; https://www.encodeproject.org/files/ENCFF651KMX/@@download/ENCFF651KMX.fastq.gz; https://www.encodeproject.org/files/ENCFF230FRO/@@download/ENCFF230FRO.fastq.gz; https://www.encodeproject.org/files/ENCFF199VCR/@@download/ENCFF199VCR.fastq.gz; https://www.encodeproject.org/files/ENCFF365TDH/@@download/ENCFF365TDH.fastq.gz; https://www.encodeproject.org/files/ENCFF064YEU/@@download/ENCFF064YEU.fastq.gz; https://www.encodeproject.org/files/ENCFF392ZJZ/@@download/ENCFF392ZJZ.fastq.gz; https://www.encodeproject.org/files/ENCFF118XVV/@@download/ENCFF118XVV.fastq.gz; https://www.encodeproject.org/files/ENCFF295NZO/@@download/ENCFF295NZO.fastq.gz; https://www.encodeproject.org/files/ENCFF822TAH/@@download/ENCFF822TAH.fastq.gz; https://www.encodeproject.org/files/ENCFF711AIL/@@download/ENCFF711AIL.fastq.gz; https://www.encodeproject.org/files/ENCFF715WFH/@@download/ENCFF715WFH.fastq.gz; https://www.encodeproject.org/files/ENCFF935PUX/@@download/ENCFF935PUX.fastq.gz; https://www.encodeproject.org/files/ENCFF726WIV/@@download/ENCFF726WIV.fastq.gz,direct released FASTQ assets supplied,https://www.encodeproject.org/files/ENCFF514ALP/@@download/ENCFF514ALP.fastq.gz; https://www.encodeproject.org/files/ENCFF745PMI/@@download/ENCFF745PMI.fastq.gz; https://www.encodeproject.org/files/ENCFF607BLN/@@download/ENCFF607BLN.bam; https://www.encodeproject.org/files/ENCFF677VBG/@@download/ENCFF677VBG.bam; https://www.encodeproject.org/files/ENCFF385DRA/@@download/ENCFF385DRA.tar.gz; https://www.encodeproject.org/files/ENCFF392DRJ/@@download/ENCFF392DRJ.bam; https://www.encodeproject.org/files/ENCFF669JZO/@@download/ENCFF669JZO.tar.gz; https://www.encodeproject.org/files/ENCFF216TRA/@@download/ENCFF216TRA.tar.gz; https://www.encodeproject.org/files/ENCFF044JNW/@@download/ENCFF044JNW.tar.gz; https://www.encodeproject.org/files/ENCFF546XEZ/@@download/ENCFF546XEZ.tar.gz; https://www.encodeproject.org/files/ENCFF022SMK/@@download/ENCFF022SMK.tar.gz,,BAM; FASTQ; GZ; fragment,false,false,true,false,41176965761,exact sum of released ENCODE read and index-read FASTQs,91834109603,exact sum of other released ENCODE component assets,133011075364,public,2026-08-01
ENCODE,ENCSR865JAB,,ENCODE released multiomics series,Mus musculus strain B6CASTF1/J adrenal gland tissue nuclear fraction female postnatal (14 days),adrenal gland,Mus musculus,single-cell RNA sequencing assay; single-nucleus ATAC-seq,true,5759,5759,5759,5759,provider-reported estimated nuclei,,https://www.encodeproject.org/experiments/ENCSR865JAB/,https://www.encodeproject.org/files/ENCFF722GWH/@@download/ENCFF722GWH.fastq.gz; https://www.encodeproject.org/files/ENCFF441CMW/@@download/ENCFF441CMW.fastq.gz; https://www.encodeproject.org/files/ENCFF324MCA/@@download/ENCFF324MCA.fastq.gz; https://www.encodeproject.org/files/ENCFF490NUQ/@@download/ENCFF490NUQ.fastq.gz; https://www.encodeproject.org/files/ENCFF747XZQ/@@download/ENCFF747XZQ.fastq.gz; https://www.encodeproject.org/files/ENCFF442XKB/@@download/ENCFF442XKB.fastq.gz; https://www.encodeproject.org/files/ENCFF701NHH/@@download/ENCFF701NHH.fastq.gz; https://www.encodeproject.org/files/ENCFF239GGH/@@download/ENCFF239GGH.fastq.gz; https://www.encodeproject.org/files/ENCFF592BBB/@@download/ENCFF592BBB.fastq.gz; https://www.encodeproject.org/files/ENCFF033XZT/@@download/ENCFF033XZT.fastq.gz,direct released FASTQ assets supplied,https://www.encodeproject.org/files/ENCFF580QUU/@@download/ENCFF580QUU.fastq.gz; https://www.encodeproject.org/files/ENCFF767ZZL/@@download/ENCFF767ZZL.fastq.gz; https://www.encodeproject.org/files/ENCFF603XBH/@@download/ENCFF603XBH.bam; https://www.encodeproject.org/files/ENCFF090IJD/@@download/ENCFF090IJD.bam; https://www.encodeproject.org/files/ENCFF622EUO/@@download/ENCFF622EUO.tar.gz; https://www.encodeproject.org/files/ENCFF155WFC/@@download/ENCFF155WFC.bam; https://www.encodeproject.org/files/ENCFF447HMP/@@download/ENCFF447HMP.tar.gz; https://www.encodeproject.org/files/ENCFF913CDG/@@download/ENCFF913CDG.tar.gz; https://www.encodeproject.org/files/ENCFF627CVG/@@download/ENCFF627CVG.tar.gz; https://www.encodeproject.org/files/ENCFF394IGL/@@download/ENCFF394IGL.tar.gz; https://www.encodeproject.org/files/ENCFF923AYN/@@download/ENCFF923AYN.tar.gz,,BAM; FASTQ; GZ; fragment,false,false,true,false,32083383105,exact sum of released ENCODE read and index-read FASTQs,63771257920,exact sum of other released ENCODE component assets,95854641025,public,2026-08-01
ENCODE,ENCSR870POU,,ENCODE released multiomics series,Homo sapiens heart left ventricle tissue nuclear fraction male adult (30 years),heart left ventricle,Homo sapiens,single-cell RNA sequencing assay; single-nucleus ATAC-seq,true,21205,21205,21205,21205,provider-reported estimated nuclei,,https://www.encodeproject.org/experiments/ENCSR870POU/,https://www.encodeproject.org/files/ENCFF720GQF/@@download/ENCFF720GQF.fastq.gz; https://www.encodeproject.org/files/ENCFF516XMX/@@download/ENCFF516XMX.fastq.gz; https://www.encodeproject.org/files/ENCFF353TLB/@@download/ENCFF353TLB.fastq.gz; https://www.encodeproject.org/files/ENCFF224IKR/@@download/ENCFF224IKR.fastq.gz; https://www.encodeproject.org/files/ENCFF083EHH/@@download/ENCFF083EHH.fastq.gz; https://www.encodeproject.org/files/ENCFF038LJU/@@download/ENCFF038LJU.fastq.gz; https://www.encodeproject.org/files/ENCFF736WUH/@@download/ENCFF736WUH.fastq.gz; https://www.encodeproject.org/files/ENCFF148ENE/@@download/ENCFF148ENE.fastq.gz; https://www.encodeproject.org/files/ENCFF569NCQ/@@download/ENCFF569NCQ.fastq.gz; https://www.encodeproject.org/files/ENCFF216VNM/@@download/ENCFF216VNM.fastq.gz; https://www.encodeproject.org/files/ENCFF114VWQ/@@download/ENCFF114VWQ.fastq.gz; https://www.encodeproject.org/files/ENCFF472EBO/@@download/ENCFF472EBO.fastq.gz; https://www.encodeproject.org/files/ENCFF525XBF/@@download/ENCFF525XBF.fastq.gz; https://www.encodeproject.org/files/ENCFF435DEJ/@@download/ENCFF435DEJ.fastq.gz; https://www.encodeproject.org/files/ENCFF669XQQ/@@download/ENCFF669XQQ.fastq.gz; https://www.encodeproject.org/files/ENCFF024GYX/@@download/ENCFF024GYX.fastq.gz; https://www.encodeproject.org/files/ENCFF299PHN/@@download/ENCFF299PHN.fastq.gz; https://www.encodeproject.org/files/ENCFF357JCN/@@download/ENCFF357JCN.fastq.gz; https://www.encodeproject.org/files/ENCFF018UYW/@@download/ENCFF018UYW.fastq.gz; https://www.encodeproject.org/files/ENCFF974KRV/@@download/ENCFF974KRV.fastq.gz,direct released FASTQ assets supplied,https://www.encodeproject.org/files/ENCFF595JFV/@@download/ENCFF595JFV.fastq.gz; https://www.encodeproject.org/files/ENCFF673LAC/@@download/ENCFF673LAC.fastq.gz; https://www.encodeproject.org/files/ENCFF603OBS/@@download/ENCFF603OBS.bam; https://www.encodeproject.org/files/ENCFF437LRY/@@download/ENCFF437LRY.bam; https://www.encodeproject.org/files/ENCFF326CWI/@@download/ENCFF326CWI.tar.gz; https://www.encodeproject.org/files/ENCFF591UWX/@@download/ENCFF591UWX.bam; https://www.encodeproject.org/files/ENCFF332CFS/@@download/ENCFF332CFS.tar.gz; https://www.encodeproject.org/files/ENCFF768IJQ/@@download/ENCFF768IJQ.tar.gz; https://www.encodeproject.org/files/ENCFF872VNQ/@@download/ENCFF872VNQ.tar.gz; https://www.encodeproject.org/files/ENCFF912YPD/@@download/ENCFF912YPD.tar.gz; https://www.encodeproject.org/files/ENCFF497GHN/@@download/ENCFF497GHN.tar.gz,,BAM; FASTQ; GZ; fragment,false,false,true,false,59771263337,exact sum of released ENCODE read and index-read FASTQs,143078436933,exact sum of other released ENCODE component assets,202849700270,public,2026-08-01
ENCODE,ENCSR871JTA,,ENCODE released multiomics series,Homo sapiens bile duct tissue nuclear fraction female adult (41 years),bile duct,Homo sapiens,single-cell RNA sequencing assay; single-nucleus ATAC-seq,true,16200,16200,16200,16200,provider-reported estimated nuclei,,https://www.encodeproject.org/experiments/ENCSR871JTA/,https://www.encodeproject.org/files/ENCFF669FSJ/@@download/ENCFF669FSJ.fastq.gz; https://www.encodeproject.org/files/ENCFF961PHG/@@download/ENCFF961PHG.fastq.gz; https://www.encodeproject.org/files/ENCFF096RMH/@@download/ENCFF096RMH.fastq.gz; https://www.encodeproject.org/files/ENCFF937TOU/@@download/ENCFF937TOU.fastq.gz; https://www.encodeproject.org/files/ENCFF935JUA/@@download/ENCFF935JUA.fastq.gz; https://www.encodeproject.org/files/ENCFF420NYB/@@download/ENCFF420NYB.fastq.gz; https://www.encodeproject.org/files/ENCFF982AHM/@@download/ENCFF982AHM.fastq.gz; https://www.encodeproject.org/files/ENCFF759WUW/@@download/ENCFF759WUW.fastq.gz; https://www.encodeproject.org/files/ENCFF852SJB/@@download/ENCFF852SJB.fastq.gz; https://www.encodeproject.org/files/ENCFF435XYB/@@download/ENCFF435XYB.fastq.gz,direct released FASTQ assets supplied,https://www.encodeproject.org/files/ENCFF148QLN/@@download/ENCFF148QLN.fastq.gz; https://www.encodeproject.org/files/ENCFF526VVB/@@download/ENCFF526VVB.fastq.gz; https://www.encodeproject.org/files/ENCFF993UZQ/@@download/ENCFF993UZQ.bam; https://www.encodeproject.org/files/ENCFF964DXQ/@@download/ENCFF964DXQ.bam; https://www.encodeproject.org/files/ENCFF496LJW/@@download/ENCFF496LJW.tar.gz; https://www.encodeproject.org/files/ENCFF542QUS/@@download/ENCFF542QUS.bam; https://www.encodeproject.org/files/ENCFF300NYJ/@@download/ENCFF300NYJ.tar.gz; https://www.encodeproject.org/files/ENCFF938PLV/@@download/ENCFF938PLV.tar.gz; https://www.encodeproject.org/files/ENCFF071AAF/@@download/ENCFF071AAF.tar.gz; https://www.encodeproject.org/files/ENCFF595JOB/@@download/ENCFF595JOB.tar.gz; https://www.encodeproject.org/files/ENCFF060LXY/@@download/ENCFF060LXY.tar.gz,,BAM; FASTQ; GZ; fragment,false,false,true,false,47843697231,exact sum of released ENCODE read and index-read FASTQs,118645645732,exact sum of other released ENCODE component assets,166489342963,public,2026-08-01
ENCODE,ENCSR882CKY,,ENCODE released multiomics series,Homo sapiens heart left ventricle tissue nuclear fraction male adult (68 years),heart left ventricle,Homo sapiens,single-cell RNA sequencing assay; single-nucleus ATAC-seq,true,22050,22050,22050,22050,provider-reported estimated nuclei,,https://www.encodeproject.org/experiments/ENCSR882CKY/,https://www.encodeproject.org/files/ENCFF407SBT/@@download/ENCFF407SBT.fastq.gz; https://www.encodeproject.org/files/ENCFF501XPC/@@download/ENCFF501XPC.fastq.gz; https://www.encodeproject.org/files/ENCFF382ASF/@@download/ENCFF382ASF.fastq.gz; https://www.encodeproject.org/files/ENCFF602OKN/@@download/ENCFF602OKN.fastq.gz; https://www.encodeproject.org/files/ENCFF775RPP/@@download/ENCFF775RPP.fastq.gz; https://www.encodeproject.org/files/ENCFF815KHD/@@download/ENCFF815KHD.fastq.gz; https://www.encodeproject.org/files/ENCFF732VVW/@@download/ENCFF732VVW.fastq.gz; https://www.encodeproject.org/files/ENCFF977GJR/@@download/ENCFF977GJR.fastq.gz; https://www.encodeproject.org/files/ENCFF002XIR/@@download/ENCFF002XIR.fastq.gz; https://www.encodeproject.org/files/ENCFF291ZEJ/@@download/ENCFF291ZEJ.fastq.gz; https://www.encodeproject.org/files/ENCFF958ZEZ/@@download/ENCFF958ZEZ.fastq.gz; https://www.encodeproject.org/files/ENCFF058IXH/@@download/ENCFF058IXH.fastq.gz; https://www.encodeproject.org/files/ENCFF537MSL/@@download/ENCFF537MSL.fastq.gz; https://www.encodeproject.org/files/ENCFF174NFE/@@download/ENCFF174NFE.fastq.gz; https://www.encodeproject.org/files/ENCFF522LOS/@@download/ENCFF522LOS.fastq.gz; https://www.encodeproject.org/files/ENCFF837QEG/@@download/ENCFF837QEG.fastq.gz; https://www.encodeproject.org/files/ENCFF190CGR/@@download/ENCFF190CGR.fastq.gz; https://www.encodeproject.org/files/ENCFF971RNY/@@download/ENCFF971RNY.fastq.gz; https://www.encodeproject.org/files/ENCFF200FJQ/@@download/ENCFF200FJQ.fastq.gz; https://www.encodeproject.org/files/ENCFF690CGM/@@download/ENCFF690CGM.fastq.gz,direct released FASTQ assets supplied,https://www.encodeproject.org/files/ENCFF415PRV/@@download/ENCFF415PRV.fastq.gz; https://www.encodeproject.org/files/ENCFF812ESN/@@download/ENCFF812ESN.fastq.gz; https://www.encodeproject.org/files/ENCFF088QSQ/@@download/ENCFF088QSQ.bam; https://www.encodeproject.org/files/ENCFF631BWR/@@download/ENCFF631BWR.bam; https://www.encodeproject.org/files/ENCFF312TZG/@@download/ENCFF312TZG.tar.gz; https://www.encodeproject.org/files/ENCFF190NSU/@@download/ENCFF190NSU.bam; https://www.encodeproject.org/files/ENCFF453RHE/@@download/ENCFF453RHE.tar.gz; https://www.encodeproject.org/files/ENCFF356UPT/@@download/ENCFF356UPT.tar.gz; https://www.encodeproject.org/files/ENCFF898QYM/@@download/ENCFF898QYM.tar.gz; https://www.encodeproject.org/files/ENCFF990HVS/@@download/ENCFF990HVS.tar.gz; https://www.encodeproject.org/files/ENCFF376RDV/@@download/ENCFF376RDV.tar.gz,,BAM; FASTQ; GZ; fragment,false,false,true,false,58676209307,exact sum of released ENCODE read and index-read FASTQs,142716949908,exact sum of other released ENCODE component assets,201393159215,public,2026-08-01
ENCODE,ENCSR884JZC,,ENCODE released multiomics series,Homo sapiens heart left ventricle tissue nuclear fraction male adult (62 years),heart left ventricle,Homo sapiens,single-cell RNA sequencing assay; single-nucleus ATAC-seq,true,18130,18130,18130,18130,provider-reported estimated nuclei,,https://www.encodeproject.org/experiments/ENCSR884JZC/,https://www.encodeproject.org/files/ENCFF541NMQ/@@download/ENCFF541NMQ.fastq.gz; https://www.encodeproject.org/files/ENCFF908ODJ/@@download/ENCFF908ODJ.fastq.gz; https://www.encodeproject.org/files/ENCFF896MCG/@@download/ENCFF896MCG.fastq.gz; https://www.encodeproject.org/files/ENCFF404SOS/@@download/ENCFF404SOS.fastq.gz; https://www.encodeproject.org/files/ENCFF949CNO/@@download/ENCFF949CNO.fastq.gz; https://www.encodeproject.org/files/ENCFF181ZIS/@@download/ENCFF181ZIS.fastq.gz; https://www.encodeproject.org/files/ENCFF843AYQ/@@download/ENCFF843AYQ.fastq.gz; https://www.encodeproject.org/files/ENCFF118BXF/@@download/ENCFF118BXF.fastq.gz; https://www.encodeproject.org/files/ENCFF579BFD/@@download/ENCFF579BFD.fastq.gz; https://www.encodeproject.org/files/ENCFF736FAX/@@download/ENCFF736FAX.fastq.gz,direct released FASTQ assets supplied,https://www.encodeproject.org/files/ENCFF767DTT/@@download/ENCFF767DTT.fastq.gz; https://www.encodeproject.org/files/ENCFF596SRG/@@download/ENCFF596SRG.fastq.gz; https://www.encodeproject.org/files/ENCFF437NND/@@download/ENCFF437NND.bam; https://www.encodeproject.org/files/ENCFF833WCA/@@download/ENCFF833WCA.bam; https://www.encodeproject.org/files/ENCFF920ZTM/@@download/ENCFF920ZTM.tar.gz; https://www.encodeproject.org/files/ENCFF404SYD/@@download/ENCFF404SYD.bam; https://www.encodeproject.org/files/ENCFF069NKF/@@download/ENCFF069NKF.tar.gz; https://www.encodeproject.org/files/ENCFF552HTP/@@download/ENCFF552HTP.tar.gz; https://www.encodeproject.org/files/ENCFF573MJB/@@download/ENCFF573MJB.tar.gz; https://www.encodeproject.org/files/ENCFF854OKS/@@download/ENCFF854OKS.tar.gz; https://www.encodeproject.org/files/ENCFF884XMQ/@@download/ENCFF884XMQ.tar.gz,,BAM; FASTQ; GZ; fragment,false,false,true,false,29073657776,exact sum of released ENCODE read and index-read FASTQs,65371322402,exact sum of other released ENCODE component assets,94444980178,public,2026-08-01
ENCODE,ENCSR889JIE,,ENCODE released multiomics series,Homo sapiens heart left ventricle tissue nuclear fraction female adult (32 years),heart left ventricle,Homo sapiens,single-cell RNA sequencing assay; single-nucleus ATAC-seq,true,17917,17917,17917,17917,provider-reported estimated nuclei,,https://www.encodeproject.org/experiments/ENCSR889JIE/,https://www.encodeproject.org/files/ENCFF804OMP/@@download/ENCFF804OMP.fastq.gz; https://www.encodeproject.org/files/ENCFF321UDW/@@download/ENCFF321UDW.fastq.gz; https://www.encodeproject.org/files/ENCFF444ZOX/@@download/ENCFF444ZOX.fastq.gz; https://www.encodeproject.org/files/ENCFF625URU/@@download/ENCFF625URU.fastq.gz; https://www.encodeproject.org/files/ENCFF979OLO/@@download/ENCFF979OLO.fastq.gz; https://www.encodeproject.org/files/ENCFF881AAA/@@download/ENCFF881AAA.fastq.gz; https://www.encodeproject.org/files/ENCFF696NOH/@@download/ENCFF696NOH.fastq.gz; https://www.encodeproject.org/files/ENCFF992NKB/@@download/ENCFF992NKB.fastq.gz; https://www.encodeproject.org/files/ENCFF292TPM/@@download/ENCFF292TPM.fastq.gz; https://www.encodeproject.org/files/ENCFF776LYV/@@download/ENCFF776LYV.fastq.gz; https://www.encodeproject.org/files/ENCFF256INL/@@download/ENCFF256INL.fastq.gz; https://www.encodeproject.org/files/ENCFF359LRS/@@download/ENCFF359LRS.fastq.gz; https://www.encodeproject.org/files/ENCFF196AZS/@@download/ENCFF196AZS.fastq.gz; https://www.encodeproject.org/files/ENCFF965WUG/@@download/ENCFF965WUG.fastq.gz; https://www.encodeproject.org/files/ENCFF999GLW/@@download/ENCFF999GLW.fastq.gz; https://www.encodeproject.org/files/ENCFF667XIQ/@@download/ENCFF667XIQ.fastq.gz; https://www.encodeproject.org/files/ENCFF736WYC/@@download/ENCFF736WYC.fastq.gz; https://www.encodeproject.org/files/ENCFF696IGS/@@download/ENCFF696IGS.fastq.gz; https://www.encodeproject.org/files/ENCFF319WIX/@@download/ENCFF319WIX.fastq.gz; https://www.encodeproject.org/files/ENCFF046XTI/@@download/ENCFF046XTI.fastq.gz,direct released FASTQ assets supplied,https://www.encodeproject.org/files/ENCFF337OBR/@@download/ENCFF337OBR.fastq.gz; https://www.encodeproject.org/files/ENCFF962FEY/@@download/ENCFF962FEY.fastq.gz; https://www.encodeproject.org/files/ENCFF274IBA/@@download/ENCFF274IBA.bam; https://www.encodeproject.org/files/ENCFF846YEK/@@download/ENCFF846YEK.bam; https://www.encodeproject.org/files/ENCFF978FNS/@@download/ENCFF978FNS.tar.gz; https://www.encodeproject.org/files/ENCFF440XNG/@@download/ENCFF440XNG.bam; https://www.encodeproject.org/files/ENCFF089MLT/@@download/ENCFF089MLT.tar.gz; https://www.encodeproject.org/files/ENCFF091JBK/@@download/ENCFF091JBK.tar.gz; https://www.encodeproject.org/files/ENCFF684KAN/@@download/ENCFF684KAN.tar.gz; https://www.encodeproject.org/files/ENCFF134DPH/@@download/ENCFF134DPH.tar.gz; https://www.encodeproject.org/files/ENCFF111ALN/@@download/ENCFF111ALN.tar.gz,,BAM; FASTQ; GZ; fragment,false,false,true,false,66395197680,exact sum of released ENCODE read and index-read FASTQs,167323851875,exact sum of other released ENCODE component assets,233719049555,public,2026-08-01
ENCODE,ENCSR889TPR,,ENCODE released multiomics series,Mus musculus strain B6CASTF1/J layer of hippocampus tissue nuclear fraction male postnatal (14 days),layer of hippocampus,Mus musculus,single-cell RNA sequencing assay; single-nucleus ATAC-seq,true,10454,10454,10454,10454,provider-reported estimated nuclei,,https://www.encodeproject.org/experiments/ENCSR889TPR/,https://www.encodeproject.org/files/ENCFF113ZDS/@@download/ENCFF113ZDS.fastq.gz; https://www.encodeproject.org/files/ENCFF201JRN/@@download/ENCFF201JRN.fastq.gz; https://www.encodeproject.org/files/ENCFF764YNN/@@download/ENCFF764YNN.fastq.gz; https://www.encodeproject.org/files/ENCFF463XMM/@@download/ENCFF463XMM.fastq.gz; https://www.encodeproject.org/files/ENCFF331QXL/@@download/ENCFF331QXL.fastq.gz; https://www.encodeproject.org/files/ENCFF572AGT/@@download/ENCFF572AGT.fastq.gz; https://www.encodeproject.org/files/ENCFF754SBM/@@download/ENCFF754SBM.fastq.gz; https://www.encodeproject.org/files/ENCFF939OTZ/@@download/ENCFF939OTZ.fastq.gz; https://www.encodeproject.org/files/ENCFF260HCH/@@download/ENCFF260HCH.fastq.gz; https://www.encodeproject.org/files/ENCFF442IDW/@@download/ENCFF442IDW.fastq.gz,direct released FASTQ assets supplied,https://www.encodeproject.org/files/ENCFF878CAP/@@download/ENCFF878CAP.fastq.gz; https://www.encodeproject.org/files/ENCFF918BAC/@@download/ENCFF918BAC.fastq.gz; https://www.encodeproject.org/files/ENCFF217YAH/@@download/ENCFF217YAH.bam; https://www.encodeproject.org/files/ENCFF109MDT/@@download/ENCFF109MDT.bam; https://www.encodeproject.org/files/ENCFF699GUJ/@@download/ENCFF699GUJ.tar.gz; https://www.encodeproject.org/files/ENCFF922ENS/@@download/ENCFF922ENS.bam; https://www.encodeproject.org/files/ENCFF261APQ/@@download/ENCFF261APQ.tar.gz; https://www.encodeproject.org/files/ENCFF262ACD/@@download/ENCFF262ACD.tar.gz; https://www.encodeproject.org/files/ENCFF999FDZ/@@download/ENCFF999FDZ.tar.gz; https://www.encodeproject.org/files/ENCFF125PAP/@@download/ENCFF125PAP.tar.gz; https://www.encodeproject.org/files/ENCFF797DBY/@@download/ENCFF797DBY.tar.gz,,BAM; FASTQ; GZ; fragment,false,false,true,false,26849192053,exact sum of released ENCODE read and index-read FASTQs,58936389978,exact sum of other released ENCODE component assets,85785582031,public,2026-08-01
ENCODE,ENCSR891TJB,,ENCODE released multiomics series,Homo sapiens heart left ventricle tissue nuclear fraction female adult (59 years),heart left ventricle,Homo sapiens,single-cell RNA sequencing assay; single-nucleus ATAC-seq,true,19896,19896,19896,19896,provider-reported estimated nuclei,,https://www.encodeproject.org/experiments/ENCSR891TJB/,https://www.encodeproject.org/files/ENCFF804ONU/@@download/ENCFF804ONU.fastq.gz; https://www.encodeproject.org/files/ENCFF393IGF/@@download/ENCFF393IGF.fastq.gz; https://www.encodeproject.org/files/ENCFF089CQG/@@download/ENCFF089CQG.fastq.gz; https://www.encodeproject.org/files/ENCFF360TKH/@@download/ENCFF360TKH.fastq.gz; https://www.encodeproject.org/files/ENCFF844OBD/@@download/ENCFF844OBD.fastq.gz; https://www.encodeproject.org/files/ENCFF780NJR/@@download/ENCFF780NJR.fastq.gz; https://www.encodeproject.org/files/ENCFF304OYH/@@download/ENCFF304OYH.fastq.gz; https://www.encodeproject.org/files/ENCFF695RWH/@@download/ENCFF695RWH.fastq.gz; https://www.encodeproject.org/files/ENCFF026VGE/@@download/ENCFF026VGE.fastq.gz; https://www.encodeproject.org/files/ENCFF719FIH/@@download/ENCFF719FIH.fastq.gz; https://www.encodeproject.org/files/ENCFF789JWD/@@download/ENCFF789JWD.fastq.gz; https://www.encodeproject.org/files/ENCFF182BKM/@@download/ENCFF182BKM.fastq.gz; https://www.encodeproject.org/files/ENCFF888YYO/@@download/ENCFF888YYO.fastq.gz; https://www.encodeproject.org/files/ENCFF984CSJ/@@download/ENCFF984CSJ.fastq.gz; https://www.encodeproject.org/files/ENCFF555FEV/@@download/ENCFF555FEV.fastq.gz; https://www.encodeproject.org/files/ENCFF385IMU/@@download/ENCFF385IMU.fastq.gz; https://www.encodeproject.org/files/ENCFF837RAJ/@@download/ENCFF837RAJ.fastq.gz; https://www.encodeproject.org/files/ENCFF144SGE/@@download/ENCFF144SGE.fastq.gz; https://www.encodeproject.org/files/ENCFF416RUA/@@download/ENCFF416RUA.fastq.gz; https://www.encodeproject.org/files/ENCFF734VUX/@@download/ENCFF734VUX.fastq.gz,direct released FASTQ assets supplied,https://www.encodeproject.org/files/ENCFF002MHS/@@download/ENCFF002MHS.fastq.gz; https://www.encodeproject.org/files/ENCFF863FBD/@@download/ENCFF863FBD.fastq.gz; https://www.encodeproject.org/files/ENCFF079PIQ/@@download/ENCFF079PIQ.bam; https://www.encodeproject.org/files/ENCFF926SEA/@@download/ENCFF926SEA.bam; https://www.encodeproject.org/files/ENCFF739YMT/@@download/ENCFF739YMT.tar.gz; https://www.encodeproject.org/files/ENCFF583UAM/@@download/ENCFF583UAM.bam; https://www.encodeproject.org/files/ENCFF549PCC/@@download/ENCFF549PCC.tar.gz; https://www.encodeproject.org/files/ENCFF760MXT/@@download/ENCFF760MXT.tar.gz; https://www.encodeproject.org/files/ENCFF257VIE/@@download/ENCFF257VIE.tar.gz; https://www.encodeproject.org/files/ENCFF586VVM/@@download/ENCFF586VVM.tar.gz; https://www.encodeproject.org/files/ENCFF172FTF/@@download/ENCFF172FTF.tar.gz,,BAM; FASTQ; GZ; fragment,false,false,true,false,64591355238,exact sum of released ENCODE read and index-read FASTQs,165512220278,exact sum of other released ENCODE component assets,230103575516,public,2026-08-01
ENCODE,ENCSR909EGE,,ENCODE released multiomics series,Homo sapiens ovary tissue nuclear fraction female adult (41 years),ovary,Homo sapiens,single-cell RNA sequencing assay; single-nucleus ATAC-seq,true,18389,18389,18389,18389,provider-reported estimated nuclei,,https://www.encodeproject.org/experiments/ENCSR909EGE/,https://www.encodeproject.org/files/ENCFF775MIY/@@download/ENCFF775MIY.fastq.gz; https://www.encodeproject.org/files/ENCFF760EAV/@@download/ENCFF760EAV.fastq.gz; https://www.encodeproject.org/files/ENCFF730UUL/@@download/ENCFF730UUL.fastq.gz; https://www.encodeproject.org/files/ENCFF446GZS/@@download/ENCFF446GZS.fastq.gz; https://www.encodeproject.org/files/ENCFF488OWL/@@download/ENCFF488OWL.fastq.gz; https://www.encodeproject.org/files/ENCFF920POW/@@download/ENCFF920POW.fastq.gz; https://www.encodeproject.org/files/ENCFF554NPA/@@download/ENCFF554NPA.fastq.gz; https://www.encodeproject.org/files/ENCFF678THN/@@download/ENCFF678THN.fastq.gz; https://www.encodeproject.org/files/ENCFF936AST/@@download/ENCFF936AST.fastq.gz; https://www.encodeproject.org/files/ENCFF941ZCK/@@download/ENCFF941ZCK.fastq.gz,direct released FASTQ assets supplied,https://www.encodeproject.org/files/ENCFF077VCU/@@download/ENCFF077VCU.fastq.gz; https://www.encodeproject.org/files/ENCFF791LCU/@@download/ENCFF791LCU.fastq.gz; https://www.encodeproject.org/files/ENCFF570LDH/@@download/ENCFF570LDH.bam; https://www.encodeproject.org/files/ENCFF821BCY/@@download/ENCFF821BCY.bam; https://www.encodeproject.org/files/ENCFF098TVN/@@download/ENCFF098TVN.tar.gz; https://www.encodeproject.org/files/ENCFF666NVM/@@download/ENCFF666NVM.bam; https://www.encodeproject.org/files/ENCFF820ADE/@@download/ENCFF820ADE.tar.gz; https://www.encodeproject.org/files/ENCFF098NWM/@@download/ENCFF098NWM.tar.gz; https://www.encodeproject.org/files/ENCFF198LCW/@@download/ENCFF198LCW.tar.gz; https://www.encodeproject.org/files/ENCFF434WVE/@@download/ENCFF434WVE.tar.gz; https://www.encodeproject.org/files/ENCFF289ZKB/@@download/ENCFF289ZKB.tar.gz,,BAM; FASTQ; GZ; fragment,false,false,true,false,22483243917,exact sum of released ENCODE read and index-read FASTQs,60479860253,exact sum of other released ENCODE component assets,82963104170,public,2026-08-01
ENCODE,ENCSR916CEX,,ENCODE released multiomics series,Mus musculus strain B6CASTF1/J layer of hippocampus tissue nuclear fraction female postnatal (14 days),layer of hippocampus,Mus musculus,single-cell RNA sequencing assay; single-nucleus ATAC-seq,true,8066,8066,8066,8066,provider-reported estimated nuclei,,https://www.encodeproject.org/experiments/ENCSR916CEX/,https://www.encodeproject.org/files/ENCFF497XOB/@@download/ENCFF497XOB.fastq.gz; https://www.encodeproject.org/files/ENCFF397GXL/@@download/ENCFF397GXL.fastq.gz; https://www.encodeproject.org/files/ENCFF358XPG/@@download/ENCFF358XPG.fastq.gz; https://www.encodeproject.org/files/ENCFF541XVL/@@download/ENCFF541XVL.fastq.gz; https://www.encodeproject.org/files/ENCFF698VRH/@@download/ENCFF698VRH.fastq.gz; https://www.encodeproject.org/files/ENCFF894YGI/@@download/ENCFF894YGI.fastq.gz; https://www.encodeproject.org/files/ENCFF280IDJ/@@download/ENCFF280IDJ.fastq.gz; https://www.encodeproject.org/files/ENCFF687MMH/@@download/ENCFF687MMH.fastq.gz; https://www.encodeproject.org/files/ENCFF761GAF/@@download/ENCFF761GAF.fastq.gz; https://www.encodeproject.org/files/ENCFF168AAV/@@download/ENCFF168AAV.fastq.gz,direct released FASTQ assets supplied,https://www.encodeproject.org/files/ENCFF384ZMX/@@download/ENCFF384ZMX.fastq.gz; https://www.encodeproject.org/files/ENCFF774TOU/@@download/ENCFF774TOU.fastq.gz; https://www.encodeproject.org/files/ENCFF007BTQ/@@download/ENCFF007BTQ.bam; https://www.encodeproject.org/files/ENCFF553QHY/@@download/ENCFF553QHY.bam; https://www.encodeproject.org/files/ENCFF887IYF/@@download/ENCFF887IYF.tar.gz; https://www.encodeproject.org/files/ENCFF107YEF/@@download/ENCFF107YEF.bam; https://www.encodeproject.org/files/ENCFF323IGT/@@download/ENCFF323IGT.tar.gz; https://www.encodeproject.org/files/ENCFF309OWE/@@download/ENCFF309OWE.tar.gz; https://www.encodeproject.org/files/ENCFF232YLY/@@download/ENCFF232YLY.tar.gz; https://www.encodeproject.org/files/ENCFF048RAV/@@download/ENCFF048RAV.tar.gz; https://www.encodeproject.org/files/ENCFF806PMX/@@download/ENCFF806PMX.tar.gz,,BAM; FASTQ; GZ; fragment,false,false,true,false,28925803486,exact sum of released ENCODE read and index-read FASTQs,59376804620,exact sum of other released ENCODE component assets,88302608106,public,2026-08-01
ENCODE,ENCSR921OKB,,ENCODE released multiomics series,Mus musculus strain B6CASTF1/J layer of hippocampus tissue nuclear fraction female adult (2 months),layer of hippocampus,Mus musculus,single-cell RNA sequencing assay; single-nucleus ATAC-seq,true,3999,3999,3999,3999,provider-reported estimated nuclei,,https://www.encodeproject.org/experiments/ENCSR921OKB/,https://www.encodeproject.org/files/ENCFF141WXR/@@download/ENCFF141WXR.fastq.gz; https://www.encodeproject.org/files/ENCFF806ZZB/@@download/ENCFF806ZZB.fastq.gz; https://www.encodeproject.org/files/ENCFF003VQD/@@download/ENCFF003VQD.fastq.gz; https://www.encodeproject.org/files/ENCFF119IEV/@@download/ENCFF119IEV.fastq.gz; https://www.encodeproject.org/files/ENCFF093RFX/@@download/ENCFF093RFX.fastq.gz; https://www.encodeproject.org/files/ENCFF923DBZ/@@download/ENCFF923DBZ.fastq.gz; https://www.encodeproject.org/files/ENCFF922EEA/@@download/ENCFF922EEA.fastq.gz; https://www.encodeproject.org/files/ENCFF051ZEH/@@download/ENCFF051ZEH.fastq.gz; https://www.encodeproject.org/files/ENCFF324YXY/@@download/ENCFF324YXY.fastq.gz; https://www.encodeproject.org/files/ENCFF133FIQ/@@download/ENCFF133FIQ.fastq.gz,direct released FASTQ assets supplied,https://www.encodeproject.org/files/ENCFF298YLG/@@download/ENCFF298YLG.fastq.gz; https://www.encodeproject.org/files/ENCFF227LNG/@@download/ENCFF227LNG.fastq.gz; https://www.encodeproject.org/files/ENCFF710VDJ/@@download/ENCFF710VDJ.bam; https://www.encodeproject.org/files/ENCFF029FUA/@@download/ENCFF029FUA.bam; https://www.encodeproject.org/files/ENCFF529YTW/@@download/ENCFF529YTW.tar.gz; https://www.encodeproject.org/files/ENCFF941SSZ/@@download/ENCFF941SSZ.bam; https://www.encodeproject.org/files/ENCFF315IMD/@@download/ENCFF315IMD.tar.gz; https://www.encodeproject.org/files/ENCFF518XSK/@@download/ENCFF518XSK.tar.gz; https://www.encodeproject.org/files/ENCFF435FWZ/@@download/ENCFF435FWZ.tar.gz; https://www.encodeproject.org/files/ENCFF837DVA/@@download/ENCFF837DVA.tar.gz; https://www.encodeproject.org/files/ENCFF549JAZ/@@download/ENCFF549JAZ.tar.gz,,BAM; FASTQ; GZ; fragment,false,false,true,false,23867976539,exact sum of released ENCODE read and index-read FASTQs,49215978755,exact sum of other released ENCODE component assets,73083955294,public,2026-08-01
ENCODE,ENCSR923FKN,,ENCODE released multiomics series,Homo sapiens left cardiac atrium tissue nuclear fraction male adult (40 years),left cardiac atrium,Homo sapiens,single-cell RNA sequencing assay; single-nucleus ATAC-seq,true,15610,15610,15610,15610,provider-reported estimated nuclei,,https://www.encodeproject.org/experiments/ENCSR923FKN/,https://www.encodeproject.org/files/ENCFF870XWA/@@download/ENCFF870XWA.fastq.gz; https://www.encodeproject.org/files/ENCFF963IXX/@@download/ENCFF963IXX.fastq.gz; https://www.encodeproject.org/files/ENCFF821SDD/@@download/ENCFF821SDD.fastq.gz; https://www.encodeproject.org/files/ENCFF221ZIS/@@download/ENCFF221ZIS.fastq.gz; https://www.encodeproject.org/files/ENCFF047PTF/@@download/ENCFF047PTF.fastq.gz; https://www.encodeproject.org/files/ENCFF129MTM/@@download/ENCFF129MTM.fastq.gz; https://www.encodeproject.org/files/ENCFF365DGX/@@download/ENCFF365DGX.fastq.gz; https://www.encodeproject.org/files/ENCFF660WUU/@@download/ENCFF660WUU.fastq.gz; https://www.encodeproject.org/files/ENCFF563YLA/@@download/ENCFF563YLA.fastq.gz; https://www.encodeproject.org/files/ENCFF381PIJ/@@download/ENCFF381PIJ.fastq.gz,direct released FASTQ assets supplied,https://www.encodeproject.org/files/ENCFF516YCX/@@download/ENCFF516YCX.fastq.gz; https://www.encodeproject.org/files/ENCFF359AOO/@@download/ENCFF359AOO.fastq.gz; https://www.encodeproject.org/files/ENCFF076QGT/@@download/ENCFF076QGT.bam; https://www.encodeproject.org/files/ENCFF651EDM/@@download/ENCFF651EDM.bam; https://www.encodeproject.org/files/ENCFF216QLO/@@download/ENCFF216QLO.tar.gz; https://www.encodeproject.org/files/ENCFF541VLS/@@download/ENCFF541VLS.bam; https://www.encodeproject.org/files/ENCFF096RCL/@@download/ENCFF096RCL.tar.gz; https://www.encodeproject.org/files/ENCFF991PTI/@@download/ENCFF991PTI.tar.gz; https://www.encodeproject.org/files/ENCFF338VQV/@@download/ENCFF338VQV.tar.gz; https://www.encodeproject.org/files/ENCFF131MLA/@@download/ENCFF131MLA.tar.gz; https://www.encodeproject.org/files/ENCFF048GTG/@@download/ENCFF048GTG.tar.gz,,BAM; FASTQ; GZ; fragment,false,false,true,false,46387219791,exact sum of released ENCODE read and index-read FASTQs,103408246279,exact sum of other released ENCODE component assets,149795466070,public,2026-08-01
ENCODE,ENCSR925IHI,,ENCODE released multiomics series,Homo sapiens left colon tissue nuclear fraction female adult (59 years),left colon,Homo sapiens,single-cell RNA sequencing assay; single-nucleus ATAC-seq,true,13869,13869,13869,13869,provider-reported estimated nuclei,,https://www.encodeproject.org/experiments/ENCSR925IHI/,https://www.encodeproject.org/files/ENCFF555DAJ/@@download/ENCFF555DAJ.fastq.gz; https://www.encodeproject.org/files/ENCFF251XBS/@@download/ENCFF251XBS.fastq.gz; https://www.encodeproject.org/files/ENCFF424GPE/@@download/ENCFF424GPE.fastq.gz; https://www.encodeproject.org/files/ENCFF043NLM/@@download/ENCFF043NLM.fastq.gz; https://www.encodeproject.org/files/ENCFF980MGO/@@download/ENCFF980MGO.fastq.gz; https://www.encodeproject.org/files/ENCFF892TQK/@@download/ENCFF892TQK.fastq.gz; https://www.encodeproject.org/files/ENCFF009XRH/@@download/ENCFF009XRH.fastq.gz; https://www.encodeproject.org/files/ENCFF985IJF/@@download/ENCFF985IJF.fastq.gz; https://www.encodeproject.org/files/ENCFF061ZLZ/@@download/ENCFF061ZLZ.fastq.gz; https://www.encodeproject.org/files/ENCFF926HZT/@@download/ENCFF926HZT.fastq.gz,direct released FASTQ assets supplied,https://www.encodeproject.org/files/ENCFF661BMQ/@@download/ENCFF661BMQ.fastq.gz; https://www.encodeproject.org/files/ENCFF135CQQ/@@download/ENCFF135CQQ.fastq.gz; https://www.encodeproject.org/files/ENCFF170HCY/@@download/ENCFF170HCY.bam; https://www.encodeproject.org/files/ENCFF216DXN/@@download/ENCFF216DXN.bam; https://www.encodeproject.org/files/ENCFF040VYY/@@download/ENCFF040VYY.tar.gz; https://www.encodeproject.org/files/ENCFF671JDM/@@download/ENCFF671JDM.bam; https://www.encodeproject.org/files/ENCFF890HCC/@@download/ENCFF890HCC.tar.gz; https://www.encodeproject.org/files/ENCFF470ZSF/@@download/ENCFF470ZSF.tar.gz; https://www.encodeproject.org/files/ENCFF374XTZ/@@download/ENCFF374XTZ.tar.gz; https://www.encodeproject.org/files/ENCFF070LDP/@@download/ENCFF070LDP.tar.gz; https://www.encodeproject.org/files/ENCFF949IOU/@@download/ENCFF949IOU.tar.gz,,BAM; FASTQ; GZ; fragment,false,false,true,false,47584954562,exact sum of released ENCODE read and index-read FASTQs,102691960880,exact sum of other released ENCODE component assets,150276915442,public,2026-08-01
ENCODE,ENCSR933ULF,,ENCODE released multiomics series,Mus musculus strain B6CASTF1/J layer of hippocampus tissue nuclear fraction male adult (2 months),layer of hippocampus,Mus musculus,single-cell RNA sequencing assay; single-nucleus ATAC-seq,true,1278,1278,1278,1278,provider-reported estimated nuclei,,https://www.encodeproject.org/experiments/ENCSR933ULF/,https://www.encodeproject.org/files/ENCFF853MFA/@@download/ENCFF853MFA.fastq.gz; https://www.encodeproject.org/files/ENCFF461KGA/@@download/ENCFF461KGA.fastq.gz; https://www.encodeproject.org/files/ENCFF664BWT/@@download/ENCFF664BWT.fastq.gz; https://www.encodeproject.org/files/ENCFF136MMB/@@download/ENCFF136MMB.fastq.gz; https://www.encodeproject.org/files/ENCFF072TWU/@@download/ENCFF072TWU.fastq.gz; https://www.encodeproject.org/files/ENCFF780GWV/@@download/ENCFF780GWV.fastq.gz; https://www.encodeproject.org/files/ENCFF153JKN/@@download/ENCFF153JKN.fastq.gz; https://www.encodeproject.org/files/ENCFF537XAH/@@download/ENCFF537XAH.fastq.gz; https://www.encodeproject.org/files/ENCFF459HYO/@@download/ENCFF459HYO.fastq.gz; https://www.encodeproject.org/files/ENCFF958QIC/@@download/ENCFF958QIC.fastq.gz,direct released FASTQ assets supplied,https://www.encodeproject.org/files/ENCFF476YSC/@@download/ENCFF476YSC.fastq.gz; https://www.encodeproject.org/files/ENCFF118GUG/@@download/ENCFF118GUG.fastq.gz; https://www.encodeproject.org/files/ENCFF736MKV/@@download/ENCFF736MKV.bam; https://www.encodeproject.org/files/ENCFF735AMS/@@download/ENCFF735AMS.bam; https://www.encodeproject.org/files/ENCFF318OLS/@@download/ENCFF318OLS.tar.gz; https://www.encodeproject.org/files/ENCFF574YLO/@@download/ENCFF574YLO.bam; https://www.encodeproject.org/files/ENCFF238RIM/@@download/ENCFF238RIM.tar.gz; https://www.encodeproject.org/files/ENCFF931XHA/@@download/ENCFF931XHA.tar.gz; https://www.encodeproject.org/files/ENCFF629MWO/@@download/ENCFF629MWO.tar.gz; https://www.encodeproject.org/files/ENCFF979WXE/@@download/ENCFF979WXE.tar.gz; https://www.encodeproject.org/files/ENCFF007TWI/@@download/ENCFF007TWI.tar.gz,,BAM; FASTQ; GZ; fragment,false,false,true,false,26371227989,exact sum of released ENCODE read and index-read FASTQs,40076502376,exact sum of other released ENCODE component assets,66447730365,public,2026-08-01
ENCODE,ENCSR938QYK,,ENCODE released multiomics series,Homo sapiens heart left ventricle tissue nuclear fraction male adult (45 years),heart left ventricle,Homo sapiens,single-cell RNA sequencing assay; single-nucleus ATAC-seq,true,13819,13819,13819,13819,provider-reported estimated nuclei,,https://www.encodeproject.org/experiments/ENCSR938QYK/,https://www.encodeproject.org/files/ENCFF752RVO/@@download/ENCFF752RVO.fastq.gz; https://www.encodeproject.org/files/ENCFF395AZL/@@download/ENCFF395AZL.fastq.gz; https://www.encodeproject.org/files/ENCFF561IIE/@@download/ENCFF561IIE.fastq.gz; https://www.encodeproject.org/files/ENCFF421MUY/@@download/ENCFF421MUY.fastq.gz; https://www.encodeproject.org/files/ENCFF151ZLL/@@download/ENCFF151ZLL.fastq.gz; https://www.encodeproject.org/files/ENCFF730VOJ/@@download/ENCFF730VOJ.fastq.gz; https://www.encodeproject.org/files/ENCFF314BUG/@@download/ENCFF314BUG.fastq.gz; https://www.encodeproject.org/files/ENCFF234UQJ/@@download/ENCFF234UQJ.fastq.gz; https://www.encodeproject.org/files/ENCFF327YBQ/@@download/ENCFF327YBQ.fastq.gz; https://www.encodeproject.org/files/ENCFF596ABV/@@download/ENCFF596ABV.fastq.gz; https://www.encodeproject.org/files/ENCFF240LJE/@@download/ENCFF240LJE.fastq.gz; https://www.encodeproject.org/files/ENCFF968CZZ/@@download/ENCFF968CZZ.fastq.gz; https://www.encodeproject.org/files/ENCFF698OEX/@@download/ENCFF698OEX.fastq.gz; https://www.encodeproject.org/files/ENCFF217SUA/@@download/ENCFF217SUA.fastq.gz; https://www.encodeproject.org/files/ENCFF630BNJ/@@download/ENCFF630BNJ.fastq.gz; https://www.encodeproject.org/files/ENCFF583KKQ/@@download/ENCFF583KKQ.fastq.gz; https://www.encodeproject.org/files/ENCFF074URK/@@download/ENCFF074URK.fastq.gz; https://www.encodeproject.org/files/ENCFF541MBL/@@download/ENCFF541MBL.fastq.gz; https://www.encodeproject.org/files/ENCFF256FJB/@@download/ENCFF256FJB.fastq.gz; https://www.encodeproject.org/files/ENCFF273KLR/@@download/ENCFF273KLR.fastq.gz,direct released FASTQ assets supplied,https://www.encodeproject.org/files/ENCFF835VQB/@@download/ENCFF835VQB.fastq.gz; https://www.encodeproject.org/files/ENCFF004ZEP/@@download/ENCFF004ZEP.fastq.gz; https://www.encodeproject.org/files/ENCFF498JJZ/@@download/ENCFF498JJZ.bam; https://www.encodeproject.org/files/ENCFF544ZJD/@@download/ENCFF544ZJD.bam; https://www.encodeproject.org/files/ENCFF163PCU/@@download/ENCFF163PCU.tar.gz; https://www.encodeproject.org/files/ENCFF092CFR/@@download/ENCFF092CFR.bam; https://www.encodeproject.org/files/ENCFF216OLS/@@download/ENCFF216OLS.tar.gz; https://www.encodeproject.org/files/ENCFF459HJH/@@download/ENCFF459HJH.tar.gz; https://www.encodeproject.org/files/ENCFF311QHU/@@download/ENCFF311QHU.tar.gz; https://www.encodeproject.org/files/ENCFF131RGT/@@download/ENCFF131RGT.tar.gz; https://www.encodeproject.org/files/ENCFF898UMG/@@download/ENCFF898UMG.tar.gz,,BAM; FASTQ; GZ; fragment,false,false,true,false,41019736428,exact sum of released ENCODE read and index-read FASTQs,80972814563,exact sum of other released ENCODE component assets,121992550991,public,2026-08-01
ENCODE,ENCSR954THM,,ENCODE released multiomics series,Homo sapiens heart left ventricle tissue nuclear fraction male adult (31 years),heart left ventricle,Homo sapiens,single-cell RNA sequencing assay; single-nucleus ATAC-seq,true,14831,14831,14831,14831,provider-reported estimated nuclei,,https://www.encodeproject.org/experiments/ENCSR954THM/,https://www.encodeproject.org/files/ENCFF019TVY/@@download/ENCFF019TVY.fastq.gz; https://www.encodeproject.org/files/ENCFF050DIO/@@download/ENCFF050DIO.fastq.gz; https://www.encodeproject.org/files/ENCFF359MWI/@@download/ENCFF359MWI.fastq.gz; https://www.encodeproject.org/files/ENCFF082GQK/@@download/ENCFF082GQK.fastq.gz; https://www.encodeproject.org/files/ENCFF495JBP/@@download/ENCFF495JBP.fastq.gz; https://www.encodeproject.org/files/ENCFF412XGD/@@download/ENCFF412XGD.fastq.gz; https://www.encodeproject.org/files/ENCFF886WKX/@@download/ENCFF886WKX.fastq.gz; https://www.encodeproject.org/files/ENCFF969KPL/@@download/ENCFF969KPL.fastq.gz; https://www.encodeproject.org/files/ENCFF457CTR/@@download/ENCFF457CTR.fastq.gz; https://www.encodeproject.org/files/ENCFF492VRH/@@download/ENCFF492VRH.fastq.gz,direct released FASTQ assets supplied,https://www.encodeproject.org/files/ENCFF874MZI/@@download/ENCFF874MZI.fastq.gz; https://www.encodeproject.org/files/ENCFF526RSB/@@download/ENCFF526RSB.fastq.gz; https://www.encodeproject.org/files/ENCFF464UMG/@@download/ENCFF464UMG.bam; https://www.encodeproject.org/files/ENCFF492RYQ/@@download/ENCFF492RYQ.bam; https://www.encodeproject.org/files/ENCFF296HET/@@download/ENCFF296HET.tar.gz; https://www.encodeproject.org/files/ENCFF341NTT/@@download/ENCFF341NTT.bam; https://www.encodeproject.org/files/ENCFF147NFM/@@download/ENCFF147NFM.tar.gz; https://www.encodeproject.org/files/ENCFF484HHL/@@download/ENCFF484HHL.tar.gz; https://www.encodeproject.org/files/ENCFF179EZD/@@download/ENCFF179EZD.tar.gz; https://www.encodeproject.org/files/ENCFF479XRA/@@download/ENCFF479XRA.tar.gz; https://www.encodeproject.org/files/ENCFF978ZMM/@@download/ENCFF978ZMM.tar.gz,,BAM; FASTQ; GZ; fragment,false,false,true,false,41252997895,exact sum of released ENCODE read and index-read FASTQs,105024402437,exact sum of other released ENCODE component assets,146277400332,public,2026-08-01
ENCODE,ENCSR956ZER,,ENCODE released multiomics series,Homo sapiens heart left ventricle tissue nuclear fraction male adult (66 years),heart left ventricle,Homo sapiens,single-cell RNA sequencing assay; single-nucleus ATAC-seq,true,21816,21816,21816,21816,provider-reported estimated nuclei,,https://www.encodeproject.org/experiments/ENCSR956ZER/,https://www.encodeproject.org/files/ENCFF514EIL/@@download/ENCFF514EIL.fastq.gz; https://www.encodeproject.org/files/ENCFF245CKP/@@download/ENCFF245CKP.fastq.gz; https://www.encodeproject.org/files/ENCFF700NKE/@@download/ENCFF700NKE.fastq.gz; https://www.encodeproject.org/files/ENCFF431SQK/@@download/ENCFF431SQK.fastq.gz; https://www.encodeproject.org/files/ENCFF724XFL/@@download/ENCFF724XFL.fastq.gz; https://www.encodeproject.org/files/ENCFF997QXX/@@download/ENCFF997QXX.fastq.gz; https://www.encodeproject.org/files/ENCFF955XWD/@@download/ENCFF955XWD.fastq.gz; https://www.encodeproject.org/files/ENCFF439KKH/@@download/ENCFF439KKH.fastq.gz; https://www.encodeproject.org/files/ENCFF295OZA/@@download/ENCFF295OZA.fastq.gz; https://www.encodeproject.org/files/ENCFF088UOS/@@download/ENCFF088UOS.fastq.gz,direct released FASTQ assets supplied,https://www.encodeproject.org/files/ENCFF678DTR/@@download/ENCFF678DTR.fastq.gz; https://www.encodeproject.org/files/ENCFF905EBE/@@download/ENCFF905EBE.fastq.gz; https://www.encodeproject.org/files/ENCFF988IBU/@@download/ENCFF988IBU.bam; https://www.encodeproject.org/files/ENCFF315JNX/@@download/ENCFF315JNX.bam; https://www.encodeproject.org/files/ENCFF789IKL/@@download/ENCFF789IKL.tar.gz; https://www.encodeproject.org/files/ENCFF094GCY/@@download/ENCFF094GCY.bam; https://www.encodeproject.org/files/ENCFF806TDL/@@download/ENCFF806TDL.tar.gz; https://www.encodeproject.org/files/ENCFF696DZL/@@download/ENCFF696DZL.tar.gz; https://www.encodeproject.org/files/ENCFF548ZWP/@@download/ENCFF548ZWP.tar.gz; https://www.encodeproject.org/files/ENCFF520QGO/@@download/ENCFF520QGO.tar.gz; https://www.encodeproject.org/files/ENCFF581BNZ/@@download/ENCFF581BNZ.tar.gz,,BAM; FASTQ; GZ; fragment,false,false,true,false,43284649452,exact sum of released ENCODE read and index-read FASTQs,97531215462,exact sum of other released ENCODE component assets,140815864914,public,2026-08-01
ENCODE,ENCSR966RKP,,ENCODE released multiomics series,Homo sapiens heart left ventricle tissue nuclear fraction male adult (21 years),heart left ventricle,Homo sapiens,single-cell RNA sequencing assay; single-nucleus ATAC-seq,true,12090,12090,12090,12090,provider-reported estimated nuclei,,https://www.encodeproject.org/experiments/ENCSR966RKP/,https://www.encodeproject.org/files/ENCFF530GVR/@@download/ENCFF530GVR.fastq.gz; https://www.encodeproject.org/files/ENCFF828GZO/@@download/ENCFF828GZO.fastq.gz; https://www.encodeproject.org/files/ENCFF962MOE/@@download/ENCFF962MOE.fastq.gz; https://www.encodeproject.org/files/ENCFF254JDV/@@download/ENCFF254JDV.fastq.gz; https://www.encodeproject.org/files/ENCFF725GCD/@@download/ENCFF725GCD.fastq.gz; https://www.encodeproject.org/files/ENCFF489LGY/@@download/ENCFF489LGY.fastq.gz; https://www.encodeproject.org/files/ENCFF614XNL/@@download/ENCFF614XNL.fastq.gz; https://www.encodeproject.org/files/ENCFF110QWE/@@download/ENCFF110QWE.fastq.gz; https://www.encodeproject.org/files/ENCFF375MZJ/@@download/ENCFF375MZJ.fastq.gz; https://www.encodeproject.org/files/ENCFF337REI/@@download/ENCFF337REI.fastq.gz; https://www.encodeproject.org/files/ENCFF538MWZ/@@download/ENCFF538MWZ.fastq.gz; https://www.encodeproject.org/files/ENCFF179CND/@@download/ENCFF179CND.fastq.gz; https://www.encodeproject.org/files/ENCFF904SMD/@@download/ENCFF904SMD.fastq.gz; https://www.encodeproject.org/files/ENCFF441FKY/@@download/ENCFF441FKY.fastq.gz; https://www.encodeproject.org/files/ENCFF516WHK/@@download/ENCFF516WHK.fastq.gz; https://www.encodeproject.org/files/ENCFF309ZVS/@@download/ENCFF309ZVS.fastq.gz; https://www.encodeproject.org/files/ENCFF889YBG/@@download/ENCFF889YBG.fastq.gz; https://www.encodeproject.org/files/ENCFF242NWR/@@download/ENCFF242NWR.fastq.gz; https://www.encodeproject.org/files/ENCFF533CRR/@@download/ENCFF533CRR.fastq.gz; https://www.encodeproject.org/files/ENCFF094RSY/@@download/ENCFF094RSY.fastq.gz,direct released FASTQ assets supplied,https://www.encodeproject.org/files/ENCFF743TOJ/@@download/ENCFF743TOJ.fastq.gz; https://www.encodeproject.org/files/ENCFF633AZR/@@download/ENCFF633AZR.fastq.gz; https://www.encodeproject.org/files/ENCFF686ZQJ/@@download/ENCFF686ZQJ.bam; https://www.encodeproject.org/files/ENCFF279ULG/@@download/ENCFF279ULG.bam; https://www.encodeproject.org/files/ENCFF654FKD/@@download/ENCFF654FKD.tar.gz; https://www.encodeproject.org/files/ENCFF880TFK/@@download/ENCFF880TFK.bam; https://www.encodeproject.org/files/ENCFF364QVU/@@download/ENCFF364QVU.tar.gz; https://www.encodeproject.org/files/ENCFF802HTG/@@download/ENCFF802HTG.tar.gz; https://www.encodeproject.org/files/ENCFF924QJZ/@@download/ENCFF924QJZ.tar.gz; https://www.encodeproject.org/files/ENCFF682PEH/@@download/ENCFF682PEH.tar.gz; https://www.encodeproject.org/files/ENCFF561TPA/@@download/ENCFF561TPA.tar.gz,,BAM; FASTQ; GZ; fragment,false,false,true,false,40456960570,exact sum of released ENCODE read and index-read FASTQs,76800434812,exact sum of other released ENCODE component assets,117257395382,public,2026-08-01
ENCODE,ENCSR975IXL,,ENCODE released multiomics series,Homo sapiens ovary tissue nuclear fraction female adult (47 years),ovary,Homo sapiens,single-cell RNA sequencing assay; single-nucleus ATAC-seq,true,13560,13560,13560,13560,provider-reported estimated nuclei,,https://www.encodeproject.org/experiments/ENCSR975IXL/,https://www.encodeproject.org/files/ENCFF109KEO/@@download/ENCFF109KEO.fastq.gz; https://www.encodeproject.org/files/ENCFF041PHI/@@download/ENCFF041PHI.fastq.gz; https://www.encodeproject.org/files/ENCFF562XOZ/@@download/ENCFF562XOZ.fastq.gz; https://www.encodeproject.org/files/ENCFF779QVT/@@download/ENCFF779QVT.fastq.gz; https://www.encodeproject.org/files/ENCFF402PQL/@@download/ENCFF402PQL.fastq.gz; https://www.encodeproject.org/files/ENCFF495SZZ/@@download/ENCFF495SZZ.fastq.gz; https://www.encodeproject.org/files/ENCFF187NXK/@@download/ENCFF187NXK.fastq.gz; https://www.encodeproject.org/files/ENCFF929NWF/@@download/ENCFF929NWF.fastq.gz; https://www.encodeproject.org/files/ENCFF004YJN/@@download/ENCFF004YJN.fastq.gz; https://www.encodeproject.org/files/ENCFF792KCT/@@download/ENCFF792KCT.fastq.gz,direct released FASTQ assets supplied,https://www.encodeproject.org/files/ENCFF433WAK/@@download/ENCFF433WAK.fastq.gz; https://www.encodeproject.org/files/ENCFF106MEL/@@download/ENCFF106MEL.fastq.gz; https://www.encodeproject.org/files/ENCFF697DTB/@@download/ENCFF697DTB.bam; https://www.encodeproject.org/files/ENCFF531RGO/@@download/ENCFF531RGO.bam; https://www.encodeproject.org/files/ENCFF692LKU/@@download/ENCFF692LKU.tar.gz; https://www.encodeproject.org/files/ENCFF583HOW/@@download/ENCFF583HOW.bam; https://www.encodeproject.org/files/ENCFF082QMT/@@download/ENCFF082QMT.tar.gz; https://www.encodeproject.org/files/ENCFF873ZPA/@@download/ENCFF873ZPA.tar.gz; https://www.encodeproject.org/files/ENCFF259IBE/@@download/ENCFF259IBE.tar.gz; https://www.encodeproject.org/files/ENCFF666HJO/@@download/ENCFF666HJO.tar.gz; https://www.encodeproject.org/files/ENCFF821EYU/@@download/ENCFF821EYU.tar.gz,,BAM; FASTQ; GZ; fragment,false,false,true,false,47577286955,exact sum of released ENCODE read and index-read FASTQs,121040169755,exact sum of other released ENCODE component assets,168617456710,public,2026-08-01
ENCODE,ENCSR980AFI,,ENCODE released multiomics series,Homo sapiens fallopian tube tissue nuclear fraction female adult (46 years),fallopian tube,Homo sapiens,single-cell RNA sequencing assay; single-nucleus ATAC-seq,true,16948,16948,16948,16948,provider-reported estimated nuclei,,https://www.encodeproject.org/experiments/ENCSR980AFI/,https://www.encodeproject.org/files/ENCFF452UNP/@@download/ENCFF452UNP.fastq.gz; https://www.encodeproject.org/files/ENCFF093LLN/@@download/ENCFF093LLN.fastq.gz; https://www.encodeproject.org/files/ENCFF058AWC/@@download/ENCFF058AWC.fastq.gz; https://www.encodeproject.org/files/ENCFF716FDM/@@download/ENCFF716FDM.fastq.gz; https://www.encodeproject.org/files/ENCFF162FGK/@@download/ENCFF162FGK.fastq.gz; https://www.encodeproject.org/files/ENCFF497OOJ/@@download/ENCFF497OOJ.fastq.gz; https://www.encodeproject.org/files/ENCFF996EAO/@@download/ENCFF996EAO.fastq.gz; https://www.encodeproject.org/files/ENCFF039KCP/@@download/ENCFF039KCP.fastq.gz; https://www.encodeproject.org/files/ENCFF262ZBZ/@@download/ENCFF262ZBZ.fastq.gz; https://www.encodeproject.org/files/ENCFF943ZQR/@@download/ENCFF943ZQR.fastq.gz,direct released FASTQ assets supplied,https://www.encodeproject.org/files/ENCFF301GWW/@@download/ENCFF301GWW.fastq.gz; https://www.encodeproject.org/files/ENCFF081MAB/@@download/ENCFF081MAB.fastq.gz; https://www.encodeproject.org/files/ENCFF997EEM/@@download/ENCFF997EEM.bam; https://www.encodeproject.org/files/ENCFF609XPZ/@@download/ENCFF609XPZ.bam; https://www.encodeproject.org/files/ENCFF934GRV/@@download/ENCFF934GRV.tar.gz; https://www.encodeproject.org/files/ENCFF571IJM/@@download/ENCFF571IJM.tar.gz; https://www.encodeproject.org/files/ENCFF153SOR/@@download/ENCFF153SOR.tar.gz; https://www.encodeproject.org/files/ENCFF838PDL/@@download/ENCFF838PDL.tar.gz; https://www.encodeproject.org/files/ENCFF263OWF/@@download/ENCFF263OWF.bam; https://www.encodeproject.org/files/ENCFF823ZKS/@@download/ENCFF823ZKS.tar.gz; https://www.encodeproject.org/files/ENCFF854EZG/@@download/ENCFF854EZG.tar.gz,,BAM; FASTQ; GZ; fragment,false,false,true,false,44240335833,exact sum of released ENCODE read and index-read FASTQs,96129666514,exact sum of other released ENCODE component assets,140370002347,public,2026-08-01
ENCODE,ENCSR983ILQ,,ENCODE released multiomics series,Homo sapiens heart left ventricle tissue nuclear fraction female adult (25 years),heart left ventricle,Homo sapiens,single-cell RNA sequencing assay; single-nucleus ATAC-seq,true,13991,13991,13991,13991,provider-reported estimated nuclei,,https://www.encodeproject.org/experiments/ENCSR983ILQ/,https://www.encodeproject.org/files/ENCFF266PKH/@@download/ENCFF266PKH.fastq.gz; https://www.encodeproject.org/files/ENCFF417UTJ/@@download/ENCFF417UTJ.fastq.gz; https://www.encodeproject.org/files/ENCFF644USP/@@download/ENCFF644USP.fastq.gz; https://www.encodeproject.org/files/ENCFF162VXA/@@download/ENCFF162VXA.fastq.gz; https://www.encodeproject.org/files/ENCFF781DWX/@@download/ENCFF781DWX.fastq.gz; https://www.encodeproject.org/files/ENCFF157UGY/@@download/ENCFF157UGY.fastq.gz; https://www.encodeproject.org/files/ENCFF209WID/@@download/ENCFF209WID.fastq.gz; https://www.encodeproject.org/files/ENCFF019XJJ/@@download/ENCFF019XJJ.fastq.gz; https://www.encodeproject.org/files/ENCFF778VLK/@@download/ENCFF778VLK.fastq.gz; https://www.encodeproject.org/files/ENCFF939BVC/@@download/ENCFF939BVC.fastq.gz,direct released FASTQ assets supplied,https://www.encodeproject.org/files/ENCFF931APG/@@download/ENCFF931APG.fastq.gz; https://www.encodeproject.org/files/ENCFF553NQE/@@download/ENCFF553NQE.fastq.gz; https://www.encodeproject.org/files/ENCFF484JYO/@@download/ENCFF484JYO.bam; https://www.encodeproject.org/files/ENCFF310MWO/@@download/ENCFF310MWO.bam; https://www.encodeproject.org/files/ENCFF962ZWK/@@download/ENCFF962ZWK.tar.gz; https://www.encodeproject.org/files/ENCFF166AJK/@@download/ENCFF166AJK.bam; https://www.encodeproject.org/files/ENCFF664GLM/@@download/ENCFF664GLM.tar.gz; https://www.encodeproject.org/files/ENCFF323OMW/@@download/ENCFF323OMW.tar.gz; https://www.encodeproject.org/files/ENCFF507SLH/@@download/ENCFF507SLH.tar.gz; https://www.encodeproject.org/files/ENCFF628WZY/@@download/ENCFF628WZY.tar.gz; https://www.encodeproject.org/files/ENCFF058VOT/@@download/ENCFF058VOT.tar.gz,,BAM; FASTQ; GZ; fragment,false,false,true,false,59920583279,exact sum of released ENCODE read and index-read FASTQs,155367188604,exact sum of other released ENCODE component assets,215287771883,public,2026-08-01
ENCODE,ENCSR985SFZ,,ENCODE released multiomics series,Mus musculus strain B6CASTF1/J left cerebral cortex tissue nuclear fraction male postnatal (14 days),left cerebral cortex,Mus musculus,single-cell RNA sequencing assay; single-nucleus ATAC-seq,true,13480,13480,13480,13480,provider-reported estimated nuclei,,https://www.encodeproject.org/experiments/ENCSR985SFZ/,https://www.encodeproject.org/files/ENCFF520REU/@@download/ENCFF520REU.fastq.gz; https://www.encodeproject.org/files/ENCFF970ALV/@@download/ENCFF970ALV.fastq.gz; https://www.encodeproject.org/files/ENCFF678RUT/@@download/ENCFF678RUT.fastq.gz; https://www.encodeproject.org/files/ENCFF278NWZ/@@download/ENCFF278NWZ.fastq.gz; https://www.encodeproject.org/files/ENCFF294GUU/@@download/ENCFF294GUU.fastq.gz; https://www.encodeproject.org/files/ENCFF084GRS/@@download/ENCFF084GRS.fastq.gz; https://www.encodeproject.org/files/ENCFF956LAF/@@download/ENCFF956LAF.fastq.gz; https://www.encodeproject.org/files/ENCFF666QXK/@@download/ENCFF666QXK.fastq.gz; https://www.encodeproject.org/files/ENCFF450BEM/@@download/ENCFF450BEM.fastq.gz; https://www.encodeproject.org/files/ENCFF622JVY/@@download/ENCFF622JVY.fastq.gz,direct released FASTQ assets supplied,https://www.encodeproject.org/files/ENCFF983FJW/@@download/ENCFF983FJW.fastq.gz; https://www.encodeproject.org/files/ENCFF867HNC/@@download/ENCFF867HNC.fastq.gz; https://www.encodeproject.org/files/ENCFF178UUI/@@download/ENCFF178UUI.bam; https://www.encodeproject.org/files/ENCFF028ZAT/@@download/ENCFF028ZAT.bam; https://www.encodeproject.org/files/ENCFF893PYY/@@download/ENCFF893PYY.tar.gz; https://www.encodeproject.org/files/ENCFF277LBV/@@download/ENCFF277LBV.bam; https://www.encodeproject.org/files/ENCFF401FBF/@@download/ENCFF401FBF.tar.gz; https://www.encodeproject.org/files/ENCFF059ROG/@@download/ENCFF059ROG.tar.gz; https://www.encodeproject.org/files/ENCFF366RQF/@@download/ENCFF366RQF.tar.gz; https://www.encodeproject.org/files/ENCFF541XGA/@@download/ENCFF541XGA.tar.gz; https://www.encodeproject.org/files/ENCFF749EEV/@@download/ENCFF749EEV.tar.gz,,BAM; FASTQ; GZ; fragment,false,false,true,false,26735932164,exact sum of released ENCODE read and index-read FASTQs,57242651791,exact sum of other released ENCODE component assets,83978583955,public,2026-08-01
ENCODE,ENCSR987VTJ,,ENCODE released multiomics series,Homo sapiens left ventricle myocardium superior tissue nuclear fraction male adult (60 years),left ventricle myocardium superior,Homo sapiens,single-cell RNA sequencing assay; single-nucleus ATAC-seq,true,13838,13838,13838,13838,provider-reported estimated nuclei,,https://www.encodeproject.org/experiments/ENCSR987VTJ/,https://www.encodeproject.org/files/ENCFF939HKF/@@download/ENCFF939HKF.fastq.gz; https://www.encodeproject.org/files/ENCFF010YQO/@@download/ENCFF010YQO.fastq.gz; https://www.encodeproject.org/files/ENCFF898RHR/@@download/ENCFF898RHR.fastq.gz; https://www.encodeproject.org/files/ENCFF605YPY/@@download/ENCFF605YPY.fastq.gz; https://www.encodeproject.org/files/ENCFF829AWS/@@download/ENCFF829AWS.fastq.gz; https://www.encodeproject.org/files/ENCFF220GTU/@@download/ENCFF220GTU.fastq.gz; https://www.encodeproject.org/files/ENCFF096UCV/@@download/ENCFF096UCV.fastq.gz; https://www.encodeproject.org/files/ENCFF431FHT/@@download/ENCFF431FHT.fastq.gz; https://www.encodeproject.org/files/ENCFF386VCQ/@@download/ENCFF386VCQ.fastq.gz; https://www.encodeproject.org/files/ENCFF664EJP/@@download/ENCFF664EJP.fastq.gz,direct released FASTQ assets supplied,https://www.encodeproject.org/files/ENCFF271DNL/@@download/ENCFF271DNL.fastq.gz; https://www.encodeproject.org/files/ENCFF498EUR/@@download/ENCFF498EUR.fastq.gz; https://www.encodeproject.org/files/ENCFF500RIU/@@download/ENCFF500RIU.bam; https://www.encodeproject.org/files/ENCFF769EBD/@@download/ENCFF769EBD.bam; https://www.encodeproject.org/files/ENCFF268OIN/@@download/ENCFF268OIN.tar.gz; https://www.encodeproject.org/files/ENCFF869OJO/@@download/ENCFF869OJO.tar.gz; https://www.encodeproject.org/files/ENCFF227VPX/@@download/ENCFF227VPX.tar.gz; https://www.encodeproject.org/files/ENCFF918XKH/@@download/ENCFF918XKH.bam; https://www.encodeproject.org/files/ENCFF618DEA/@@download/ENCFF618DEA.tar.gz; https://www.encodeproject.org/files/ENCFF466JUV/@@download/ENCFF466JUV.tar.gz; https://www.encodeproject.org/files/ENCFF112GGG/@@download/ENCFF112GGG.tar.gz,,BAM; FASTQ; GZ; fragment,false,false,true,false,51367094140,exact sum of released ENCODE read and index-read FASTQs,108347455460,exact sum of other released ENCODE component assets,159714549600,public,2026-08-01
